track,geometry,system,target,split,signal,deployable,input_dim,quota,k,eta,eta_lo,eta_hi,minus_random,minus_random_lo,minus_random_hi,p_le_random,tie_frac,responsive_frac,boot_dropped,n_units,n_frames,width_mult,gflops,trt_vs_torch_spearman
nuScenes,oracle,brake,J,test,R1_mlp_reg,True,225,0.1,96,-0.0235345453550875,-0.4354604166757168,0.2754078409626524,-0.0440293949210102,-0.3104859101802647,0.2165641481387459,0.6555891238670695,0.0104166666666666,0.0833333333333333,7,24,955,,,
nuScenes,oracle,brake,J,test,R1_mlp_reg,True,225,0.2,191,0.1858017983283184,-0.7373439484278964,0.5554310264331936,0.0390864979750759,-0.4938055759339597,0.4104848948285193,0.3665659617321248,0.0052356020942408,0.0890052356020942,7,24,955,,,
nuScenes,oracle,brake,J,test,R1_mlp_reg,True,225,0.3,286,0.2946226536628813,-0.604455315610556,0.7054577768370679,0.1802206897224808,-0.2774707421510783,0.5099938531999397,0.1540785498489426,0.0034965034965034,0.0839160839160839,7,24,955,,,
nuScenes,oracle,brake,J,test,R1_mlp_reg,True,225,0.5,478,0.515715759019793,-0.3391646072183049,0.9138145990935308,0.3129259166302618,0.00207980188976,0.6533407973346947,0.0241691842900302,0.002092050209205,0.0711297071129707,7,24,955,,,
nuScenes,oracle,brake,J,test,R1_mlp_clf,True,225,0.1,96,0.0355944447647648,-0.3913836290498119,0.3130093458810071,-0.0197724770527382,-0.2960935098105817,0.2409386418067425,0.5669687814702921,0.0104166666666666,0.1041666666666666,7,24,955,,,
nuScenes,oracle,brake,J,test,R1_mlp_clf,True,225,0.2,191,0.1307245185575185,-0.3449405558701156,0.3753057594462498,0.0407606157775306,-0.1907751316978355,0.2522570834061341,0.3524672708962739,0.2408376963350785,0.0714077952297847,7,24,955,,,
nuScenes,oracle,brake,J,test,R1_mlp_clf,True,225,0.3,286,0.1485476270214805,-0.3970591399679762,0.4684361433629023,0.0491545846855515,-0.2595825110494328,0.3277797780780089,0.3494461228600201,0.493006993006993,0.0523018648018648,7,24,955,,,
nuScenes,oracle,brake,J,test,R1_mlp_clf,True,225,0.5,478,0.1459487238486147,-0.870327891638225,0.6631420904181898,-0.0562912862856698,-0.4800991238330228,0.3644568797828544,0.594159113796576,0.002092050209205,0.0543933054393305,7,24,955,,,
nuScenes,oracle,brake,J,test,R1_gbm_reg,True,225,0.1,96,0.0479550679796643,-0.4797986075043552,0.2894021747859747,-0.0120789836239433,-0.3459058059988935,0.2152844742823619,0.4874118831822759,0.0104166666666666,0.1145833333333333,7,24,955,,,
nuScenes,oracle,brake,J,test,R1_gbm_reg,True,225,0.2,191,0.3172292994875387,-0.3057432951659427,0.6945746484527434,0.2091553313379875,-0.1733215724890664,0.5928479282229855,0.1863041289023162,0.0052356020942408,0.1047120418848167,7,24,955,,,
nuScenes,oracle,brake,J,test,R1_gbm_reg,True,225,0.3,286,0.54025151318763,-0.1019212669996958,0.8291796359516708,0.3420998657233615,-0.0053058388182322,0.6819595547543581,0.026183282980866,0.0034965034965034,0.1153846153846153,7,24,955,,,
nuScenes,oracle,brake,J,test,R1_gbm_reg,True,225,0.5,478,0.5012937390788932,-0.4049100079648777,0.8655973379125662,0.286021586482433,0.015142969973107,0.5342993361203885,0.0191339375629405,0.1903765690376569,0.086307892079065,7,24,955,,,
nuScenes,oracle,brake,J,test,R1_gbm_clf,True,225,0.1,96,-0.0545517502548487,-0.3554335196687757,0.3433514415059763,-0.0656518972899994,-0.2302783343612639,0.2786796652043391,0.8590130916414904,0.0104166666666666,0.1145833333333333,7,24,955,,,
nuScenes,oracle,brake,J,test,R1_gbm_clf,True,225,0.2,191,0.3548343732974233,-0.2185710323340783,0.7447259158695331,0.2556244633894529,-0.1210197496349572,0.6433627470448822,0.1339375629405841,0.0052356020942408,0.1256544502617801,7,24,955,,,
nuScenes,oracle,brake,J,test,R1_gbm_clf,True,225,0.3,286,0.4279501311472544,-0.4080221131676176,0.8509345165543406,0.2782472958738732,-0.1994508310484934,0.66049595517593,0.1047331319234642,0.0034965034965034,0.1048951048951049,7,24,955,,,
nuScenes,oracle,brake,J,test,R1_gbm_clf,True,225,0.5,478,0.3218782482830035,-1.1280367707754289,0.9350054329014378,0.112731176617001,-0.5942398599227645,0.5953709920065338,0.3061430010070493,0.0481171548117154,0.0948105532310553,7,24,955,,,
nuScenes,oracle,plan_ade,JC_ade,test,R1_mlp_reg,True,225,0.1,75,0.0468203378781522,-0.0467454904106416,0.1702429042353623,0.0518290935908887,-0.0418416517082705,0.1759713066831072,0.1591591591591591,0.0133333333333333,0.5733333333333334,1,24,752,,,
nuScenes,oracle,plan_ade,JC_ade,test,R1_mlp_reg,True,225,0.2,150,-0.0603419095003562,-0.2631360389513981,0.1122960604125936,-0.0517630935510956,-0.2328319080853079,0.1139970150898584,0.7257257257257257,0.0066666666666666,0.5333333333333333,1,24,752,,,
nuScenes,oracle,plan_ade,JC_ade,test,R1_mlp_reg,True,225,0.3,226,-0.0464694830758953,-0.3202533040298848,0.167198458468446,-0.0586645328511649,-0.2629206355743454,0.1508477126624112,0.7247247247247247,0.0044247787610619,0.4867256637168141,1,24,752,,,
nuScenes,oracle,plan_ade,JC_ade,test,R1_mlp_reg,True,225,0.5,376,0.1468691332098433,-0.1536484653174836,0.367419072408782,0.100825406135432,-0.0692732650073209,0.3100284380240778,0.1391391391391391,0.0478723404255319,0.4080851063829787,1,24,752,,,
nuScenes,oracle,plan_ade,JC_ade,test,R1_mlp_clf,True,225,0.1,75,-0.0503383506830626,-0.2327776648037362,0.0729168947730754,-0.0475927406020181,-0.213124045113886,0.0744663699766186,0.7307307307307307,0.0133333333333333,0.6,1,24,752,,,
nuScenes,oracle,plan_ade,JC_ade,test,R1_mlp_clf,True,225,0.2,150,0.0463856602885427,-0.2427201028078641,0.1752019321268251,-0.0008146000934329,-0.1975354836297448,0.1673869625078578,0.4834834834834834,0.0066666666666666,0.5666666666666667,1,24,752,,,
nuScenes,oracle,plan_ade,JC_ade,test,R1_mlp_clf,True,225,0.3,226,0.0409529666936838,-0.2289626424115594,0.2072430957012714,0.0066589098668043,-0.1746841399002459,0.1810605892139225,0.4494494494494494,0.0044247787610619,0.5353982300884956,1,24,752,,,
nuScenes,oracle,plan_ade,JC_ade,test,R1_mlp_clf,True,225,0.5,376,0.0343596119971833,-0.3117245114045683,0.2344822860612311,-0.0100803659956976,-0.1666148543314546,0.1602994258317965,0.5585585585585585,0.077127659574468,0.4370212765957447,1,24,752,,,
nuScenes,oracle,plan_ade,JC_ade,test,R1_gbm_reg,True,225,0.1,75,-0.1143339614131503,-0.2630714470823728,0.0525857033255194,-0.0861518848796299,-0.2374841494008555,0.0633363822131009,0.8418418418418419,0.0133333333333333,0.56,1,24,752,,,
nuScenes,oracle,plan_ade,JC_ade,test,R1_gbm_reg,True,225,0.2,150,-0.1098777246701509,-0.3202726829569113,0.0430115236612463,-0.1304606023925182,-0.2664658521842434,0.0190084019568856,0.955955955955956,0.0066666666666666,0.48,1,24,752,,,
nuScenes,oracle,plan_ade,JC_ade,test,R1_gbm_reg,True,225,0.3,226,-0.1252196608219153,-0.3613475332356419,0.0709825193435996,-0.1417452011551899,-0.2817488320901569,0.0157582641822305,0.9629629629629628,0.0044247787610619,0.4601769911504424,1,24,752,,,
nuScenes,oracle,plan_ade,JC_ade,test,R1_gbm_reg,True,225,0.5,376,-0.0195796421286922,-0.4101115279860277,0.1064511767036576,-0.1399072451433882,-0.3053803880269235,0.0556389767705212,0.928928928928929,0.0026595744680851,0.425531914893617,1,24,752,,,
nuScenes,oracle,plan_ade,JC_ade,test,R1_gbm_clf,True,225,0.1,75,-0.0201505821339522,-0.1311904382948012,0.0909306623282981,-0.0340040941417839,-0.1385514317709757,0.0910522125467438,0.7557557557557557,0.0133333333333333,0.64,1,24,752,,,
nuScenes,oracle,plan_ade,JC_ade,test,R1_gbm_clf,True,225,0.2,150,-0.0638200745737196,-0.2695599572259486,0.0820691218943711,-0.0651512848119056,-0.1929407036980557,0.0501657542534441,0.8598598598598599,0.0066666666666666,0.6266666666666667,1,24,752,,,
nuScenes,oracle,plan_ade,JC_ade,test,R1_gbm_clf,True,225,0.3,226,-0.0503743174730848,-0.3382896817854205,0.1357148580943667,-0.0826472771994844,-0.2446043370229203,0.0965207645068699,0.8738738738738738,0.0044247787610619,0.5929203539823009,1,24,752,,,
nuScenes,oracle,plan_ade,JC_ade,test,R1_gbm_clf,True,225,0.5,376,-0.029236786140526,-0.534071237300952,0.2743894451837004,-0.0825067652114346,-0.3455765127750332,0.1352796847752619,0.7507507507507507,0.0026595744680851,0.5691489361702128,1,24,752,,,
nuScenes,oracle,plan_fde,JC_fde,test,R1_mlp_reg,True,225,0.1,75,0.0862880243654895,-0.0057438732608237,0.235278024403721,0.0742354574576556,-0.0262810507349214,0.2283181445970187,0.1011011011011011,0.0133333333333333,0.2533333333333333,1,24,752,,,
nuScenes,oracle,plan_fde,JC_fde,test,R1_mlp_reg,True,225,0.2,150,0.1070524916370483,-0.0635167971863111,0.3112780715502356,0.0750596362750938,-0.0753598127377104,0.2731074186865577,0.1931931931931932,0.0066666666666666,0.2333333333333333,1,24,752,,,
nuScenes,oracle,plan_fde,JC_fde,test,R1_mlp_reg,True,225,0.3,226,0.1871300270769394,-0.0053670200635883,0.3327357902090687,0.1030596712015816,-0.0930970820531902,0.2889704075854003,0.1201201201201201,0.1814159292035398,0.182433628318584,1,24,752,,,
nuScenes,oracle,plan_fde,JC_fde,test,R1_mlp_reg,True,225,0.5,376,0.1711735166882013,-0.0695724616333846,0.3075957090833029,0.0194437715166264,-0.2193222679329372,0.2802276372762244,0.4514514514514514,0.0026595744680851,0.1409574468085106,1,24,752,,,
nuScenes,oracle,plan_fde,JC_fde,test,R1_mlp_clf,True,225,0.1,75,0.2048933102679526,0.0194251818154231,0.4346585706588936,0.1815745528695102,0.0094277977735772,0.3894258013077181,0.02002002002002,0.0133333333333333,0.2133333333333333,1,24,752,,,
nuScenes,oracle,plan_fde,JC_fde,test,R1_mlp_clf,True,225,0.2,150,0.1818659111009273,-0.0591650846099793,0.4219919255330829,0.1279828209600281,-0.0678673299147654,0.3297641176659436,0.091091091091091,0.0066666666666666,0.16,1,24,752,,,
nuScenes,oracle,plan_fde,JC_fde,test,R1_mlp_clf,True,225,0.3,226,0.1298322458811265,-0.1386325174645542,0.392733930320678,0.0496807471014641,-0.1457345593571289,0.2703170667399496,0.3073073073073073,0.1725663716814159,0.129070796460177,1,24,752,,,
nuScenes,oracle,plan_fde,JC_fde,test,R1_mlp_clf,True,225,0.5,376,0.18183942136706,-0.175319018340162,0.386952470105628,0.0266221194261814,-0.2446089116296882,0.2621930164303148,0.4044044044044044,0.0026595744680851,0.1037234042553191,1,24,752,,,
nuScenes,oracle,plan_fde,JC_fde,test,R1_gbm_reg,True,225,0.1,75,0.0702959837474889,-0.0199004775721433,0.1900558210962966,0.0478315568928541,-0.0654742577171676,0.1949390732216543,0.2182182182182182,0.0133333333333333,0.24,1,24,752,,,
nuScenes,oracle,plan_fde,JC_fde,test,R1_gbm_reg,True,225,0.2,150,-0.0493920030747322,-0.2777179209196512,0.1872896514903969,-0.0694494500071179,-0.2573212074983882,0.1458570271084351,0.7897897897897898,0.0066666666666666,0.18,1,24,752,,,
nuScenes,oracle,plan_fde,JC_fde,test,R1_gbm_reg,True,225,0.3,226,-0.0120002926723403,-0.2299383089084831,0.2925117324652518,-0.0598115351250007,-0.2375235811127026,0.2084673496526333,0.7327327327327328,0.0044247787610619,0.1814159292035398,1,24,752,,,
nuScenes,oracle,plan_fde,JC_fde,test,R1_gbm_reg,True,225,0.5,376,0.3093768889805645,-0.1558415315293818,0.6096210624602892,0.1289070584205217,-0.1492833129168943,0.4302723217715616,0.1671671671671671,0.0026595744680851,0.1781914893617021,1,24,752,,,
nuScenes,oracle,plan_fde,JC_fde,test,R1_gbm_clf,True,225,0.1,75,0.1061086304181376,-0.0256532663732007,0.1732656866402562,0.052271272731339,-0.0686117702263489,0.1728446941990009,0.1911911911911911,0.0133333333333333,0.2666666666666666,1,24,752,,,
nuScenes,oracle,plan_fde,JC_fde,test,R1_gbm_clf,True,225,0.2,150,0.2023261382048387,-0.0312101803291377,0.4110098292672413,0.1271170771321553,-0.1026441237808097,0.3523170219488382,0.1581581581581581,0.0066666666666666,0.26,1,24,752,,,
nuScenes,oracle,plan_fde,JC_fde,test,R1_gbm_clf,True,225,0.3,226,0.2141712097024744,0.0064763740911753,0.3710944640268295,0.1106074539282026,-0.092853262049017,0.3141739555518028,0.1441441441441441,0.0044247787610619,0.2345132743362832,1,24,752,,,
nuScenes,oracle,plan_fde,JC_fde,test,R1_gbm_clf,True,225,0.5,376,0.1750484299121583,-0.1694428494478988,0.5386309725963601,0.1015434885094971,-0.1863957077435593,0.4016191142489127,0.2502502502502503,0.0026595744680851,0.2101063829787234,1,24,752,,,
nuScenes,mono,brake,J,test,R1_mlp_reg,True,225,0.1,96,0.0769077320160596,-0.1637662142335262,0.2979322852718125,0.0458038456263484,-0.1245810150191253,0.2873914185348537,0.3617234468937875,0.0104166666666666,0.1666666666666666,2,24,955,,,
nuScenes,mono,brake,J,test,R1_mlp_reg,True,225,0.2,191,0.0805396730425995,-0.1741339359008313,0.3524326859612792,0.0168676072828536,-0.1797626699328132,0.3496619924628381,0.5350701402805611,0.0052356020942408,0.1727748691099476,2,24,955,,,
nuScenes,mono,brake,J,test,R1_mlp_reg,True,225,0.3,286,0.0837738596889779,-0.3337314531533418,0.3262686674847969,-0.0096889788787584,-0.2239134327098464,0.2543290617379905,0.561122244488978,0.0034965034965034,0.1853146853146853,2,24,955,,,
nuScenes,mono,brake,J,test,R1_mlp_reg,True,225,0.5,478,0.0971872468251705,-0.4706710948711695,0.3591652156227858,-0.0650110499561189,-0.254581111067107,0.1974911634483551,0.749498997995992,0.0983263598326359,0.1457171083217108,2,24,955,,,
nuScenes,mono,brake,J,test,R1_mlp_clf,True,225,0.1,96,0.123288137717923,-0.0599844325082842,0.253484875332635,0.0921005296664686,-0.0609963404722004,0.2442601676534285,0.0931863727454909,0.0104166666666666,0.2395833333333333,2,24,955,,,
nuScenes,mono,brake,J,test,R1_mlp_clf,True,225,0.2,191,0.2574750045515264,-0.0601056359699671,0.3786698838527842,0.1580785860996338,-0.0599074662634827,0.3520923889855226,0.0721442885771543,0.0052356020942408,0.193717277486911,2,24,955,,,
nuScenes,mono,brake,J,test,R1_mlp_clf,True,225,0.3,286,0.156064249333781,-0.3717765616138617,0.3993287655299858,0.0442905916274437,-0.2565047395767372,0.299046182061917,0.3026052104208417,0.0034965034965034,0.1923076923076923,2,24,955,,,
nuScenes,mono,brake,J,test,R1_mlp_clf,True,225,0.5,478,0.1411587807289499,-0.6501524434526433,0.4406103840043543,-0.046363530126691,-0.3162917767226066,0.173920462253663,0.655310621242485,0.1234309623430962,0.1481578335657833,2,24,955,,,
nuScenes,mono,brake,J,test,R1_gbm_reg,True,225,0.1,96,0.042675010502606,-0.1831659857688596,0.2718326619060599,0.0270868040950407,-0.1377950521084775,0.2380355059120945,0.4008016032064128,0.0208333333333333,0.203125,2,24,955,,,
nuScenes,mono,brake,J,test,R1_gbm_reg,True,225,0.2,191,0.2705794578062933,-0.0712363421253267,0.4153122925310361,0.1835507335799755,-0.0022005074853957,0.332005465656309,0.0270541082164328,0.0680628272251308,0.1708756801149779,2,24,955,,,
nuScenes,mono,brake,J,test,R1_gbm_reg,True,225,0.3,286,0.2720147430549996,-0.0396644892461779,0.4895628895996446,0.193280727347075,0.010179824000023,0.4070856861380613,0.0220440881763527,0.0069930069930069,0.1293706293706293,2,24,955,,,
nuScenes,mono,brake,J,test,R1_gbm_reg,True,225,0.5,478,0.564675540699516,-0.0016423942231406,0.804507423364118,0.3410998593321412,0.0697414958594066,0.617610660301793,0.0110220440881763,0.002092050209205,0.1589958158995816,2,24,955,,,
nuScenes,mono,brake,J,test,R1_gbm_clf,True,225,0.1,96,0.1887785469886196,-0.3069937810910865,0.4363229884683808,0.1207696848405245,-0.246742278847234,0.3746880960389595,0.2054108216432865,0.0104166666666666,0.3020833333333333,2,24,955,,,
nuScenes,mono,brake,J,test,R1_gbm_clf,True,225,0.2,191,0.2525642163507779,-0.2229810288234369,0.4905383600439794,0.164382786665435,-0.1106779446495102,0.4060957269271802,0.1072144288577154,0.0052356020942408,0.2303664921465968,2,24,955,,,
nuScenes,mono,brake,J,test,R1_gbm_clf,True,225,0.3,286,0.254758721949728,-0.2122682923176409,0.7279828355802827,0.2124970753853083,-0.1061278048125013,0.5764578592545527,0.1082164328657314,0.0034965034965034,0.1853146853146853,2,24,955,,,
nuScenes,mono,brake,J,test,R1_gbm_clf,True,225,0.5,478,0.4968983187920999,-0.111180861058712,0.7576060870978121,0.2888981402515561,-0.0210211829160371,0.5496690925209533,0.0290581162324649,0.002092050209205,0.1694560669456067,2,24,955,,,
nuScenes,mono,plan_ade,JC_ade,test,R1_mlp_reg,True,225,0.1,75,0.1121206939863633,-0.1494220305193554,0.2638707239282916,0.0281436923277902,-0.166732443297126,0.1977151511119516,0.3703703703703703,0.0133333333333333,0.7066666666666667,1,24,752,,,
nuScenes,mono,plan_ade,JC_ade,test,R1_mlp_reg,True,225,0.2,150,0.1363699747671679,-0.1784166013496808,0.3662228206287922,0.0410686875703166,-0.177946447922501,0.256391853767674,0.3443443443443443,0.0066666666666666,0.6933333333333334,1,24,752,,,
nuScenes,mono,plan_ade,JC_ade,test,R1_mlp_reg,True,225,0.3,226,0.2507464097586273,-0.2520859974715953,0.4766697867076675,0.064367600977154,-0.2265231516561716,0.2700068017917678,0.2872872872872873,0.0044247787610619,0.6858407079646017,1,24,752,,,
nuScenes,mono,plan_ade,JC_ade,test,R1_mlp_reg,True,225,0.5,376,0.2656973273251882,-0.2788236882564456,0.5293537328513324,0.0109789983828345,-0.2452169820292208,0.1930200887777348,0.4144144144144144,0.202127659574468,0.5301063829787234,1,24,752,,,
nuScenes,mono,plan_ade,JC_ade,test,R1_mlp_clf,True,225,0.1,75,0.0692941867045129,-0.1092866141924524,0.2383211703189474,0.0143376853047709,-0.1285996604287712,0.198642934509821,0.4564564564564564,0.0133333333333333,0.6933333333333334,1,24,752,,,
nuScenes,mono,plan_ade,JC_ade,test,R1_mlp_clf,True,225,0.2,150,0.135040248906636,0.0087315885098461,0.2687751645039837,0.0661542870211744,-0.0404126559207728,0.2211998284030024,0.1501501501501501,0.0066666666666666,0.6666666666666666,1,24,752,,,
nuScenes,mono,plan_ade,JC_ade,test,R1_mlp_clf,True,225,0.3,226,0.2447608937460672,0.020788214725917,0.3743633973864256,0.1145766722744329,-0.0115468983366462,0.2367813892469846,0.036036036036036,0.0044247787610619,0.6548672566371682,1,24,752,,,
nuScenes,mono,plan_ade,JC_ade,test,R1_mlp_clf,True,225,0.5,376,0.3988177829968545,0.0099385374109517,0.5625265590084874,0.1609300910802251,0.0038029927655779,0.2485035342003913,0.023023023023023,0.0638297872340425,0.6161702127659575,1,24,752,,,
nuScenes,mono,plan_ade,JC_ade,test,R1_gbm_reg,True,225,0.1,75,0.0842370533658575,-0.211461111814477,0.2207945252460613,0.0142694857144438,-0.2101767680951985,0.1501587659142761,0.3683683683683684,0.0133333333333333,0.6666666666666666,1,24,752,,,
nuScenes,mono,plan_ade,JC_ade,test,R1_gbm_reg,True,225,0.2,150,0.1370489784501209,-0.1942261229060697,0.2767830166969888,0.0187966270627081,-0.1992386585066055,0.1579611543337515,0.3583583583583583,0.0066666666666666,0.6866666666666666,1,24,752,,,
nuScenes,mono,plan_ade,JC_ade,test,R1_gbm_reg,True,225,0.3,226,0.1502342168695203,-0.2368544452943974,0.3398571361952115,-0.0158891188256205,-0.2074723651537761,0.1393743270962749,0.4824824824824825,0.0044247787610619,0.6504424778761062,1,24,752,,,
nuScenes,mono,plan_ade,JC_ade,test,R1_gbm_reg,True,225,0.5,376,0.2407891122114879,-0.1936243532819959,0.4503227738917934,-0.0040847002538197,-0.1808823883941949,0.1141822488619862,0.4364364364364364,0.1994680851063829,0.5378989361702128,1,24,752,,,
nuScenes,mono,plan_ade,JC_ade,test,R1_gbm_clf,True,225,0.1,75,0.0196881309251611,-0.1257625462646186,0.1085986878988008,-0.036204058199894,-0.1293109213019639,0.0562376507668559,0.7807807807807807,0.0133333333333333,0.8266666666666667,1,24,752,,,
nuScenes,mono,plan_ade,JC_ade,test,R1_gbm_clf,True,225,0.2,150,0.1206465088837554,-0.0605924248303464,0.1914172865089033,0.0022451122171582,-0.0786957865216223,0.0930699438807651,0.4744744744744745,0.0066666666666666,0.7266666666666667,1,24,752,,,
nuScenes,mono,plan_ade,JC_ade,test,R1_gbm_clf,True,225,0.3,226,0.1518050974179413,-0.1249512507621976,0.3186967875651348,0.0093998735415154,-0.1239241439824195,0.1467675526479164,0.4164164164164164,0.0044247787610619,0.7300884955752213,1,24,752,,,
nuScenes,mono,plan_ade,JC_ade,test,R1_gbm_clf,True,225,0.5,376,0.2779365018496663,-0.2427435750399383,0.5493008830935036,0.0037067726153535,-0.2272623480682414,0.2242636364490072,0.4264264264264264,0.0026595744680851,0.7101063829787234,1,24,752,,,
nuScenes,mono,plan_fde,JC_fde,test,R1_mlp_reg,True,225,0.1,75,0.1704258455598911,-0.0099305214187318,0.2753235314010762,0.1135298420847353,-0.0232298452392457,0.2260417162840858,0.049049049049049,0.0133333333333333,0.3733333333333333,1,24,752,,,
nuScenes,mono,plan_fde,JC_fde,test,R1_mlp_reg,True,225,0.2,150,0.1655014936844393,-0.1598379174626703,0.3688383743543431,0.0992600186584073,-0.1132714625872861,0.2527700636906523,0.1501501501501501,0.0066666666666666,0.3466666666666667,1,24,752,,,
nuScenes,mono,plan_fde,JC_fde,test,R1_mlp_reg,True,225,0.3,226,0.1234065603526546,-0.3126645004189505,0.3655369880583345,0.0145510462592124,-0.2225296716812182,0.1840106515205446,0.4034034034034034,0.0044247787610619,0.3407079646017699,1,24,752,,,
nuScenes,mono,plan_fde,JC_fde,test,R1_mlp_reg,True,225,0.5,376,0.1276106821012397,-0.3252133824398601,0.3900066847471933,-0.0426144921042678,-0.2206255406095083,0.1190684067242302,0.7017017017017017,0.2579787234042553,0.2445212765957446,1,24,752,,,
nuScenes,mono,plan_fde,JC_fde,test,R1_mlp_clf,True,225,0.1,75,0.0672631436248764,-0.0452635409929409,0.152692371141036,0.036387405689602,-0.0514211151044453,0.1176386250499536,0.1941941941941942,0.0133333333333333,0.24,1,24,752,,,
nuScenes,mono,plan_fde,JC_fde,test,R1_mlp_clf,True,225,0.2,150,0.114216193101453,-0.0999800975277058,0.2696057301182249,0.0577431054903563,-0.0728832406667224,0.1622647471015519,0.1551551551551551,0.0066666666666666,0.26,1,24,752,,,
nuScenes,mono,plan_fde,JC_fde,test,R1_mlp_clf,True,225,0.3,226,0.1968122349700922,-0.1128639593252425,0.3745662386349948,0.0813883154793272,-0.0718043074117964,0.1936924872794443,0.1211211211211211,0.0707964601769911,0.2403539823008849,1,24,752,,,
nuScenes,mono,plan_fde,JC_fde,test,R1_mlp_clf,True,225,0.5,376,0.1173205575476513,-0.3110641602302965,0.4405374632378921,-0.014322440720071,-0.2355251993058275,0.2073491823067155,0.5635635635635635,0.0026595744680851,0.1941489361702127,1,24,752,,,
nuScenes,mono,plan_fde,JC_fde,test,R1_gbm_reg,True,225,0.1,75,0.0351617723598217,-0.2331027252154785,0.2109723137068188,0.0078386488788416,-0.2196138602248673,0.1675352381126662,0.4094094094094094,0.0133333333333333,0.3066666666666666,1,24,752,,,
nuScenes,mono,plan_fde,JC_fde,test,R1_gbm_reg,True,225,0.2,150,0.0342162235023149,-0.3528706861211997,0.2233943676321528,-0.0561874172863659,-0.315812845660657,0.1067676854867197,0.6446446446446447,0.0066666666666666,0.3133333333333333,1,24,752,,,
nuScenes,mono,plan_fde,JC_fde,test,R1_gbm_reg,True,225,0.3,226,0.0149358498731057,-0.4371033871965227,0.2856182686574478,-0.1022135387673285,-0.3815721081395432,0.0993655732570672,0.7717717717717718,0.0044247787610619,0.3141592920353982,1,24,752,,,
nuScenes,mono,plan_fde,JC_fde,test,R1_gbm_reg,True,225,0.5,376,0.1007228221921412,-0.3498952278860921,0.3605041765958044,-0.0795362844925676,-0.2656982212567363,0.0640284533309862,0.8248248248248248,0.125,0.2471808510638297,1,24,752,,,
nuScenes,mono,plan_fde,JC_fde,test,R1_gbm_clf,True,225,0.1,75,0.0150406823571358,-0.2906979297808141,0.224696916809597,-0.0418633949918491,-0.2811132501102151,0.1692942462831687,0.6256256256256256,0.0133333333333333,0.3866666666666666,1,24,752,,,
nuScenes,mono,plan_fde,JC_fde,test,R1_gbm_clf,True,225,0.2,150,0.0175430142221657,-0.474784492542887,0.3150553583648333,-0.0733353308541156,-0.4215177306768354,0.1960811971736853,0.6106106106106106,0.0066666666666666,0.34,1,24,752,,,
nuScenes,mono,plan_fde,JC_fde,test,R1_gbm_clf,True,225,0.3,226,0.0294619324109058,-0.5850389900017592,0.4249014448087109,-0.0946028802392116,-0.5030117276967939,0.2386554370903919,0.6326326326326326,0.0044247787610619,0.3185840707964602,1,24,752,,,
nuScenes,mono,plan_fde,JC_fde,test,R1_gbm_clf,True,225,0.5,376,0.1491524276433727,-0.5596323181198242,0.5756330604817272,-0.0490379782473392,-0.4415689990557846,0.2529598609894423,0.5575575575575575,0.0026595744680851,0.300531914893617,1,24,752,,,
KITTI,oracle,brake,J,test,R1_mlp_reg,True,225,0.1,354,0.096187468762235,-0.0190584736845267,0.2748427183836554,0.0442188526175699,-0.0514748543777502,0.2038084765361922,0.0763052208835341,0.8333333333333334,0.1802481673436989,4,6,3536,,,
KITTI,oracle,brake,J,test,R1_mlp_reg,True,225,0.2,707,0.2385842173630035,0.0243791260332359,0.4120655487245255,0.100225948513751,-0.0103984372809617,0.2609171901486374,0.0562248995983935,0.0014144271570014,0.2050919377652051,4,6,3536,,,
KITTI,oracle,brake,J,test,R1_mlp_reg,True,225,0.3,1061,0.4066784762106681,0.0354918921642242,0.5249555326434134,0.1563370865388372,-0.0374888077115695,0.2905637320796165,0.0552208835341365,0.000942507068803,0.238454288407163,4,6,3536,,,
KITTI,oracle,brake,J,test,R1_mlp_reg,True,225,0.5,1768,0.5078170811873821,-0.024264420541868,0.7154023962642522,0.1449979969034089,-0.1374719119565063,0.3013184534934392,0.1285140562248996,0.0005656108597285,0.2483031674208144,4,6,3536,,,
KITTI,oracle,brake,J,test,R1_mlp_clf,True,225,0.1,354,0.1754526445711225,0.0430723963774476,0.308491988140267,0.1053839929730814,0.0075846472463059,0.2086241959399576,0.0170682730923694,0.0028248587570621,0.3107344632768362,4,6,3536,,,
KITTI,oracle,brake,J,test,R1_mlp_clf,True,225,0.2,707,0.2944599313668216,0.042784391471951,0.4406445690351885,0.1535096099984217,-0.0042784146865214,0.2844522816663775,0.0271084337349397,0.3620933521923621,0.2630250037990812,4,6,3536,,,
KITTI,oracle,brake,J,test,R1_mlp_clf,True,225,0.3,1061,0.3938023647101328,0.0538851280553596,0.5631558402059739,0.180052353778514,-0.0193941122072755,0.3234053805063003,0.0301204819277108,0.000942507068803,0.2488218661639962,4,6,3536,,,
KITTI,oracle,brake,J,test,R1_mlp_clf,True,225,0.5,1768,0.5791711592161148,0.0423301736859894,0.7142525115216334,0.1903058257140023,-0.0771857193446079,0.3159665522033842,0.0843373493975903,0.0005656108597285,0.2658371040723982,4,6,3536,,,
KITTI,oracle,brake,J,test,R1_gbm_reg,True,225,0.1,354,0.1259484419261831,0.0359506190336674,0.3581912466071765,0.0861562036341044,-0.0017181611937127,0.2792901194317673,0.0271084337349397,0.6497175141242938,0.2044987626651725,4,6,3536,,,
KITTI,oracle,brake,J,test,R1_gbm_reg,True,225,0.2,707,0.2730397235270348,0.0520261803017818,0.489584838302936,0.1499547746187171,-0.0094980588348957,0.3415804455181593,0.0411646586345381,0.0014144271570014,0.2192362093352192,4,6,3536,,,
KITTI,oracle,brake,J,test,R1_gbm_reg,True,225,0.3,1061,0.4764025808848761,0.0639344439808667,0.5951841005347877,0.2133893057467824,-0.0319822613350817,0.3750990722709176,0.0491967871485943,0.000942507068803,0.2431668237511781,4,6,3536,,,
KITTI,oracle,brake,J,test,R1_gbm_reg,True,225,0.5,1768,0.5589809682409129,0.0323441342163751,0.7482177235081888,0.2028573218780933,-0.1004673730403489,0.3524848817947235,0.0933734939759036,0.0005656108597285,0.2607466063348416,4,6,3536,,,
KITTI,oracle,brake,J,test,R1_gbm_clf,True,225,0.1,354,0.2652614550795432,0.0763101520218764,0.4224980177556998,0.1840418778170572,0.0553515784983791,0.3438851108221597,0.0,0.0988700564971751,0.3196234299855255,4,6,3536,,,
KITTI,oracle,brake,J,test,R1_gbm_clf,True,225,0.2,707,0.3486827082780155,0.1487611013325413,0.5535719479902941,0.2338456726374626,0.1071741954779146,0.4055705058903563,0.0,0.5487977369165488,0.2477234736460659,4,6,3536,,,
KITTI,oracle,brake,J,test,R1_gbm_clf,True,225,0.3,1061,0.5116088147507714,0.1976122122595735,0.6731637959573054,0.2842098123489087,0.1253480272158587,0.4295245902973746,0.0,0.000942507068803,0.2657869934024505,4,6,3536,,,
KITTI,oracle,brake,J,test,R1_gbm_clf,True,225,0.5,1768,0.6265633450587214,0.1482516429093898,0.8053543319151059,0.266081386484651,0.0315548646383605,0.3941066556155161,0.0150602409638554,0.0005656108597285,0.2748868778280543,4,6,3536,,,
KITTI,oracle,traj,JB,test,R1_mlp_reg,True,225,0.1,354,0.2273446422502143,0.119086176502754,0.4466358361698143,0.1384395377294411,0.020227152996384,0.3471421681390926,0.0,0.423728813559322,0.0674814399775879,85,6,3536,,,
KITTI,oracle,traj,JB,test,R1_mlp_reg,True,225,0.2,707,0.4089410950023817,0.1620308407385924,0.7333546232345409,0.2203316403923952,-0.0373475536721531,0.5351744250011353,0.0295081967213114,0.0014144271570014,0.0565770862800565,85,6,3536,,,
KITTI,oracle,traj,JB,test,R1_mlp_reg,True,225,0.3,1061,0.5983482238539645,0.3552035875920625,0.8679281853799375,0.2877327009286755,0.0558796470899282,0.5691412833515446,0.0076502732240437,0.000942507068803,0.0669180018850141,85,6,3536,,,
KITTI,oracle,traj,JB,test,R1_mlp_reg,True,225,0.5,1768,0.7734958233604255,0.632254452635506,0.9504547600477556,0.280984410890354,0.134087574131373,0.4546231096545307,0.0,0.0005656108597285,0.0695701357466063,85,6,3536,,,
KITTI,oracle,traj,JB,test,R1_mlp_clf,True,225,0.1,354,0.3085056494744147,0.1680456829229741,0.4336862954792799,0.1991284362341371,0.0697059111664066,0.3341926274485582,0.0,0.1016949152542373,0.0915627772330391,85,6,3536,,,
KITTI,oracle,traj,JB,test,R1_mlp_clf,True,225,0.2,707,0.4643613969097142,0.3473119638534033,0.7963629465557476,0.2716571418038642,0.1478771766021996,0.5963616721354398,0.0,0.5502121640735502,0.0654464797129063,85,6,3536,,,
KITTI,oracle,traj,JB,test,R1_mlp_clf,True,225,0.3,1061,0.5891245648096359,0.4019586233448171,0.935712152552848,0.323966393255767,0.1025897437618645,0.6370521872120933,0.0,0.000942507068803,0.0688030160226201,85,6,3536,,,
KITTI,oracle,traj,JB,test,R1_mlp_clf,True,225,0.5,1768,0.8585938242762804,0.5912828752037101,0.9826002625313828,0.3301286278409103,0.0927189593797058,0.484712069052288,0.0010928961748633,0.0005656108597285,0.0740950226244343,85,6,3536,,,
KITTI,oracle,traj,JB,test,R1_gbm_reg,True,225,0.1,354,0.3030936537262397,0.1368609489812896,0.628311875185753,0.2402398270596107,0.0372949423218313,0.5288182071550314,0.0,0.4887005649717514,0.0756817014521174,85,6,3536,,,
KITTI,oracle,traj,JB,test,R1_gbm_reg,True,225,0.2,707,0.4852762865945483,0.2881110038153172,0.8879004427167645,0.3470820154290078,0.089280559565766,0.6896007554945687,0.0,0.0014144271570014,0.0608203677510608,85,6,3536,,,
KITTI,oracle,traj,JB,test,R1_gbm_reg,True,225,0.3,1061,0.7121731519283198,0.4329459302179566,0.9146600589358278,0.4165493071066777,0.1337114443024461,0.6165146212494883,0.0,0.000942507068803,0.0659754948162111,85,6,3536,,,
KITTI,oracle,traj,JB,test,R1_gbm_reg,True,225,0.5,1768,0.8279354716746993,0.7518315196153494,0.9219578018489314,0.3361841691362242,0.2528958253772003,0.4252129490412737,0.0,0.0005656108597285,0.0644796380090497,85,6,3536,,,
KITTI,oracle,traj,JB,test,R1_gbm_clf,True,225,0.1,354,0.3153757589622477,0.1863281267534217,0.5949160971424643,0.2425544598172354,0.0866299100970454,0.4954224291117426,0.0,0.4774011299435028,0.0780629873465004,85,6,3536,,,
KITTI,oracle,traj,JB,test,R1_gbm_clf,True,225,0.2,707,0.485957209844271,0.3015341999697457,0.8301772309030292,0.3360181482814472,0.102099412718542,0.6310457027682117,0.0,0.0014144271570014,0.0622347949080622,85,6,3536,,,
KITTI,oracle,traj,JB,test,R1_gbm_clf,True,225,0.3,1061,0.6981492006598343,0.4291879537234119,0.939954798410412,0.3898416686312658,0.1298748843412764,0.6412021585064915,0.0,0.000942507068803,0.0819981149858623,85,6,3536,,,
KITTI,oracle,traj,JB,test,R1_gbm_clf,True,225,0.5,1768,0.9049080823281708,0.7105148222954775,0.9895992751860028,0.3851033155326067,0.2119285258709452,0.4931319097784,0.0,0.0005656108597285,0.0842760180995475,85,6,3536,,,
KITTI,mono,brake,J,test,R1_mlp_reg,True,225,0.1,354,0.0731725124671035,-0.0167235075607407,0.2694053324883657,0.0440843458677511,-0.0160484385440451,0.1917577687311915,0.059059059059059,0.731638418079096,0.2015396647522995,1,6,3536,,,
KITTI,mono,brake,J,test,R1_mlp_reg,True,225,0.2,707,0.1744135449848339,0.0172302273018477,0.3478142221336209,0.0947322664435271,0.0061951181940027,0.2210480375685487,0.0130260521042084,0.0014144271570014,0.2418670438472418,2,6,3536,,,
KITTI,mono,brake,J,test,R1_mlp_reg,True,225,0.3,1061,0.267698339607232,0.0152180118902222,0.4311354462388746,0.1479041506402899,0.0368763750124969,0.2479688437338294,0.001002004008016,0.000942507068803,0.2884071630537229,2,6,3536,,,
KITTI,mono,brake,J,test,R1_mlp_reg,True,225,0.5,1768,0.3915251627774832,-0.0492165721964765,0.6175011352125337,0.1783171826490689,0.0064427912446431,0.2612121758731264,0.0240480961923847,0.0005656108597285,0.3523755656108597,2,6,3536,,,
KITTI,mono,brake,J,test,R1_mlp_clf,True,225,0.1,354,0.0774212461945817,-0.01961474867812,0.194449790925801,0.0336551024369022,-0.029474957459175,0.1257483831516248,0.1871871871871872,0.0028248587570621,0.4067796610169492,1,6,3536,,,
KITTI,mono,brake,J,test,R1_mlp_clf,True,225,0.2,707,0.1684480490057113,-0.0191045802980349,0.3021126255111454,0.0843318834683456,-0.0230951926657126,0.1906570294187351,0.0591182364729458,0.0933521923620933,0.4088337405169088,2,6,3536,,,
KITTI,mono,brake,J,test,R1_mlp_clf,True,225,0.3,1061,0.2316332524131289,-0.0104319081597853,0.3828217387307542,0.1136358953111982,0.0042483841438626,0.213435742384529,0.0230460921843687,0.3958529688972667,0.3282650859550868,2,6,3536,,,
KITTI,mono,brake,J,test,R1_mlp_clf,True,225,0.5,1768,0.3429389327819497,0.0062383675405224,0.5351743083410594,0.1410864340012033,0.0364519232243543,0.2391468346228658,0.0040080160320641,0.0005656108597285,0.3716063348416289,2,6,3536,,,
KITTI,mono,brake,J,test,R1_gbm_reg,True,225,0.1,354,0.0848418907998079,0.0014563190193077,0.3384303080045299,0.0635466600800408,0.0029854964079941,0.2612461415340447,0.023023023023023,0.652542372881356,0.1967770929635336,1,6,3536,,,
KITTI,mono,brake,J,test,R1_gbm_reg,True,225,0.2,707,0.203208438970616,0.0464063130839233,0.400261012243193,0.1205672711952178,0.0080808894784738,0.2908767338996285,0.0110220440881763,0.0014144271570014,0.2248939179632249,2,6,3536,,,
KITTI,mono,brake,J,test,R1_gbm_reg,True,225,0.3,1061,0.330367976670491,0.0751794958120967,0.4874886032302965,0.1851632210702559,0.0223114593198131,0.3145819242277348,0.0160320641282565,0.000942507068803,0.2770970782280867,2,6,3536,,,
KITTI,mono,brake,J,test,R1_gbm_reg,True,225,0.5,1768,0.399459912628632,0.0068674019519562,0.6642864240784474,0.2040140508747652,0.047250108678346,0.3094599348113647,0.0,0.0005656108597285,0.3535067873303167,2,6,3536,,,
KITTI,mono,brake,J,test,R1_gbm_clf,True,225,0.1,354,0.1578255306129273,-0.0060112285153093,0.3710987523568417,0.1147206321230179,-0.0042083387695957,0.283566277277606,0.027027027027027,0.0028248587570621,0.3757062146892655,1,6,3536,,,
KITTI,mono,brake,J,test,R1_gbm_clf,True,225,0.2,707,0.2200246211351387,-0.0464673528285243,0.3952078086349904,0.133208918003171,-0.0307392177119247,0.2720312570419428,0.0601202404809619,0.4413012729844413,0.2902614936818357,2,6,3536,,,
KITTI,mono,brake,J,test,R1_gbm_clf,True,225,0.3,1061,0.2866539748536599,-0.0929819319195094,0.4858836377874791,0.1396931645096562,-0.0617843016848356,0.2858178196285528,0.095190380761523,0.000942507068803,0.3251649387370405,2,6,3536,,,
KITTI,mono,brake,J,test,R1_gbm_clf,True,225,0.5,1768,0.3204424304060212,-0.1290654687583206,0.6225291724054174,0.1149851973065489,-0.0768769578661418,0.2490816836476162,0.096192384769539,0.0005656108597285,0.4117647058823529,2,6,3536,,,
KITTI,mono,traj,JB,test,R1_mlp_reg,True,225,0.1,354,0.1398037826728049,0.0674660999184817,0.2321518445141305,0.0808247768995286,-0.0258468893019643,0.2083365954546083,0.1154639175257732,0.231638418079096,0.0986716160059765,30,6,3536,,,
KITTI,mono,traj,JB,test,R1_mlp_reg,True,225,0.2,707,0.2133853503020897,0.0390974670623375,0.3045372403661933,0.0758453380516403,-0.1124376337669238,0.2452067092674158,0.1484536082474226,0.6152758132956153,0.0855114732252445,30,6,3536,,,
KITTI,mono,traj,JB,test,R1_mlp_reg,True,225,0.3,1061,0.1114447849238196,-0.0879400728908254,0.3555391741957843,-0.0237761581032101,-0.2294961976366696,0.2701353203063728,0.6041237113402061,0.000942507068803,0.0999057492931197,30,6,3536,,,
KITTI,mono,traj,JB,test,R1_mlp_reg,True,225,0.5,1768,0.3032637122385547,-0.194738988011377,0.6664391608763378,-0.0685834598971907,-0.3024139706094793,0.1985464044312162,0.6670103092783505,0.0005656108597285,0.1170814479638009,30,6,3536,,,
KITTI,mono,traj,JB,test,R1_mlp_clf,True,225,0.1,354,0.252654514334593,0.0028401384449086,0.3768079482662423,0.1775146401115971,-0.0783517006304438,0.2787999050929216,0.0525773195876288,0.556497175141243,0.1334629033011159,30,6,3536,,,
KITTI,mono,traj,JB,test,R1_mlp_clf,True,225,0.2,707,0.3367546667377614,-0.0022776327287751,0.4575636458912951,0.1720003270853728,-0.1616538477617869,0.2861593613465509,0.0742268041237113,0.0014144271570014,0.1074964639321075,30,6,3536,,,
KITTI,mono,traj,JB,test,R1_mlp_clf,True,225,0.3,1061,0.216873727753794,-0.0854706641833691,0.5481769346756229,0.1236491945242609,-0.2049610350498459,0.3666691386818326,0.2082474226804123,0.000942507068803,0.1244109330819981,30,6,3536,,,
KITTI,mono,traj,JB,test,R1_mlp_clf,True,225,0.5,1768,0.383213951175283,-0.1259636925439954,0.7426827026116165,0.0031153089484532,-0.2228002416354319,0.2717259919481911,0.5422680412371134,0.0005656108597285,0.1538461538461538,30,6,3536,,,
KITTI,mono,traj,JB,test,R1_gbm_reg,True,225,0.1,354,0.1480079765890262,0.0014851429106971,0.3170232443520963,0.0938227303192409,-0.0799668943534837,0.2254533981276009,0.0546391752577319,0.5338983050847458,0.0781563711070644,30,6,3536,,,
KITTI,mono,traj,JB,test,R1_gbm_reg,True,225,0.2,707,0.2826693245661487,0.0141617582833024,0.4685869411975626,0.1327064424477672,-0.1454458279586229,0.2794057436330958,0.0515463917525773,0.0028288543140028,0.0749646393210749,30,6,3536,,,
KITTI,mono,traj,JB,test,R1_gbm_reg,True,225,0.3,1061,0.4170739667680235,0.0911248496280153,0.5669019147281661,0.174235379273909,-0.1480832259462725,0.29486574184952,0.056701030927835,0.000942507068803,0.0933081998114985,30,6,3536,,,
KITTI,mono,traj,JB,test,R1_gbm_reg,True,225,0.5,1768,0.4742529158765544,0.1043392363135697,0.6989062351297357,0.1628173622847829,-0.2399736081099431,0.4435677898721227,0.0989690721649484,0.0005656108597285,0.1153846153846153,30,6,3536,,,
KITTI,mono,traj,JB,test,R1_gbm_clf,True,225,0.1,354,0.0412363913086375,-0.2505938708890598,0.3044417509044018,-0.0296979296769867,-0.2636953680270492,0.2111505808007132,0.6103092783505155,0.3220338983050847,0.1193327730307699,30,6,3536,,,
KITTI,mono,traj,JB,test,R1_gbm_clf,True,225,0.2,707,0.1148179589379224,-0.1936119992633237,0.4368398164413405,-0.0146879897788969,-0.2333448654081465,0.247419787644201,0.5711340206185567,0.6605374823196606,0.0958566635884367,30,6,3536,,,
KITTI,mono,traj,JB,test,R1_gbm_clf,True,225,0.3,1061,0.195858332746124,-0.1459179722656051,0.659882140534504,0.0038142255087556,-0.2149419599799495,0.3774886015813617,0.5628865979381443,0.000942507068803,0.1347785108388313,30,6,3536,,,
KITTI,mono,traj,JB,test,R1_gbm_clf,True,225,0.5,1768,0.4666932521471996,-0.0409892397662918,0.8288089288454663,0.0528491098607379,-0.1671138280539863,0.3487751761898107,0.4474226804123711,0.0005656108597285,0.1623303167420814,30,6,3536,,,
nuPlan,,pdm_closed,safety,test,R1_mlp_reg,True,250,0.1,38,0.0,0.0,0.2552086639895597,-0.0780118939035697,-0.1011904761904761,0.1559498498869956,0.91062039957939,0.0263157894736842,0.0,49,9,384,,,
nuPlan,,pdm_closed,safety,test,R1_mlp_reg,True,250,0.2,77,0.2247582777421388,0.0,0.4704005616833998,0.02255124766304,-0.2009803921568627,0.2697749166885598,0.4374342797055731,0.0129870129870129,0.0259740259740259,49,9,384,,,
nuPlan,,pdm_closed,safety,test,R1_mlp_reg,True,250,0.3,115,0.3371374166132083,0.0,0.5981998364094159,0.0415142959491573,-0.3,0.2983300447427492,0.2965299684542586,0.008695652173913,0.0260869565217391,49,9,384,,,
nuPlan,,pdm_closed,safety,test,R1_mlp_reg,True,250,0.5,192,0.6631292036078046,0.3989231997034703,1.0,0.1619281693679084,-0.1010768002965297,0.5,0.1566771819137749,0.0052083333333333,0.0416666666666666,49,9,384,,,
nuPlan,,pdm_closed,safety,test,R1_mlp_clf,True,250,0.1,38,0.2224080788693546,0.0,0.6619535957401503,0.1560456307325068,-0.1004901960784313,0.5626947816375862,0.1619348054679285,0.0263157894736842,0.0526315789473684,49,9,384,,,
nuPlan,,pdm_closed,safety,test,R1_mlp_clf,True,250,0.2,77,0.3258765783891064,0.0,0.6622233700872343,0.1121545898995847,-0.199156746031746,0.4635054213692856,0.1987381703470031,0.0129870129870129,0.0389610389610389,49,9,384,,,
nuPlan,,pdm_closed,safety,test,R1_mlp_clf,True,250,0.3,115,0.4382557172601759,0.1871983157084938,0.7460163056179372,0.1261831228753877,-0.1126528747676965,0.4465976453708437,0.1598317560462671,0.008695652173913,0.0347826086956521,49,9,384,,,
nuPlan,,pdm_closed,safety,test,R1_mlp_clf,True,250,0.5,192,0.6630139950023147,0.3986228012488176,1.0,0.1624329232252481,-0.1013771987511824,0.5,0.1692954784437434,0.0052083333333333,0.03125,49,9,384,,,
nuPlan,,pdm_closed,safety,test,R1_gbm_reg,True,250,0.1,38,0.0,0.0,0.0,-0.1000086647930572,-0.1011904761904761,-0.0989583333333333,1.0,0.0263157894736842,0.0,49,9,384,,,
nuPlan,,pdm_closed,safety,test,R1_gbm_reg,True,250,0.2,77,0.1100289399982852,0.0,0.4951390372288052,-0.0302155803857083,-0.2009803921568627,0.2950019346668279,0.6561514195583596,0.0129870129870129,0.0129870129870129,49,9,384,,,
nuPlan,,pdm_closed,safety,test,R1_gbm_reg,True,250,0.3,115,0.2224109606652406,5.213831635501678e-06,0.7107273173769599,-0.036988431446396,-0.3004350069291186,0.4102808888055314,0.6561514195583596,0.008695652173913,0.0260869565217391,49,9,384,,,
nuPlan,,pdm_closed,safety,test,R1_gbm_reg,True,250,0.5,192,0.5504834445157222,0.3610757990622644,1.0,0.0789260834154111,-0.1389242009377354,0.5,0.3701366982124079,0.0052083333333333,0.0364583333333333,49,9,384,,,
nuPlan,,pdm_closed,safety,test,R1_gbm_clf,True,250,0.1,38,0.3282267772618906,0.0,0.6880797776746103,0.1479548458816414,-0.1011904761904761,0.5875895815961789,0.323869610935857,0.0263157894736842,0.0789473684210526,49,9,384,,,
nuPlan,,pdm_closed,safety,test,R1_gbm_clf,True,250,0.2,77,0.3283391040714944,0.0,0.6880797776746103,0.0858065368377888,-0.2010558217426734,0.4873902048349424,0.3459516298633018,0.0129870129870129,0.0519480519480519,49,9,384,,,
nuPlan,,pdm_closed,safety,test,R1_gbm_clf,True,250,0.3,115,0.4407182429425638,0.0,0.6880797776746103,0.0343269029586234,-0.3009571513087264,0.3880991531274188,0.4300736067297581,0.008695652173913,0.0434782608695652,49,9,384,,,
nuPlan,,pdm_closed,safety,test,R1_gbm_clf,True,250,0.5,192,0.4407182429425638,0.0,0.8000770421006633,-0.0537736029394616,-0.5,0.3000770421006634,0.6077812828601472,0.0052083333333333,0.0260416666666666,49,9,384,,,
nuPlan,,pdm_closed,scalar_J,test,R1_mlp_reg,True,250,0.1,38,0.0001905238806211,0.0,0.141490305374605,-0.09013577899388,-0.1009916935282211,0.0418482915214323,0.9626168224299064,0.0263157894736842,0.0263157894736842,37,9,384,,,
nuPlan,,pdm_closed,scalar_J,test,R1_mlp_reg,True,250,0.2,77,0.2234241912994982,-0.0018318376880186,0.4650036390146489,-0.0078205592779931,-0.2008568583842243,0.267093915886945,0.5109034267912772,0.0129870129870129,0.0779220779220779,37,9,384,,,
nuPlan,,pdm_closed,scalar_J,test,R1_mlp_reg,True,250,0.3,115,0.4419222772116148,-0.0031733679023856,0.659961071318291,0.0877882332616576,-0.3013707647064804,0.3637391192308124,0.2191069574247144,0.008695652173913,0.0869565217391304,37,9,384,,,
nuPlan,,pdm_closed,scalar_J,test,R1_mlp_reg,True,250,0.5,192,0.6552725556015254,0.400264906322617,0.9893222315646412,0.1547312181845875,-0.0986007603289432,0.4940702975141046,0.1370716510903426,0.0052083333333333,0.0989583333333333,37,9,384,,,
nuPlan,,pdm_closed,scalar_J,test,R1_mlp_clf,True,250,0.1,38,0.2209073168996312,0.0003855274191028,0.6662473343071011,0.1445879022145556,-0.0986213516966175,0.567506683611275,0.1973001038421599,0.0263157894736842,0.1578947368421052,37,9,384,,,
nuPlan,,pdm_closed,scalar_J,test,R1_mlp_clf,True,250,0.2,77,0.3318538849136468,0.175387729057639,0.6610476497640444,0.1515912811285796,-0.0243792283715509,0.4635663483723921,0.0332294911734164,0.0129870129870129,0.1298701298701298,37,9,384,,,
nuPlan,,pdm_closed,scalar_J,test,R1_mlp_clf,True,250,0.3,115,0.3347190233955814,0.209514357723394,0.7423748999156872,0.096220769688548,-0.0888969039290857,0.4471110219908563,0.2336448598130841,0.008695652173913,0.1130434782608695,37,9,384,,,
nuPlan,,pdm_closed,scalar_J,test,R1_mlp_clf,True,250,0.5,192,0.5516629893023502,0.3366632534794729,0.9864797518354884,0.0922164748949849,-0.162231991776479,0.4912747245982801,0.3146417445482866,0.0052083333333333,0.1041666666666666,37,9,384,,,
nuPlan,,pdm_closed,scalar_J,test,R1_gbm_reg,True,250,0.1,38,0.0008004993853828,-4.523851614711177e-05,0.2917093205809994,-0.0576947173154909,-0.100654090286731,0.1923904785504224,0.8245067497403946,0.0263157894736842,0.0789473684210526,37,9,384,,,
nuPlan,,pdm_closed,scalar_J,test,R1_gbm_reg,True,250,0.2,77,0.217534234937919,0.0023608754752233,0.592499175609486,0.0049401756501217,-0.1968551175809058,0.3930977235729352,0.5669781931464174,0.0129870129870129,0.0779220779220779,37,9,384,,,
nuPlan,,pdm_closed,scalar_J,test,R1_gbm_reg,True,250,0.3,115,0.2195814187940254,0.0058466965673958,0.6488356359474583,-0.0527795084262438,-0.2919711908733386,0.34854596932522,0.6645898234683282,0.008695652173913,0.0695652173913043,37,9,384,,,
nuPlan,,pdm_closed,scalar_J,test,R1_gbm_reg,True,250,0.5,192,0.6578648959000574,0.3930828394325542,0.994587928917632,0.1187452418722228,-0.1058844815992321,0.4993389431055846,0.2211838006230529,0.0052083333333333,0.109375,37,9,384,,,
nuPlan,,pdm_closed,scalar_J,test,R1_gbm_clf,True,250,0.1,38,0.2255908103094373,0.0006112806616346,0.2756509690124135,0.0399182111771271,-0.0984551986841176,0.176017103409541,0.3457943925233644,0.0263157894736842,0.1842105263157894,37,9,384,,,
nuPlan,,pdm_closed,scalar_J,test,R1_gbm_clf,True,250,0.2,77,0.3291856426459165,0.0006151220784753,0.4499712321874217,0.0989496480234552,-0.1973158714572254,0.2514703337970176,0.0986500519210799,0.0129870129870129,0.1168831168831168,37,9,384,,,
nuPlan,,pdm_closed,scalar_J,test,R1_gbm_clf,True,250,0.3,115,0.4441093444869088,-0.0006842715178886,0.5629025826182392,0.0904070981799807,-0.2971767941665297,0.2643566489375061,0.1557632398753894,0.008695652173913,0.1217391304347826,37,9,384,,,
nuPlan,,pdm_closed,scalar_J,test,R1_gbm_clf,True,250,0.5,192,0.6603034065333725,0.3476690458737312,0.8453945166398735,0.1070921056190026,-0.1518226768246453,0.3504146853662597,0.181723779854621,0.0052083333333333,0.1145833333333333,37,9,384,,,
nuPlan,,idm,safety,test,R1_mlp_reg,True,250,0.1,38,0.0,-1.9827889049739345,0.4842712314132786,-0.2247362355393477,-1.8800339337283152,0.3841659161488832,0.6335540838852097,0.0263157894736842,0.0526315789473684,94,9,384,,,
nuPlan,,idm,safety,test,R1_mlp_reg,True,250,0.2,77,0.0263888428658508,-1.9827889049739345,0.964184376503732,-0.1871190190458888,-1.7797033296679978,0.7647986769628773,0.5761589403973509,0.0129870129870129,0.0519480519480519,94,9,384,,,
nuPlan,,idm,safety,test,R1_mlp_reg,True,250,0.3,115,0.3455967681264669,-1.9827889049739345,0.993755649618965,-0.0413986664512952,-1.6775461962737133,0.694586802345705,0.3807947019867549,0.008695652173913,0.0434782608695652,94,9,384,,,
nuPlan,,idm,safety,test,R1_mlp_reg,True,250,0.5,192,0.34559677764057,-1.9827889049739345,0.993755649618965,-0.1529892927594293,-1.4750584588191111,0.493755649618965,0.4481236203090508,0.0052083333333333,0.03125,94,9,384,,,
nuPlan,,idm,safety,test,R1_mlp_clf,True,250,0.1,38,0.3204314235801702,0.0,0.4854376202495848,0.21245562793824,-0.100038794560931,0.4667678783561418,0.2075055187637969,0.0263157894736842,0.0263157894736842,94,9,384,,,
nuPlan,,idm,safety,test,R1_mlp_clf,True,250,0.2,77,0.3408798186917836,-0.9710840342590542,0.500830967634255,0.0737052014506718,-0.9761101365054712,0.4755886251343159,0.2362030905077262,0.0129870129870129,0.0259740259740259,94,9,384,,,
nuPlan,,idm,safety,test,R1_mlp_clf,True,250,0.3,115,0.0204483951116133,-1.9827889049739345,0.5155880408189673,-0.2283631973893147,-1.6775461962737133,0.4461871427544442,0.6070640176600441,0.008695652173913,0.0260869565217391,94,9,384,,,
nuPlan,,idm,safety,test,R1_mlp_clf,True,250,0.5,192,0.0204483951116133,-1.9827889049739345,0.5142486941740866,-0.4060729166007532,-1.4750584588191111,0.0175244795099473,0.9161147902869756,0.0052083333333333,0.015625,94,9,384,,,
nuPlan,,idm,safety,test,R1_gbm_reg,True,250,0.1,38,0.0,0.0,0.0,-0.0516774640870624,-0.100882284033967,0.1031971673548748,0.8995584988962473,0.0263157894736842,0.0,94,9,384,,,
nuPlan,,idm,safety,test,R1_gbm_reg,True,250,0.2,77,0.0,0.0,0.4850968516513633,0.0295289949969108,-0.2005208333333333,0.4611328664252268,0.5927152317880795,0.0129870129870129,0.0,94,9,384,,,
nuPlan,,idm,safety,test,R1_gbm_reg,True,250,0.3,115,0.3164073849657055,-0.024951315065518,0.4854376202495848,0.0940029460538715,-0.3089930977769155,0.4767287460851209,0.2748344370860927,0.008695652173913,0.017391304347826,94,9,384,,,
nuPlan,,idm,safety,test,R1_gbm_reg,True,250,0.5,192,0.3237681573854966,-0.0138071846069215,0.965406804767589,0.0498157221345808,-0.5,1.1974815094457592,0.630242825607064,0.0052083333333333,0.0260416666666666,94,9,384,,,
nuPlan,,idm,safety,test,R1_gbm_clf,True,250,0.1,38,0.0,0.0,0.0,-0.0561747563985393,-0.100882284033967,0.1,0.9094922737306844,0.0263157894736842,0.0,94,9,384,,,
nuPlan,,idm,safety,test,R1_gbm_clf,True,250,0.2,77,0.0,0.0,0.1976285790001561,-0.0952991303483285,-0.1997096212891267,0.2879085902127308,0.8874172185430463,0.0129870129870129,0.0,94,9,384,,,
nuPlan,,idm,safety,test,R1_gbm_clf,True,250,0.3,115,0.3274317718276109,0.0,1.0,0.184872863325032,-0.266987231965359,0.8516329480676461,0.3752759381898454,0.008695652173913,0.0260869565217391,94,9,384,,,
nuPlan,,idm,safety,test,R1_gbm_clf,True,250,0.5,192,0.6732559127853123,-0.8980303769097091,1.0,0.3846243636852943,-0.4464703859524774,1.1706535955581243,0.0452538631346578,0.0052083333333333,0.046875,94,9,384,,,
nuPlan,,idm,scalar_J,test,R1_mlp_reg,True,250,0.1,38,7.948282642597419e-05,-1.942744830174014,0.46828488642242,-0.1830079490965158,-1.845355967240169,0.3706749342534515,0.6062992125984252,0.0263157894736842,0.0789473684210526,111,9,384,,,
nuPlan,,idm,scalar_J,test,R1_mlp_reg,True,250,0.2,77,0.0186984029226891,-1.942744830174014,0.6674295706962515,-0.2052538535074513,-1.749164698007454,0.4687381674892335,0.6141732283464567,0.0129870129870129,0.0779220779220779,111,9,384,,,
nuPlan,,idm,scalar_J,test,R1_mlp_reg,True,250,0.3,115,0.3355366798875059,-1.942744830174014,0.9672597134829678,-0.0375240174444588,-1.6528820493888643,0.6693290744299749,0.4038245219347581,0.008695652173913,0.0695652173913043,111,9,384,,,
nuPlan,,idm,scalar_J,test,R1_mlp_reg,True,250,0.5,192,0.3423465817394411,-1.9361780241037445,0.97161312414203,-0.1287573467322491,-1.4538413254672908,0.476045328489527,0.453318335208099,0.0052083333333333,0.0625,111,9,384,,,
nuPlan,,idm,scalar_J,test,R1_mlp_clf,True,250,0.1,38,0.3405080590189557,0.0,0.5154657753572307,0.2167824893898476,-0.0856326191337025,0.4689743015005859,0.1946006749156355,0.0263157894736842,0.1052631578947368,111,9,384,,,
nuPlan,,idm,scalar_J,test,R1_mlp_clf,True,250,0.2,77,0.3436264260613484,0.0081400386739411,0.9000129977378966,0.2499107821002436,-0.1752868995207371,0.8003255010954365,0.107986501687289,0.0129870129870129,0.0909090909090909,111,9,384,,,
nuPlan,,idm,scalar_J,test,R1_mlp_clf,True,250,0.3,115,0.6507880661054023,0.0324076742966522,1.0,0.4649969700766754,-0.0271854140839776,1.1205857914429953,0.03037120359955,0.008695652173913,0.0782608695652174,111,9,384,,,
nuPlan,,idm,scalar_J,test,R1_mlp_clf,True,250,0.5,192,0.973211870940394,-0.3845363007373845,1.0,0.491317470425233,-0.2021061636771419,1.0986280334951566,0.03037120359955,0.0052083333333333,0.0885416666666666,111,9,384,,,
nuPlan,,idm,scalar_J,test,R1_gbm_reg,True,250,0.1,38,-0.0008699289688988,-0.0054721642161706,0.0,-0.0612985231370338,-0.1004046777760944,0.090268977696005,0.938132733408324,0.0263157894736842,0.0263157894736842,111,9,384,,,
nuPlan,,idm,scalar_J,test,R1_gbm_reg,True,250,0.2,77,-0.0010078855294773,-0.0134571655959138,0.0,-0.1234319548732085,-0.2051651779292249,0.1866539451225951,0.938132733408324,0.0129870129870129,0.0259740259740259,111,9,384,,,
nuPlan,,idm,scalar_J,test,R1_gbm_reg,True,250,0.3,115,-0.0072981151206523,-0.016118357209032,0.3014797656917438,-0.1737947073047535,-0.3058703978330903,0.2793543414999481,0.9088863892013498,0.008695652173913,0.0434782608695652,111,9,384,,,
nuPlan,,idm,scalar_J,test,R1_gbm_reg,True,250,0.5,192,0.320833448437009,-0.0054666180464121,0.9036005964212506,0.0461372480605045,-0.4961591553355823,0.8500381903836489,0.6141732283464567,0.0052083333333333,0.0572916666666666,111,9,384,,,
nuPlan,,idm,scalar_J,test,R1_gbm_clf,True,250,0.1,38,0.0031794362229957,0.0,0.0437468580028707,-0.0565980908277419,-0.1003622028334351,0.1071591626560112,0.875140607424072,0.0263157894736842,0.0263157894736842,111,9,384,,,
nuPlan,,idm,scalar_J,test,R1_gbm_clf,True,250,0.2,77,0.0126304656933046,-0.9879757761699336,0.3407017845018276,-0.2562888023104333,-0.987801806645858,0.2028687336313717,0.8368953880764904,0.0129870129870129,0.0259740259740259,111,9,384,,,
nuPlan,,idm,scalar_J,test,R1_gbm_clf,True,250,0.3,115,0.0253673232116704,-1.8398630541441912,0.4902220162309174,-0.3337637801100616,-1.5696343016854273,0.2018271264449987,0.8042744656917885,0.008695652173913,0.0608695652173913,111,9,384,,,
nuPlan,,idm,scalar_J,test,R1_gbm_clf,True,250,0.5,192,0.0540114143434303,-1.9319692778221125,0.5354776206362072,-0.365560682013324,-1.4496325791856588,0.0420841850293304,0.9145106861642296,0.0052083333333333,0.0729166666666666,111,9,384,,,
nuScenes,oracle,brake,J,test,R2_cnn_clf,True,49152,0.1,96,-0.1227021251745514,-0.7315287404180377,0.1257017119248077,-0.1914155624277336,-0.648086243419365,0.0471396989876359,0.9284994964753271,0.0208333333333333,0.125,7,24,955,1.2,0.151331328,0.9997081326852152
nuScenes,oracle,brake,J,test,R2_cnn_clf,True,49152,0.2,191,-0.1243153056485696,-0.8151370517870088,0.1488900545931323,-0.2410145097651141,-0.6436377298773823,-0.0153876747877041,0.9848942598187312,0.0052356020942408,0.094240837696335,7,24,955,1.2,0.151331328,0.9997081326852152
nuScenes,oracle,brake,J,test,R2_cnn_clf,True,49152,0.3,286,-0.2337987020310561,-1.4928770712489925,0.2309575771392577,-0.3722312607948618,-1.09929621138222,-0.0163412543121588,0.9798590130916416,0.0034965034965034,0.0944055944055944,7,24,955,1.2,0.151331328,0.9997081326852152
nuScenes,oracle,brake,J,test,R2_cnn_clf,True,49152,0.5,478,-0.1993392164449402,-1.790708273084067,0.3501448740465505,-0.4517162299658389,-1.1918875168068506,-0.0811529399943822,0.9949647532729105,0.002092050209205,0.0815899581589958,7,24,955,1.2,0.151331328,0.9997081326852152
nuScenes,oracle,plan_ade,JC_ade,test,R2_cnn_clf,True,49152,0.1,75,0.0778893443674851,-0.0360385468576165,0.2150811406471782,0.0752710341739311,-0.0446591774232445,0.2186987075145386,0.1261261261261261,0.0133333333333333,0.44,1,24,752,1.2,0.151331328,0.9997272715088288
nuScenes,oracle,plan_ade,JC_ade,test,R2_cnn_clf,True,49152,0.2,150,-0.0200218424930047,-0.2123113399635629,0.1863773443541312,-0.0098210385332047,-0.1854071913336367,0.1730067223053213,0.5635635635635635,0.0066666666666666,0.5,1,24,752,1.2,0.151331328,0.9997272715088288
nuScenes,oracle,plan_ade,JC_ade,test,R2_cnn_clf,True,49152,0.3,226,-0.0516943364442286,-0.2838606575955312,0.1649689356830628,-0.0592373313277848,-0.2158821107855838,0.1365934581045301,0.7627627627627628,0.0044247787610619,0.4601769911504424,1,24,752,1.2,0.151331328,0.9997272715088288
nuScenes,oracle,plan_ade,JC_ade,test,R2_cnn_clf,True,49152,0.5,376,0.0674109895253046,-0.1390019140793015,0.22269110120775,0.0224215956423291,-0.1407317388073616,0.2832388625140216,0.4514514514514514,0.0026595744680851,0.4521276595744681,1,24,752,1.2,0.151331328,0.9997272715088288
nuScenes,oracle,plan_fde,JC_fde,test,R2_cnn_clf,True,49152,0.1,75,0.051788176854373,-0.0509670246854597,0.1663693171131739,0.0276314019308666,-0.0872951430783402,0.1700098086712407,0.3593593593593593,0.0133333333333333,0.28,1,24,752,1.2,0.151331328,0.9996457137574002
nuScenes,oracle,plan_fde,JC_fde,test,R2_cnn_clf,True,49152,0.2,150,0.1139196449975886,-0.022228373810333,0.4868614208263517,0.1355939455751648,-0.1087667050371521,0.4592344806690355,0.1981981981981982,0.0066666666666666,0.24,1,24,752,1.2,0.151331328,0.9996457137574002
nuScenes,oracle,plan_fde,JC_fde,test,R2_cnn_clf,True,49152,0.3,226,0.2073133747610788,-0.0655655477937503,0.4999109679843919,0.1298145020311793,-0.099667823607865,0.4312954504255344,0.1441441441441441,0.0044247787610619,0.2123893805309734,1,24,752,1.2,0.151331328,0.9996457137574002
nuScenes,oracle,plan_fde,JC_fde,test,R2_cnn_clf,True,49152,0.5,376,0.1332653227999793,-0.1889257430275356,0.4778702681234249,0.0156829706534562,-0.1797334615550966,0.2681047141776425,0.4774774774774775,0.0053191489361702,0.1808510638297872,1,24,752,1.2,0.151331328,0.9996457137574002
nuScenes,mono,brake,J,test,R2_cnn_clf,True,49152,0.1,96,0.0016750576217155,-0.2020859491321335,0.1645678559811273,-0.0285498270612775,-0.1576460472286396,0.1241247974355098,0.6843687374749499,0.0104166666666666,0.15625,2,24,955,1.2,0.151331328,0.999692502294286
nuScenes,mono,brake,J,test,R2_cnn_clf,True,49152,0.2,191,-0.1182240471161746,-0.5434324868827031,0.1493716471446063,-0.1456714499611561,-0.4072295675113276,0.0583298328440151,0.9138276553106212,0.0052356020942408,0.1465968586387434,2,24,955,1.2,0.151331328,0.999692502294286
nuScenes,mono,brake,J,test,R2_cnn_clf,True,49152,0.3,286,-0.0433685824192896,-0.6530814185452769,0.265129993278818,-0.1683692734864254,-0.4625247594245381,0.1315583274341254,0.8767535070140281,0.0034965034965034,0.1573426573426573,2,24,955,1.2,0.151331328,0.999692502294286
nuScenes,mono,brake,J,test,R2_cnn_clf,True,49152,0.5,478,0.0162909747104191,-0.7160429972001363,0.3439355126917495,-0.1608703576497081,-0.4564147661834964,0.0953372785095725,0.8867735470941884,0.002092050209205,0.1422594142259414,2,24,955,1.2,0.151331328,0.999692502294286
nuScenes,mono,plan_ade,JC_ade,test,R2_cnn_clf,True,49152,0.1,75,0.0927394527817575,0.0033548905088861,0.1983890864217491,0.0513608560788682,-0.0189729193949975,0.1436406494799165,0.077077077077077,0.0133333333333333,0.4933333333333333,1,24,752,1.2,0.151331328,0.9997608652285784
nuScenes,mono,plan_ade,JC_ade,test,R2_cnn_clf,True,49152,0.2,150,0.1401669103877091,-0.0241594564982628,0.2286972876699277,0.0489700570612442,-0.0433278026519466,0.1504377199681568,0.1231231231231231,0.0066666666666666,0.5,1,24,752,1.2,0.151331328,0.9997608652285784
nuScenes,mono,plan_ade,JC_ade,test,R2_cnn_clf,True,49152,0.3,226,0.1475893709988955,-0.1490801093953776,0.3116168525595901,0.0034659626800152,-0.161506919447297,0.1327231307509478,0.4384384384384384,0.0044247787610619,0.5221238938053098,1,24,752,1.2,0.151331328,0.9997608652285784
nuScenes,mono,plan_ade,JC_ade,test,R2_cnn_clf,True,49152,0.5,376,0.269423430889339,-0.1103451429027214,0.4902999569474255,0.0471245988477586,-0.0959056987056718,0.1842504483622018,0.2622622622622622,0.0026595744680851,0.5638297872340425,1,24,752,1.2,0.151331328,0.9997608652285784
nuScenes,mono,plan_fde,JC_fde,test,R2_cnn_clf,True,49152,0.1,75,0.1108920921605388,-0.0563341286539023,0.2044196685495805,0.0562206570418115,-0.0716062840129798,0.1666062455540741,0.1821821821821821,0.0133333333333333,0.3066666666666666,1,24,752,1.2,0.151331328,0.9997317862856384
nuScenes,mono,plan_fde,JC_fde,test,R2_cnn_clf,True,49152,0.2,150,0.1276800903395062,-0.0532895347561474,0.24122875293211,0.0585551503195137,-0.0839405753537336,0.2117284006783208,0.1881881881881882,0.0066666666666666,0.2866666666666667,1,24,752,1.2,0.151331328,0.9997317862856384
nuScenes,mono,plan_fde,JC_fde,test,R2_cnn_clf,True,49152,0.3,226,0.1172523482593096,-0.1009697520450725,0.2307618966310783,0.0101099646551059,-0.1380712034043101,0.1892385129203084,0.4814814814814814,0.0044247787610619,0.2345132743362832,1,24,752,1.2,0.151331328,0.9997317862856384
nuScenes,mono,plan_fde,JC_fde,test,R2_cnn_clf,True,49152,0.5,376,0.0106924362747995,-0.4668573220113103,0.3018565987140414,-0.1631073381020728,-0.3875246562496596,0.0394095931081793,0.9429429429429428,0.0053191489361702,0.2393617021276596,1,24,752,1.2,0.151331328,0.9997317862856384
KITTI,oracle,brake,J,test,R2_cnn_clf,True,49152,0.1,354,0.02493768609290825,-0.04652015131978297,0.07988983093153285,-0.040316581931178305,-0.12509007398244393,0.0317181608315727,0.8006042296072508,0.002824858757062147,0.2401129943502825,7,6,3536,1.2,0.151328256,0.99992077225479
KITTI,oracle,brake,J,test,R2_cnn_clf,True,49152,0.2,707,0.06697244015802023,-0.05246011582274197,0.17188269900748046,-0.048328076556398814,-0.14655331909606464,0.06100134647759478,0.7552870090634441,0.0014144271570014145,0.23903818953323905,7,6,3536,1.2,0.151328256,0.99992077225479
KITTI,oracle,brake,J,test,R2_cnn_clf,True,49152,0.3,1061,0.13388599749778632,-0.007740517263698374,0.24813182922566485,-0.04605828519023293,-0.1883349766779579,0.08476539403119504,0.7099697885196374,0.000942507068803016,0.21394910461828465,7,6,3536,1.2,0.151328256,0.99992077225479
KITTI,oracle,brake,J,test,R2_cnn_clf,True,49152,0.5,1768,0.24799772391742403,-0.001227751844617984,0.3647961613709989,-0.06748075275512748,-0.21258044001861964,0.05877020944443851,0.783484390735146,0.0011312217194570137,0.23340874811463047,7,6,3536,1.2,0.151328256,0.99992077225479
KITTI,oracle,traj,JB,test,R2_cnn_clf,True,49152,0.1,354,0.06234920189066811,0.00042035421383885646,0.14348875560643437,-0.03831843898262538,-0.09941345169339441,0.04477548554952143,0.7733773377337734,0.002824858757062147,0.07344632768361582,91,6,3536,1.2,0.151328256,0.9999082979155409
KITTI,oracle,traj,JB,test,R2_cnn_clf,True,49152,0.2,707,0.1154029604781561,0.029631071184341776,0.23062816420180238,-0.09107745642324687,-0.17022476233702635,0.031885797885333154,0.9405940594059405,0.0014144271570014145,0.07637906647807638,91,6,3536,1.2,0.151328256,0.9999082979155409
KITTI,oracle,traj,JB,test,R2_cnn_clf,True,49152,0.3,1061,0.14882993643336345,0.033012602812577875,0.3087275042038235,-0.1353033284097654,-0.2660831254799561,0.011969229963661177,0.9328932893289329,0.000942507068803016,0.07822808671065033,91,6,3536,1.2,0.151328256,0.9999082979155409
KITTI,oracle,traj,JB,test,R2_cnn_clf,True,49152,0.5,1768,0.2515522405321434,0.09248670384117061,0.43868426553621037,-0.24082477290962293,-0.40557719615833815,-0.05778818374642003,1.0,0.0005656108597285068,0.06561085972850679,91,6,3536,1.2,0.151328256,0.9999082979155409
KITTI,mono,brake,J,test,R2_cnn_clf,True,49152,0.1,354,0.015080469389977251,-0.03225936354584942,0.06313222910341262,-0.026296849839245184,-0.11543602325804106,0.05252923933145158,0.724,0.002824858757062147,0.3149717514124294,0,6,3536,1.2,0.151328256,0.9999082232155649
KITTI,mono,brake,J,test,R2_cnn_clf,True,49152,0.2,707,0.0632761811194608,-0.030433039496623793,0.1484410891335108,-0.007009057206588493,-0.13227811809831402,0.1217259612071052,0.55,0.0014144271570014145,0.33097595473833097,0,6,3536,1.2,0.151328256,0.9999082232155649
KITTI,mono,brake,J,test,R2_cnn_clf,True,49152,0.3,1061,0.10217214627287621,0.015354922399613212,0.18875951502404448,0.004763552338683655,-0.14424054840156766,0.1233055383443825,0.497,0.001885014137606032,0.36663524976437323,0,6,3536,1.2,0.151328256,0.9999082232155649
KITTI,mono,brake,J,test,R2_cnn_clf,True,49152,0.5,1768,0.21365188880301417,-0.0963047969184849,0.3029393822005405,0.0028687311254224977,-0.15948278921806452,0.13603500542512215,0.412,0.0022624434389140274,0.3778280542986425,0,6,3536,1.2,0.151328256,0.9999082232155649
KITTI,mono,traj,JB,test,R2_cnn_clf,True,49152,0.1,354,0.12267290693067637,-0.0011094561172819276,0.3030652509745934,0.057946736065358016,-0.09098533813668423,0.277277018972128,0.3323045267489712,0.002824858757062147,0.14124293785310735,28,6,3536,1.2,0.151328256,0.9998989694979737
KITTI,mono,traj,JB,test,R2_cnn_clf,True,49152,0.2,707,0.11457398807573423,0.050519328862938806,0.24375915444868335,-0.007681727943047725,-0.1174557888390644,0.18825952370737967,0.654320987654321,0.0014144271570014145,0.14992927864214992,28,6,3536,1.2,0.151328256,0.9998989694979737
KITTI,mono,traj,JB,test,R2_cnn_clf,True,49152,0.3,1061,0.13253114808994423,0.04724551877083888,0.33415275760265,-0.05063984118153898,-0.1880728066188982,0.09131611756489685,0.6975308641975309,0.000942507068803016,0.1423185673892554,28,6,3536,1.2,0.151328256,0.9998989694979737
KITTI,mono,traj,JB,test,R2_cnn_clf,True,49152,0.5,1768,0.26399490042722207,0.0568832904493753,0.41573037585820144,-0.06203770069621976,-0.14714710656893668,0.04439379174984111,0.8611111111111112,0.0005656108597285068,0.1430995475113122,28,6,3536,1.2,0.151328256,0.9998989694979737
