track,geometry,system,target,setting,quota,arch,eta,official,ok
nuScenes,oracle,brake,J,quota,0.1,gate_ridge,0.18434522848536988,0.1843452284853698,True
nuScenes,oracle,brake,J,quota,0.2,gate_ridge,0.20217108660263017,0.2021710866026301,True
nuScenes,oracle,brake,J,quota,0.3,gate_ridge,0.3999724803037559,0.3999724803037559,True
nuScenes,oracle,brake,J,quota,0.5,gate_ridge,0.4100223396696762,0.4100223396696762,True
nuScenes,oracle,brake,J,quota,0.1,gate_gbm,-0.016077832659208834,-0.0160778326592088,True
nuScenes,oracle,brake,J,quota,0.2,gate_gbm,-0.06013962803689725,-0.0601396280368972,True
nuScenes,oracle,brake,J,quota,0.3,gate_gbm,-0.12899006001208407,-0.128990060012084,True
nuScenes,oracle,brake,J,quota,0.5,gate_gbm,0.15381395145955346,0.1538139514595534,True
nuScenes,oracle,brake,J,quota,0.1,R1_mlp_reg,-0.023534545355087585,-0.0235345453550875,True
nuScenes,oracle,brake,J,quota,0.2,R1_mlp_reg,0.18580179832831845,0.1858017983283184,True
nuScenes,oracle,brake,J,quota,0.3,R1_mlp_reg,0.2946226536628813,0.2946226536628813,True
nuScenes,oracle,brake,J,quota,0.5,R1_mlp_reg,0.515715759019793,0.515715759019793,True
nuScenes,oracle,brake,J,quota,0.1,R1_mlp_clf,0.035594444764764865,0.0355944447647648,True
nuScenes,oracle,brake,J,quota,0.2,R1_mlp_clf,0.13072451855751852,0.1307245185575185,True
nuScenes,oracle,brake,J,quota,0.3,R1_mlp_clf,0.14854762702148058,0.1485476270214805,True
nuScenes,oracle,brake,J,quota,0.5,R1_mlp_clf,0.14594872384861474,0.1459487238486147,True
nuScenes,oracle,brake,J,quota,0.1,R1_gbm_reg,0.047955067979664354,0.0479550679796643,True
nuScenes,oracle,brake,J,quota,0.2,R1_gbm_reg,0.31722929948753875,0.3172292994875387,True
nuScenes,oracle,brake,J,quota,0.3,R1_gbm_reg,0.54025151318763,0.54025151318763,True
nuScenes,oracle,brake,J,quota,0.5,R1_gbm_reg,0.5012937390788932,0.5012937390788932,True
nuScenes,oracle,brake,J,quota,0.1,R1_gbm_clf,-0.05455175025484875,-0.0545517502548487,True
nuScenes,oracle,brake,J,quota,0.2,R1_gbm_clf,0.35483437329742334,0.3548343732974233,True
nuScenes,oracle,brake,J,quota,0.3,R1_gbm_clf,0.4279501311472544,0.4279501311472544,True
nuScenes,oracle,brake,J,quota,0.5,R1_gbm_clf,0.32187824828300354,0.3218782482830035,True
nuScenes,oracle,brake,J,budget_ms_20,0.2,gate_ridge,0.0,0.0,True
nuScenes,oracle,brake,J,budget_ms_20,0.2,gate_gbm,0.0,0.0,True
nuScenes,oracle,brake,J,budget_ms_20,0.2,R1_mlp_reg,-0.038121801804444286,-0.0381218018044442,True
nuScenes,oracle,brake,J,budget_ms_20,0.2,R1_mlp_clf,0.12453333351214223,0.1245333335121422,True
nuScenes,oracle,brake,J,budget_ms_20,0.2,R1_gbm_reg,0.0,0.0,True
nuScenes,oracle,brake,J,budget_ms_20,0.2,R1_gbm_clf,0.0,0.0,True
nuScenes,oracle,brake,J,budget_ms_20,0.2,gate_gbm_batched,-0.08754476986476699,-0.0875447698647669,True
nuScenes,oracle,plan_ade,JC_ade,quota,0.1,gate_ridge,0.0038457712953036778,0.0038457712953036,True
nuScenes,oracle,plan_ade,JC_ade,quota,0.2,gate_ridge,-0.08372217133918496,-0.0837221713391849,True
nuScenes,oracle,plan_ade,JC_ade,quota,0.3,gate_ridge,-0.011465363875793062,-0.011465363875793,True
nuScenes,oracle,plan_ade,JC_ade,quota,0.5,gate_ridge,0.1113707388787408,0.1113707388787408,True
nuScenes,oracle,plan_ade,JC_ade,quota,0.1,gate_gbm,-0.14090610717020552,-0.1409061071702055,True
nuScenes,oracle,plan_ade,JC_ade,quota,0.2,gate_gbm,-0.13478833453055686,-0.1347883345305568,True
nuScenes,oracle,plan_ade,JC_ade,quota,0.3,gate_gbm,-0.1098889416299879,-0.1098889416299879,True
nuScenes,oracle,plan_ade,JC_ade,quota,0.5,gate_gbm,-0.06305355162816806,-0.063053551628168,True
nuScenes,oracle,plan_ade,JC_ade,quota,0.1,R1_mlp_reg,0.04682033787815226,0.0468203378781522,True
nuScenes,oracle,plan_ade,JC_ade,quota,0.2,R1_mlp_reg,-0.06034190950035627,-0.0603419095003562,True
nuScenes,oracle,plan_ade,JC_ade,quota,0.3,R1_mlp_reg,-0.04646948307589533,-0.0464694830758953,True
nuScenes,oracle,plan_ade,JC_ade,quota,0.5,R1_mlp_reg,0.1468691332098433,0.1468691332098433,True
nuScenes,oracle,plan_ade,JC_ade,quota,0.1,R1_mlp_clf,-0.050338350683062624,-0.0503383506830626,True
nuScenes,oracle,plan_ade,JC_ade,quota,0.2,R1_mlp_clf,0.04638566028854274,0.0463856602885427,True
nuScenes,oracle,plan_ade,JC_ade,quota,0.3,R1_mlp_clf,0.04095296669368383,0.0409529666936838,True
nuScenes,oracle,plan_ade,JC_ade,quota,0.5,R1_mlp_clf,0.0343596119971833,0.0343596119971833,True
nuScenes,oracle,plan_ade,JC_ade,quota,0.1,R1_gbm_reg,-0.11433396141315035,-0.1143339614131503,True
nuScenes,oracle,plan_ade,JC_ade,quota,0.2,R1_gbm_reg,-0.10987772467015096,-0.1098777246701509,True
nuScenes,oracle,plan_ade,JC_ade,quota,0.3,R1_gbm_reg,-0.1252196608219153,-0.1252196608219153,True
nuScenes,oracle,plan_ade,JC_ade,quota,0.5,R1_gbm_reg,-0.019579642128692273,-0.0195796421286922,True
nuScenes,oracle,plan_ade,JC_ade,quota,0.1,R1_gbm_clf,-0.020150582133952228,-0.0201505821339522,True
nuScenes,oracle,plan_ade,JC_ade,quota,0.2,R1_gbm_clf,-0.06382007457371967,-0.0638200745737196,True
nuScenes,oracle,plan_ade,JC_ade,quota,0.3,R1_gbm_clf,-0.05037431747308483,-0.0503743174730848,True
nuScenes,oracle,plan_ade,JC_ade,quota,0.5,R1_gbm_clf,-0.029236786140526026,-0.029236786140526,True
nuScenes,oracle,plan_ade,JC_ade,budget_ms_20,0.2,gate_ridge,0.0,0.0,True
nuScenes,oracle,plan_ade,JC_ade,budget_ms_20,0.2,gate_gbm,0.0,0.0,True
nuScenes,oracle,plan_ade,JC_ade,budget_ms_20,0.2,R1_mlp_reg,0.029904190953025135,0.0299041909530251,True
nuScenes,oracle,plan_ade,JC_ade,budget_ms_20,0.2,R1_mlp_clf,-0.0360352545037818,-0.0360352545037818,True
nuScenes,oracle,plan_ade,JC_ade,budget_ms_20,0.2,R1_gbm_reg,0.0,0.0,True
nuScenes,oracle,plan_ade,JC_ade,budget_ms_20,0.2,R1_gbm_clf,0.0,0.0,True
nuScenes,oracle,plan_ade,JC_ade,budget_ms_20,0.2,gate_gbm_batched,-0.01373996668999565,-0.0137399666899956,True
nuScenes,oracle,plan_fde,JC_fde,quota,0.1,gate_ridge,0.05588855650660879,0.0558885565066087,True
nuScenes,oracle,plan_fde,JC_fde,quota,0.2,gate_ridge,-0.013077775202718649,-0.0130777752027186,True
nuScenes,oracle,plan_fde,JC_fde,quota,0.3,gate_ridge,0.0011076805142467782,0.0011076805142467,True
nuScenes,oracle,plan_fde,JC_fde,quota,0.5,gate_ridge,0.20485184769345785,0.2048518476934578,True
nuScenes,oracle,plan_fde,JC_fde,quota,0.1,gate_gbm,-0.17027269474420517,-0.1702726947442051,True
nuScenes,oracle,plan_fde,JC_fde,quota,0.2,gate_gbm,-0.21301692640251485,-0.2130169264025148,True
nuScenes,oracle,plan_fde,JC_fde,quota,0.3,gate_gbm,-0.160377899918356,-0.160377899918356,True
nuScenes,oracle,plan_fde,JC_fde,quota,0.5,gate_gbm,-0.12221890696199544,-0.1222189069619954,True
nuScenes,oracle,plan_fde,JC_fde,quota,0.1,R1_mlp_reg,0.08628802436548957,0.0862880243654895,True
nuScenes,oracle,plan_fde,JC_fde,quota,0.2,R1_mlp_reg,0.10705249163704837,0.1070524916370483,True
nuScenes,oracle,plan_fde,JC_fde,quota,0.3,R1_mlp_reg,0.18713002707693946,0.1871300270769394,True
nuScenes,oracle,plan_fde,JC_fde,quota,0.5,R1_mlp_reg,0.17117351668820138,0.1711735166882013,True
nuScenes,oracle,plan_fde,JC_fde,quota,0.1,R1_mlp_clf,0.20489331026795266,0.2048933102679526,True
nuScenes,oracle,plan_fde,JC_fde,quota,0.2,R1_mlp_clf,0.18186591110092737,0.1818659111009273,True
nuScenes,oracle,plan_fde,JC_fde,quota,0.3,R1_mlp_clf,0.12983224588112652,0.1298322458811265,True
nuScenes,oracle,plan_fde,JC_fde,quota,0.5,R1_mlp_clf,0.18183942136706,0.18183942136706,True
nuScenes,oracle,plan_fde,JC_fde,quota,0.1,R1_gbm_reg,0.07029598374748897,0.0702959837474889,True
nuScenes,oracle,plan_fde,JC_fde,quota,0.2,R1_gbm_reg,-0.04939200307473224,-0.0493920030747322,True
nuScenes,oracle,plan_fde,JC_fde,quota,0.3,R1_gbm_reg,-0.012000292672340393,-0.0120002926723403,True
nuScenes,oracle,plan_fde,JC_fde,quota,0.5,R1_gbm_reg,0.30937688898056454,0.3093768889805645,True
nuScenes,oracle,plan_fde,JC_fde,quota,0.1,R1_gbm_clf,0.10610863041813762,0.1061086304181376,True
nuScenes,oracle,plan_fde,JC_fde,quota,0.2,R1_gbm_clf,0.20232613820483877,0.2023261382048387,True
nuScenes,oracle,plan_fde,JC_fde,quota,0.3,R1_gbm_clf,0.21417120970247444,0.2141712097024744,True
nuScenes,oracle,plan_fde,JC_fde,quota,0.5,R1_gbm_clf,0.1750484299121583,0.1750484299121583,True
nuScenes,oracle,plan_fde,JC_fde,budget_ms_20,0.2,gate_ridge,0.0,0.0,True
nuScenes,oracle,plan_fde,JC_fde,budget_ms_20,0.2,gate_gbm,0.0,0.0,True
nuScenes,oracle,plan_fde,JC_fde,budget_ms_20,0.2,R1_mlp_reg,0.1268303708950266,0.1268303708950266,True
nuScenes,oracle,plan_fde,JC_fde,budget_ms_20,0.2,R1_mlp_clf,0.225947652862839,0.225947652862839,True
nuScenes,oracle,plan_fde,JC_fde,budget_ms_20,0.2,R1_gbm_reg,0.0,0.0,True
nuScenes,oracle,plan_fde,JC_fde,budget_ms_20,0.2,R1_gbm_clf,0.0,0.0,True
nuScenes,oracle,plan_fde,JC_fde,budget_ms_20,0.2,gate_gbm_batched,-0.0049979250192191535,-0.0049979250192191,True
nuScenes,mono,brake,J,quota,0.1,gate_ridge,0.15732510139205744,0.1573251013920574,True
nuScenes,mono,brake,J,quota,0.2,gate_ridge,0.2513530972218521,0.2513530972218521,True
nuScenes,mono,brake,J,quota,0.3,gate_ridge,0.23948254677996553,0.2394825467799655,True
nuScenes,mono,brake,J,quota,0.5,gate_ridge,0.15631452117857803,0.156314521178578,True
nuScenes,mono,brake,J,quota,0.1,gate_gbm,0.1303837362881611,0.1303837362881611,True
nuScenes,mono,brake,J,quota,0.2,gate_gbm,0.2744455725425959,0.2744455725425959,True
nuScenes,mono,brake,J,quota,0.3,gate_gbm,0.31109539885594134,0.3110953988559413,True
nuScenes,mono,brake,J,quota,0.5,gate_gbm,0.3528633747439552,0.3528633747439552,True
nuScenes,mono,brake,J,quota,0.1,R1_mlp_reg,0.07690773201605963,0.0769077320160596,True
nuScenes,mono,brake,J,quota,0.2,R1_mlp_reg,0.0805396730425995,0.0805396730425995,True
nuScenes,mono,brake,J,quota,0.3,R1_mlp_reg,0.08377385968897796,0.0837738596889779,True
nuScenes,mono,brake,J,quota,0.5,R1_mlp_reg,0.0971872468251705,0.0971872468251705,True
nuScenes,mono,brake,J,quota,0.1,R1_mlp_clf,0.12328813771792305,0.123288137717923,True
nuScenes,mono,brake,J,quota,0.2,R1_mlp_clf,0.25747500455152644,0.2574750045515264,True
nuScenes,mono,brake,J,quota,0.3,R1_mlp_clf,0.15606424933378105,0.156064249333781,True
nuScenes,mono,brake,J,quota,0.5,R1_mlp_clf,0.14115878072894997,0.1411587807289499,True
nuScenes,mono,brake,J,quota,0.1,R1_gbm_reg,0.04267501050260609,0.042675010502606,True
nuScenes,mono,brake,J,quota,0.2,R1_gbm_reg,0.2705794578062933,0.2705794578062933,True
nuScenes,mono,brake,J,quota,0.3,R1_gbm_reg,0.2720147430549996,0.2720147430549996,True
nuScenes,mono,brake,J,quota,0.5,R1_gbm_reg,0.564675540699516,0.564675540699516,True
nuScenes,mono,brake,J,quota,0.1,R1_gbm_clf,0.18877854698861965,0.1887785469886196,True
nuScenes,mono,brake,J,quota,0.2,R1_gbm_clf,0.25256421635077797,0.2525642163507779,True
nuScenes,mono,brake,J,quota,0.3,R1_gbm_clf,0.25475872194972804,0.254758721949728,True
nuScenes,mono,brake,J,quota,0.5,R1_gbm_clf,0.4968983187920999,0.4968983187920999,True
nuScenes,mono,brake,J,budget_ms_20,0.2,gate_ridge,0.0,0.0,True
nuScenes,mono,brake,J,budget_ms_20,0.2,gate_gbm,0.0,0.0,True
nuScenes,mono,brake,J,budget_ms_20,0.2,R1_mlp_reg,0.06775258228737188,0.0677525822873718,True
nuScenes,mono,brake,J,budget_ms_20,0.2,R1_mlp_clf,0.17409036187831178,0.1740903618783117,True
nuScenes,mono,brake,J,budget_ms_20,0.2,R1_gbm_reg,0.0,0.0,True
nuScenes,mono,brake,J,budget_ms_20,0.2,R1_gbm_clf,0.0,0.0,True
nuScenes,mono,brake,J,budget_ms_20,0.2,gate_gbm_batched,0.1438317120935062,0.1438317120935062,True
nuScenes,mono,plan_ade,JC_ade,quota,0.1,gate_ridge,-0.023937206381151366,-0.0239372063811513,True
nuScenes,mono,plan_ade,JC_ade,quota,0.2,gate_ridge,0.021792383987890244,0.0217923839878902,True
nuScenes,mono,plan_ade,JC_ade,quota,0.3,gate_ridge,0.07666779505986933,0.0766677950598693,True
nuScenes,mono,plan_ade,JC_ade,quota,0.5,gate_ridge,0.16109867027592156,0.1610986702759215,True
nuScenes,mono,plan_ade,JC_ade,quota,0.1,gate_gbm,0.004950310532173366,0.0049503105321733,True
nuScenes,mono,plan_ade,JC_ade,quota,0.2,gate_gbm,0.08862901548960772,0.0886290154896077,True
nuScenes,mono,plan_ade,JC_ade,quota,0.3,gate_gbm,0.153166509506939,0.153166509506939,True
nuScenes,mono,plan_ade,JC_ade,quota,0.5,gate_gbm,0.1400666162009699,0.1400666162009699,True
nuScenes,mono,plan_ade,JC_ade,quota,0.1,R1_mlp_reg,0.11212069398636333,0.1121206939863633,True
nuScenes,mono,plan_ade,JC_ade,quota,0.2,R1_mlp_reg,0.13636997476716792,0.1363699747671679,True
nuScenes,mono,plan_ade,JC_ade,quota,0.3,R1_mlp_reg,0.25074640975862733,0.2507464097586273,True
nuScenes,mono,plan_ade,JC_ade,quota,0.5,R1_mlp_reg,0.2656973273251882,0.2656973273251882,True
nuScenes,mono,plan_ade,JC_ade,quota,0.1,R1_mlp_clf,0.06929418670451297,0.0692941867045129,True
nuScenes,mono,plan_ade,JC_ade,quota,0.2,R1_mlp_clf,0.13504024890663607,0.135040248906636,True
nuScenes,mono,plan_ade,JC_ade,quota,0.3,R1_mlp_clf,0.24476089374606724,0.2447608937460672,True
nuScenes,mono,plan_ade,JC_ade,quota,0.5,R1_mlp_clf,0.3988177829968545,0.3988177829968545,True
nuScenes,mono,plan_ade,JC_ade,quota,0.1,R1_gbm_reg,0.08423705336585757,0.0842370533658575,True
nuScenes,mono,plan_ade,JC_ade,quota,0.2,R1_gbm_reg,0.1370489784501209,0.1370489784501209,True
nuScenes,mono,plan_ade,JC_ade,quota,0.3,R1_gbm_reg,0.15023421686952032,0.1502342168695203,True
nuScenes,mono,plan_ade,JC_ade,quota,0.5,R1_gbm_reg,0.24078911221148797,0.2407891122114879,True
nuScenes,mono,plan_ade,JC_ade,quota,0.1,R1_gbm_clf,0.019688130925161147,0.0196881309251611,True
nuScenes,mono,plan_ade,JC_ade,quota,0.2,R1_gbm_clf,0.12064650888375544,0.1206465088837554,True
nuScenes,mono,plan_ade,JC_ade,quota,0.3,R1_gbm_clf,0.15180509741794138,0.1518050974179413,True
nuScenes,mono,plan_ade,JC_ade,quota,0.5,R1_gbm_clf,0.2779365018496663,0.2779365018496663,True
nuScenes,mono,plan_ade,JC_ade,budget_ms_20,0.2,gate_ridge,0.0,0.0,True
nuScenes,mono,plan_ade,JC_ade,budget_ms_20,0.2,gate_gbm,0.0,0.0,True
nuScenes,mono,plan_ade,JC_ade,budget_ms_20,0.2,R1_mlp_reg,0.13550099479798583,0.1355009947979858,True
nuScenes,mono,plan_ade,JC_ade,budget_ms_20,0.2,R1_mlp_clf,0.1336884783607576,0.1336884783607576,True
nuScenes,mono,plan_ade,JC_ade,budget_ms_20,0.2,R1_gbm_reg,0.0,0.0,True
nuScenes,mono,plan_ade,JC_ade,budget_ms_20,0.2,R1_gbm_clf,0.0,0.0,True
nuScenes,mono,plan_ade,JC_ade,budget_ms_20,0.2,gate_gbm_batched,0.004059405587631136,0.0040594055876311,True
nuScenes,mono,plan_fde,JC_fde,quota,0.1,gate_ridge,-0.024753373341244014,-0.024753373341244,True
nuScenes,mono,plan_fde,JC_fde,quota,0.2,gate_ridge,-0.06447427028240947,-0.0644742702824094,True
nuScenes,mono,plan_fde,JC_fde,quota,0.3,gate_ridge,-0.05364060263786844,-0.0536406026378684,True
nuScenes,mono,plan_fde,JC_fde,quota,0.5,gate_ridge,0.15591130559298666,0.1559113055929866,True
nuScenes,mono,plan_fde,JC_fde,quota,0.1,gate_gbm,-0.07906025729083098,-0.0790602572908309,True
nuScenes,mono,plan_fde,JC_fde,quota,0.2,gate_gbm,-0.03966268572963357,-0.0396626857296335,True
nuScenes,mono,plan_fde,JC_fde,quota,0.3,gate_gbm,0.09268219616651728,0.0926821961665172,True
nuScenes,mono,plan_fde,JC_fde,quota,0.5,gate_gbm,0.30250513960542574,0.3025051396054257,True
nuScenes,mono,plan_fde,JC_fde,quota,0.1,R1_mlp_reg,0.17042584555989113,0.1704258455598911,True
nuScenes,mono,plan_fde,JC_fde,quota,0.2,R1_mlp_reg,0.16550149368443937,0.1655014936844393,True
nuScenes,mono,plan_fde,JC_fde,quota,0.3,R1_mlp_reg,0.12340656035265463,0.1234065603526546,True
nuScenes,mono,plan_fde,JC_fde,quota,0.5,R1_mlp_reg,0.12761068210123974,0.1276106821012397,True
nuScenes,mono,plan_fde,JC_fde,quota,0.1,R1_mlp_clf,0.06726314362487643,0.0672631436248764,True
nuScenes,mono,plan_fde,JC_fde,quota,0.2,R1_mlp_clf,0.11421619310145305,0.114216193101453,True
nuScenes,mono,plan_fde,JC_fde,quota,0.3,R1_mlp_clf,0.1968122349700922,0.1968122349700922,True
nuScenes,mono,plan_fde,JC_fde,quota,0.5,R1_mlp_clf,0.11732055754765137,0.1173205575476513,True
nuScenes,mono,plan_fde,JC_fde,quota,0.1,R1_gbm_reg,0.03516177235982171,0.0351617723598217,True
nuScenes,mono,plan_fde,JC_fde,quota,0.2,R1_gbm_reg,0.034216223502314944,0.0342162235023149,True
nuScenes,mono,plan_fde,JC_fde,quota,0.3,R1_gbm_reg,0.014935849873105712,0.0149358498731057,True
nuScenes,mono,plan_fde,JC_fde,quota,0.5,R1_gbm_reg,0.10072282219214125,0.1007228221921412,True
nuScenes,mono,plan_fde,JC_fde,quota,0.1,R1_gbm_clf,0.015040682357135899,0.0150406823571358,True
nuScenes,mono,plan_fde,JC_fde,quota,0.2,R1_gbm_clf,0.017543014222165716,0.0175430142221657,True
nuScenes,mono,plan_fde,JC_fde,quota,0.3,R1_gbm_clf,0.02946193241090585,0.0294619324109058,True
nuScenes,mono,plan_fde,JC_fde,quota,0.5,R1_gbm_clf,0.14915242764337278,0.1491524276433727,True
nuScenes,mono,plan_fde,JC_fde,budget_ms_20,0.2,gate_ridge,0.0,0.0,True
nuScenes,mono,plan_fde,JC_fde,budget_ms_20,0.2,gate_gbm,0.0,0.0,True
nuScenes,mono,plan_fde,JC_fde,budget_ms_20,0.2,R1_mlp_reg,0.17748718549263695,0.1774871854926369,True
nuScenes,mono,plan_fde,JC_fde,budget_ms_20,0.2,R1_mlp_clf,0.1251054452424611,0.1251054452424611,True
nuScenes,mono,plan_fde,JC_fde,budget_ms_20,0.2,R1_gbm_reg,0.0,0.0,True
nuScenes,mono,plan_fde,JC_fde,budget_ms_20,0.2,R1_gbm_clf,0.0,0.0,True
nuScenes,mono,plan_fde,JC_fde,budget_ms_20,0.2,gate_gbm_batched,0.001441898762776398,0.0014418987627763,True
KITTI,oracle,brake,J,quota,0.1,gate_ridge,0.05873106624552544,0.0587310662455254,True
KITTI,oracle,brake,J,quota,0.2,gate_ridge,0.23358204690953963,0.2335820469095396,True
KITTI,oracle,brake,J,quota,0.3,gate_ridge,0.27863214050644164,0.2786321405064416,True
KITTI,oracle,brake,J,quota,0.5,gate_ridge,0.26654905463147943,0.2665490546314794,True
KITTI,oracle,brake,J,quota,0.1,gate_gbm,0.07823735273260969,0.0782373527326096,True
KITTI,oracle,brake,J,quota,0.2,gate_gbm,0.2013597056903986,0.2013597056903986,True
KITTI,oracle,brake,J,quota,0.3,gate_gbm,0.37693452516508624,0.3769345251650862,True
KITTI,oracle,brake,J,quota,0.5,gate_gbm,0.6311644506614923,0.6311644506614923,True
KITTI,oracle,brake,J,quota,0.1,R1_mlp_reg,0.09618746876223509,0.096187468762235,True
KITTI,oracle,brake,J,quota,0.2,R1_mlp_reg,0.2385842173630035,0.2385842173630035,True
KITTI,oracle,brake,J,quota,0.3,R1_mlp_reg,0.40667847621066816,0.4066784762106681,True
KITTI,oracle,brake,J,quota,0.5,R1_mlp_reg,0.5078170811873821,0.5078170811873821,True
KITTI,oracle,brake,J,quota,0.1,R1_mlp_clf,0.1754526445711225,0.1754526445711225,True
KITTI,oracle,brake,J,quota,0.2,R1_mlp_clf,0.2944599313668216,0.2944599313668216,True
KITTI,oracle,brake,J,quota,0.3,R1_mlp_clf,0.3938023647101328,0.3938023647101328,True
KITTI,oracle,brake,J,quota,0.5,R1_mlp_clf,0.5791711592161148,0.5791711592161148,True
KITTI,oracle,brake,J,quota,0.1,R1_gbm_reg,0.1259484419261831,0.1259484419261831,True
KITTI,oracle,brake,J,quota,0.2,R1_gbm_reg,0.2730397235270348,0.2730397235270348,True
KITTI,oracle,brake,J,quota,0.3,R1_gbm_reg,0.4764025808848761,0.4764025808848761,True
KITTI,oracle,brake,J,quota,0.5,R1_gbm_reg,0.5589809682409129,0.5589809682409129,True
KITTI,oracle,brake,J,quota,0.1,R1_gbm_clf,0.26526145507954324,0.2652614550795432,True
KITTI,oracle,brake,J,quota,0.2,R1_gbm_clf,0.3486827082780155,0.3486827082780155,True
KITTI,oracle,brake,J,quota,0.3,R1_gbm_clf,0.5116088147507714,0.5116088147507714,True
KITTI,oracle,brake,J,quota,0.5,R1_gbm_clf,0.6265633450587214,0.6265633450587214,True
KITTI,oracle,brake,J,budget_ms_20,0.2,gate_ridge,0.0,0.0,True
KITTI,oracle,brake,J,budget_ms_20,0.2,gate_gbm,0.0,0.0,True
KITTI,oracle,brake,J,budget_ms_20,0.2,R1_mlp_reg,0.16423340632977623,0.1642334063297762,True
KITTI,oracle,brake,J,budget_ms_20,0.2,R1_mlp_clf,0.2634832813782769,0.2634832813782769,True
KITTI,oracle,brake,J,budget_ms_20,0.2,R1_gbm_reg,0.0,0.0,True
KITTI,oracle,brake,J,budget_ms_20,0.2,R1_gbm_clf,0.0,0.0,True
KITTI,oracle,brake,J,budget_ms_20,0.2,gate_gbm_batched,0.012117974121319519,0.0121179741213195,True
KITTI,oracle,traj,JB,quota,0.1,gate_ridge,0.24042778771569362,0.2404277877156936,True
KITTI,oracle,traj,JB,quota,0.2,gate_ridge,0.45595489004931256,0.4559548900493125,True
KITTI,oracle,traj,JB,quota,0.3,gate_ridge,0.5382384802402096,0.5382384802402096,True
KITTI,oracle,traj,JB,quota,0.5,gate_ridge,0.5545415803766613,0.5545415803766613,True
KITTI,oracle,traj,JB,quota,0.1,gate_gbm,0.2910553693730437,0.2910553693730437,True
KITTI,oracle,traj,JB,quota,0.2,gate_gbm,0.5750197548262174,0.5750197548262174,True
KITTI,oracle,traj,JB,quota,0.3,gate_gbm,0.760511248321243,0.760511248321243,True
KITTI,oracle,traj,JB,quota,0.5,gate_gbm,0.9692766767776011,0.9692766767776012,True
KITTI,oracle,traj,JB,quota,0.1,R1_mlp_reg,0.2273446422502143,0.2273446422502143,True
KITTI,oracle,traj,JB,quota,0.2,R1_mlp_reg,0.4089410950023817,0.4089410950023817,True
KITTI,oracle,traj,JB,quota,0.3,R1_mlp_reg,0.5983482238539645,0.5983482238539645,True
KITTI,oracle,traj,JB,quota,0.5,R1_mlp_reg,0.7734958233604255,0.7734958233604255,True
KITTI,oracle,traj,JB,quota,0.1,R1_mlp_clf,0.3085056494744147,0.3085056494744147,True
KITTI,oracle,traj,JB,quota,0.2,R1_mlp_clf,0.46436139690971423,0.4643613969097142,True
KITTI,oracle,traj,JB,quota,0.3,R1_mlp_clf,0.5891245648096359,0.5891245648096359,True
KITTI,oracle,traj,JB,quota,0.5,R1_mlp_clf,0.8585938242762804,0.8585938242762804,True
KITTI,oracle,traj,JB,quota,0.1,R1_gbm_reg,0.30309365372623975,0.3030936537262397,True
KITTI,oracle,traj,JB,quota,0.2,R1_gbm_reg,0.48527628659454836,0.4852762865945483,True
KITTI,oracle,traj,JB,quota,0.3,R1_gbm_reg,0.7121731519283198,0.7121731519283198,True
KITTI,oracle,traj,JB,quota,0.5,R1_gbm_reg,0.8279354716746993,0.8279354716746993,True
KITTI,oracle,traj,JB,quota,0.1,R1_gbm_clf,0.31537575896224773,0.3153757589622477,True
KITTI,oracle,traj,JB,quota,0.2,R1_gbm_clf,0.485957209844271,0.485957209844271,True
KITTI,oracle,traj,JB,quota,0.3,R1_gbm_clf,0.6981492006598343,0.6981492006598343,True
KITTI,oracle,traj,JB,quota,0.5,R1_gbm_clf,0.9049080823281708,0.9049080823281708,True
KITTI,oracle,traj,JB,budget_ms_20,0.2,gate_ridge,0.0,0.0,True
KITTI,oracle,traj,JB,budget_ms_20,0.2,gate_gbm,0.0,0.0,True
KITTI,oracle,traj,JB,budget_ms_20,0.2,R1_mlp_reg,0.32756915972277223,0.3275691597227722,True
KITTI,oracle,traj,JB,budget_ms_20,0.2,R1_mlp_clf,0.40873016694697273,0.4087301669469727,True
KITTI,oracle,traj,JB,budget_ms_20,0.2,R1_gbm_reg,0.0,0.0,True
KITTI,oracle,traj,JB,budget_ms_20,0.2,R1_gbm_clf,0.0,0.0,True
KITTI,oracle,traj,JB,budget_ms_20,0.2,gate_gbm_batched,0.0,0.0,True
KITTI,mono,brake,J,quota,0.1,gate_ridge,0.03404858335391997,0.0340485833539199,True
KITTI,mono,brake,J,quota,0.2,gate_ridge,0.14930733082883615,0.1493073308288361,True
KITTI,mono,brake,J,quota,0.3,gate_ridge,0.2328304911763842,0.2328304911763842,True
KITTI,mono,brake,J,quota,0.5,gate_ridge,0.16039431393943074,0.1603943139394307,True
KITTI,mono,brake,J,quota,0.1,gate_gbm,0.060128389442166044,0.060128389442166,True
KITTI,mono,brake,J,quota,0.2,gate_gbm,0.11341785944589929,0.1134178594458992,True
KITTI,mono,brake,J,quota,0.3,gate_gbm,0.22757381272329674,0.2275738127232967,True
KITTI,mono,brake,J,quota,0.5,gate_gbm,0.3661989805366657,0.3661989805366657,True
KITTI,mono,brake,J,quota,0.1,R1_mlp_reg,0.0731725124671035,0.0731725124671035,True
KITTI,mono,brake,J,quota,0.2,R1_mlp_reg,0.17441354498483397,0.1744135449848339,True
KITTI,mono,brake,J,quota,0.3,R1_mlp_reg,0.26769833960723205,0.267698339607232,True
KITTI,mono,brake,J,quota,0.5,R1_mlp_reg,0.3915251627774832,0.3915251627774832,True
KITTI,mono,brake,J,quota,0.1,R1_mlp_clf,0.07742124619458171,0.0774212461945817,True
KITTI,mono,brake,J,quota,0.2,R1_mlp_clf,0.16844804900571136,0.1684480490057113,True
KITTI,mono,brake,J,quota,0.3,R1_mlp_clf,0.23163325241312896,0.2316332524131289,True
KITTI,mono,brake,J,quota,0.5,R1_mlp_clf,0.34293893278194976,0.3429389327819497,True
KITTI,mono,brake,J,quota,0.1,R1_gbm_reg,0.08484189079980796,0.0848418907998079,True
KITTI,mono,brake,J,quota,0.2,R1_gbm_reg,0.203208438970616,0.203208438970616,True
KITTI,mono,brake,J,quota,0.3,R1_gbm_reg,0.330367976670491,0.330367976670491,True
KITTI,mono,brake,J,quota,0.5,R1_gbm_reg,0.399459912628632,0.399459912628632,True
KITTI,mono,brake,J,quota,0.1,R1_gbm_clf,0.15782553061292737,0.1578255306129273,True
KITTI,mono,brake,J,quota,0.2,R1_gbm_clf,0.2200246211351387,0.2200246211351387,True
KITTI,mono,brake,J,quota,0.3,R1_gbm_clf,0.28665397485365995,0.2866539748536599,True
KITTI,mono,brake,J,quota,0.5,R1_gbm_clf,0.3204424304060212,0.3204424304060212,True
KITTI,mono,brake,J,budget_ms_20,0.2,gate_ridge,0.0,0.0,True
KITTI,mono,brake,J,budget_ms_20,0.2,gate_gbm,0.0,0.0,True
KITTI,mono,brake,J,budget_ms_20,0.2,R1_mlp_reg,0.1038699605860247,0.1038699605860247,True
KITTI,mono,brake,J,budget_ms_20,0.2,R1_mlp_clf,0.14077008682871006,0.14077008682871,True
KITTI,mono,brake,J,budget_ms_20,0.2,R1_gbm_reg,0.0,0.0,True
KITTI,mono,brake,J,budget_ms_20,0.2,R1_gbm_clf,0.0,0.0,True
KITTI,mono,brake,J,budget_ms_20,0.2,gate_gbm_batched,0.01028647451400134,0.0102864745140013,True
KITTI,mono,traj,JB,quota,0.1,gate_ridge,0.13076173061407526,0.1307617306140752,True
KITTI,mono,traj,JB,quota,0.2,gate_ridge,0.12530580770444688,0.1253058077044468,True
KITTI,mono,traj,JB,quota,0.3,gate_ridge,0.15652123119599715,0.1565212311959971,True
KITTI,mono,traj,JB,quota,0.5,gate_ridge,0.2508213540058849,0.2508213540058849,True
KITTI,mono,traj,JB,quota,0.1,gate_gbm,0.10211170950548476,0.1021117095054847,True
KITTI,mono,traj,JB,quota,0.2,gate_gbm,0.25894652526682105,0.258946525266821,True
KITTI,mono,traj,JB,quota,0.3,gate_gbm,0.31535652364593225,0.3153565236459322,True
KITTI,mono,traj,JB,quota,0.5,gate_gbm,0.4127139224212194,0.4127139224212194,True
KITTI,mono,traj,JB,quota,0.1,R1_mlp_reg,0.13980378267280494,0.1398037826728049,True
KITTI,mono,traj,JB,quota,0.2,R1_mlp_reg,0.21338535030208974,0.2133853503020897,True
KITTI,mono,traj,JB,quota,0.3,R1_mlp_reg,0.11144478492381966,0.1114447849238196,True
KITTI,mono,traj,JB,quota,0.5,R1_mlp_reg,0.3032637122385547,0.3032637122385547,True
KITTI,mono,traj,JB,quota,0.1,R1_mlp_clf,0.25265451433459307,0.252654514334593,True
KITTI,mono,traj,JB,quota,0.2,R1_mlp_clf,0.3367546667377614,0.3367546667377614,True
KITTI,mono,traj,JB,quota,0.3,R1_mlp_clf,0.21687372775379407,0.216873727753794,True
KITTI,mono,traj,JB,quota,0.5,R1_mlp_clf,0.38321395117528306,0.383213951175283,True
KITTI,mono,traj,JB,quota,0.1,R1_gbm_reg,0.1480079765890262,0.1480079765890262,True
KITTI,mono,traj,JB,quota,0.2,R1_gbm_reg,0.2826693245661487,0.2826693245661487,True
KITTI,mono,traj,JB,quota,0.3,R1_gbm_reg,0.41707396676802355,0.4170739667680235,True
KITTI,mono,traj,JB,quota,0.5,R1_gbm_reg,0.47425291587655444,0.4742529158765544,True
KITTI,mono,traj,JB,quota,0.1,R1_gbm_clf,0.04123639130863754,0.0412363913086375,True
KITTI,mono,traj,JB,quota,0.2,R1_gbm_clf,0.1148179589379224,0.1148179589379224,True
KITTI,mono,traj,JB,quota,0.3,R1_gbm_clf,0.19585833274612405,0.195858332746124,True
KITTI,mono,traj,JB,quota,0.5,R1_gbm_clf,0.46669325214719964,0.4666932521471996,True
KITTI,mono,traj,JB,budget_ms_20,0.2,gate_ridge,0.0,0.0,True
KITTI,mono,traj,JB,budget_ms_20,0.2,gate_gbm,0.0,0.0,True
KITTI,mono,traj,JB,budget_ms_20,0.2,R1_mlp_reg,0.18712110803214674,0.1871211080321467,True
KITTI,mono,traj,JB,budget_ms_20,0.2,R1_mlp_clf,0.29997183969393487,0.2999718396939348,True
KITTI,mono,traj,JB,budget_ms_20,0.2,R1_gbm_reg,0.0,0.0,True
KITTI,mono,traj,JB,budget_ms_20,0.2,R1_gbm_clf,0.0,0.0,True
KITTI,mono,traj,JB,budget_ms_20,0.2,gate_gbm_batched,0.0,0.0,True
nuPlan,n/a,pdm_closed,safety,quota,0.1,gate_ridge,0.8449951726962819,0.8449951726962819,True
nuPlan,n/a,pdm_closed,safety,quota,0.2,gate_ridge,0.9921085889806255,0.9921085889806256,True
nuPlan,n/a,pdm_closed,safety,quota,0.3,gate_ridge,0.9921085889806255,0.9921085889806256,True
nuPlan,n/a,pdm_closed,safety,quota,0.5,gate_ridge,0.9188866143939853,0.9188866143939852,True
nuPlan,n/a,pdm_closed,safety,quota,0.1,gate_gbm,0.9270882797045129,0.9270882797045128,True
nuPlan,n/a,pdm_closed,safety,quota,0.2,gate_gbm,0.9921085889806255,0.9921085889806256,True
nuPlan,n/a,pdm_closed,safety,quota,0.3,gate_gbm,0.9921085889806255,0.9921085889806256,True
nuPlan,n/a,pdm_closed,safety,quota,0.5,gate_gbm,0.9921085889806255,0.9921085889806256,True
nuPlan,n/a,pdm_closed,safety,quota,0.1,R1_mlp_reg,0.0033365156003415685,0.0033365156003415,True
nuPlan,n/a,pdm_closed,safety,quota,0.2,R1_mlp_reg,0.1434503857702971,0.1434503857702971,True
nuPlan,n/a,pdm_closed,safety,quota,0.3,R1_mlp_reg,0.2134957658556118,0.2134957658556118,True
nuPlan,n/a,pdm_closed,safety,quota,0.5,R1_mlp_reg,0.4983069100476104,0.4983069100476104,True
nuPlan,n/a,pdm_closed,safety,quota,0.1,R1_mlp_clf,0.06899080671212239,0.0689908067121223,True
nuPlan,n/a,pdm_closed,safety,quota,0.2,R1_mlp_clf,-0.06672041948463618,-0.0667204194846361,True
nuPlan,n/a,pdm_closed,safety,quota,0.3,R1_mlp_clf,0.07339345068531931,0.0733934506853193,True
nuPlan,n/a,pdm_closed,safety,quota,0.5,R1_mlp_clf,0.3580781244739611,0.3580781244739611,True
nuPlan,n/a,pdm_closed,safety,quota,0.1,R1_gbm_reg,0.07183403692296864,0.0718340369229686,True
nuPlan,n/a,pdm_closed,safety,quota,0.2,R1_gbm_reg,0.07183403692296864,0.0718340369229686,True
nuPlan,n/a,pdm_closed,safety,quota,0.3,R1_gbm_reg,-0.001273022259977703,-0.0012730222599777,True
nuPlan,n/a,pdm_closed,safety,quota,0.5,R1_gbm_reg,0.28647333062629565,0.2864733306262956,True
nuPlan,n/a,pdm_closed,safety,quota,0.1,R1_gbm_clf,0.0,0.0,True
nuPlan,n/a,pdm_closed,safety,quota,0.2,R1_gbm_clf,0.06897925171245935,0.0689792517124593,True
nuPlan,n/a,pdm_closed,safety,quota,0.3,R1_gbm_clf,0.06877235782533699,0.0687723578253369,True
nuPlan,n/a,pdm_closed,safety,quota,0.5,R1_gbm_clf,0.13882929291031473,0.1388292929103147,True
nuPlan,n/a,pdm_closed,safety,budget_ms_20,0.2,gate_ridge,0.35567431047395603,0.355674310473956,True
nuPlan,n/a,pdm_closed,safety,budget_ms_20,0.2,gate_gbm,0.0,0.0,True
nuPlan,n/a,pdm_closed,safety,budget_ms_20,0.2,R1_mlp_reg,0.1434503857702971,0.1434503857702971,True
nuPlan,n/a,pdm_closed,safety,budget_ms_20,0.2,R1_mlp_clf,0.0033365156003415733,0.0033365156003415,True
nuPlan,n/a,pdm_closed,safety,budget_ms_20,0.2,R1_gbm_reg,0.0,0.0,True
nuPlan,n/a,pdm_closed,safety,budget_ms_20,0.2,R1_gbm_clf,0.0,0.0,True
nuPlan,n/a,pdm_closed,safety,budget_ms_20,0.2,gate_gbm_batched,0.5013570341455791,0.5013570341455791,True
nuPlan,n/a,pdm_closed,scalar_J,quota,0.1,gate_ridge,0.8383660618283683,0.8383660618283683,True
nuPlan,n/a,pdm_closed,scalar_J,quota,0.2,gate_ridge,0.9881693559402288,0.9881693559402288,True
nuPlan,n/a,pdm_closed,scalar_J,quota,0.3,gate_ridge,0.9850458671228198,0.9850458671228198,True
nuPlan,n/a,pdm_closed,scalar_J,quota,0.5,gate_ridge,0.9004489757910216,0.9004489757910216,True
nuPlan,n/a,pdm_closed,scalar_J,quota,0.1,gate_gbm,0.9260728535035636,0.9260728535035636,True
nuPlan,n/a,pdm_closed,scalar_J,quota,0.2,gate_gbm,0.9893573565223529,0.9893573565223528,True
nuPlan,n/a,pdm_closed,scalar_J,quota,0.3,gate_gbm,0.9892972766301558,0.9892972766301558,True
nuPlan,n/a,pdm_closed,scalar_J,quota,0.5,gate_gbm,0.9891381096854984,0.9891381096854984,True
nuPlan,n/a,pdm_closed,scalar_J,quota,0.1,R1_mlp_reg,0.0027194656959144505,0.0027194656959144,True
nuPlan,n/a,pdm_closed,scalar_J,quota,0.2,R1_mlp_reg,0.14051048827290885,0.1405104882729088,True
nuPlan,n/a,pdm_closed,scalar_J,quota,0.3,R1_mlp_reg,0.14058513072765688,0.1405851307276568,True
nuPlan,n/a,pdm_closed,scalar_J,quota,0.5,R1_mlp_reg,0.4326660328493792,0.4326660328493792,True
nuPlan,n/a,pdm_closed,scalar_J,quota,0.1,R1_mlp_clf,0.13528005769650828,0.1352800576965082,True
nuPlan,n/a,pdm_closed,scalar_J,quota,0.2,R1_mlp_clf,0.2775625847881968,0.2775625847881968,True
nuPlan,n/a,pdm_closed,scalar_J,quota,0.3,R1_mlp_clf,0.6756298141283948,0.6756298141283948,True
nuPlan,n/a,pdm_closed,scalar_J,quota,0.5,R1_mlp_clf,0.6083287024985333,0.6083287024985333,True
nuPlan,n/a,pdm_closed,scalar_J,quota,0.1,R1_gbm_reg,0.06438962487940961,0.0643896248794096,True
nuPlan,n/a,pdm_closed,scalar_J,quota,0.2,R1_gbm_reg,0.06457820953947828,0.0645782095394782,True
nuPlan,n/a,pdm_closed,scalar_J,quota,0.3,R1_gbm_reg,0.13478272651832518,0.1347827265183251,True
nuPlan,n/a,pdm_closed,scalar_J,quota,0.5,R1_gbm_reg,0.13110605615109652,0.1311060561510965,True
nuPlan,n/a,pdm_closed,scalar_J,quota,0.1,R1_gbm_clf,0.00167663892314626,0.0016766389231462,True
nuPlan,n/a,pdm_closed,scalar_J,quota,0.2,R1_gbm_clf,0.07226030595436043,0.0722603059543604,True
nuPlan,n/a,pdm_closed,scalar_J,quota,0.3,R1_gbm_clf,0.06495091189024785,0.0649509118902478,True
nuPlan,n/a,pdm_closed,scalar_J,quota,0.5,R1_gbm_clf,0.26776602692924495,0.2677660269292449,True
nuPlan,n/a,pdm_closed,scalar_J,budget_ms_20,0.2,gate_ridge,0.35376522807050664,0.3537652280705066,True
nuPlan,n/a,pdm_closed,scalar_J,budget_ms_20,0.2,gate_gbm,0.0,0.0,True
nuPlan,n/a,pdm_closed,scalar_J,budget_ms_20,0.2,R1_mlp_reg,0.14051048827290885,0.1405104882729088,True
nuPlan,n/a,pdm_closed,scalar_J,budget_ms_20,0.2,R1_mlp_clf,0.20883228705926943,0.2088322870592694,True
nuPlan,n/a,pdm_closed,scalar_J,budget_ms_20,0.2,R1_gbm_reg,0.0,0.0,True
nuPlan,n/a,pdm_closed,scalar_J,budget_ms_20,0.2,R1_gbm_clf,0.0,0.0,True
nuPlan,n/a,pdm_closed,scalar_J,budget_ms_20,0.2,gate_gbm_batched,0.5741586874852933,0.5741586874852933,True
nuPlan,n/a,idm,safety,quota,0.1,gate_ridge,,,True
nuPlan,n/a,idm,safety,quota,0.2,gate_ridge,,,True
nuPlan,n/a,idm,safety,quota,0.3,gate_ridge,,,True
nuPlan,n/a,idm,safety,quota,0.5,gate_ridge,,,True
nuPlan,n/a,idm,safety,quota,0.1,gate_gbm,,,True
nuPlan,n/a,idm,safety,quota,0.2,gate_gbm,,,True
nuPlan,n/a,idm,safety,quota,0.3,gate_gbm,,,True
nuPlan,n/a,idm,safety,quota,0.5,gate_gbm,,,True
nuPlan,n/a,idm,safety,quota,0.1,R1_mlp_reg,,,True
nuPlan,n/a,idm,safety,quota,0.2,R1_mlp_reg,,,True
nuPlan,n/a,idm,safety,quota,0.3,R1_mlp_reg,,,True
nuPlan,n/a,idm,safety,quota,0.5,R1_mlp_reg,,,True
nuPlan,n/a,idm,safety,quota,0.1,R1_mlp_clf,,,True
nuPlan,n/a,idm,safety,quota,0.2,R1_mlp_clf,,,True
nuPlan,n/a,idm,safety,quota,0.3,R1_mlp_clf,,,True
nuPlan,n/a,idm,safety,quota,0.5,R1_mlp_clf,,,True
nuPlan,n/a,idm,safety,quota,0.1,R1_gbm_reg,,,True
nuPlan,n/a,idm,safety,quota,0.2,R1_gbm_reg,,,True
nuPlan,n/a,idm,safety,quota,0.3,R1_gbm_reg,,,True
nuPlan,n/a,idm,safety,quota,0.5,R1_gbm_reg,,,True
nuPlan,n/a,idm,safety,quota,0.1,R1_gbm_clf,,,True
nuPlan,n/a,idm,safety,quota,0.2,R1_gbm_clf,,,True
nuPlan,n/a,idm,safety,quota,0.3,R1_gbm_clf,,,True
nuPlan,n/a,idm,safety,quota,0.5,R1_gbm_clf,,,True
nuPlan,n/a,idm,safety,budget_ms_20,0.2,gate_ridge,,,True
nuPlan,n/a,idm,safety,budget_ms_20,0.2,gate_gbm,,,True
nuPlan,n/a,idm,safety,budget_ms_20,0.2,R1_mlp_reg,,,True
nuPlan,n/a,idm,safety,budget_ms_20,0.2,R1_mlp_clf,,,True
nuPlan,n/a,idm,safety,budget_ms_20,0.2,R1_gbm_reg,,,True
nuPlan,n/a,idm,safety,budget_ms_20,0.2,R1_gbm_clf,,,True
nuPlan,n/a,idm,safety,budget_ms_20,0.2,gate_gbm_batched,,,True
nuPlan,n/a,idm,scalar_J,quota,0.1,gate_ridge,0.0,0.0,True
nuPlan,n/a,idm,scalar_J,quota,0.2,gate_ridge,0.056206833299475525,0.0562068332994755,True
nuPlan,n/a,idm,scalar_J,quota,0.3,gate_ridge,0.056206833299475525,0.0562068332994755,True
nuPlan,n/a,idm,scalar_J,quota,0.5,gate_ridge,0.0628085946015181,0.0628085946015181,True
nuPlan,n/a,idm,scalar_J,quota,0.1,gate_gbm,0.0,0.0,True
nuPlan,n/a,idm,scalar_J,quota,0.2,gate_gbm,0.0,0.0,True
nuPlan,n/a,idm,scalar_J,quota,0.3,gate_gbm,0.0,0.0,True
nuPlan,n/a,idm,scalar_J,quota,0.5,gate_gbm,0.026285748924041594,0.0262857489240415,True
nuPlan,n/a,idm,scalar_J,quota,0.1,R1_mlp_reg,0.026285748924041594,0.0262857489240415,True
nuPlan,n/a,idm,scalar_J,quota,0.2,R1_mlp_reg,0.030775317321001854,0.0307753173210018,True
nuPlan,n/a,idm,scalar_J,quota,0.3,R1_mlp_reg,0.03428588639762831,0.0342858863976283,True
nuPlan,n/a,idm,scalar_J,quota,0.5,R1_mlp_reg,0.03428588639762831,0.0342858863976283,True
nuPlan,n/a,idm,scalar_J,quota,0.1,R1_mlp_clf,0.9370714227081094,0.9370714227081094,True
nuPlan,n/a,idm,scalar_J,quota,0.2,R1_mlp_clf,0.937578840322055,0.937578840322055,True
nuPlan,n/a,idm,scalar_J,quota,0.3,R1_mlp_clf,0.937578840322055,0.937578840322055,True
nuPlan,n/a,idm,scalar_J,quota,0.5,R1_mlp_clf,0.9437931667005246,0.9437931667005246,True
nuPlan,n/a,idm,scalar_J,quota,0.1,R1_gbm_reg,0.0,0.0,True
nuPlan,n/a,idm,scalar_J,quota,0.2,R1_gbm_reg,0.0,0.0,True
nuPlan,n/a,idm,scalar_J,quota,0.3,R1_gbm_reg,0.0,0.0,True
nuPlan,n/a,idm,scalar_J,quota,0.5,R1_gbm_reg,-0.025209024497524733,-0.0252090244975247,True
nuPlan,n/a,idm,scalar_J,quota,0.1,R1_gbm_clf,0.0,0.0,True
nuPlan,n/a,idm,scalar_J,quota,0.2,R1_gbm_clf,0.05920998476215632,0.0592099847621563,True
nuPlan,n/a,idm,scalar_J,quota,0.3,R1_gbm_clf,0.08998530208315816,0.0899853020831581,True
nuPlan,n/a,idm,scalar_J,quota,0.5,R1_gbm_clf,0.9932782560075849,0.9932782560075848,True
nuPlan,n/a,idm,scalar_J,budget_ms_20,0.2,gate_ridge,0.0,0.0,True
nuPlan,n/a,idm,scalar_J,budget_ms_20,0.2,gate_gbm,0.0,0.0,True
nuPlan,n/a,idm,scalar_J,budget_ms_20,0.2,R1_mlp_reg,0.030775317321001854,0.0307753173210018,True
nuPlan,n/a,idm,scalar_J,budget_ms_20,0.2,R1_mlp_clf,0.937578840322055,0.937578840322055,True
nuPlan,n/a,idm,scalar_J,budget_ms_20,0.2,R1_gbm_reg,0.0,0.0,True
nuPlan,n/a,idm,scalar_J,budget_ms_20,0.2,R1_gbm_clf,0.0,0.0,True
nuPlan,n/a,idm,scalar_J,budget_ms_20,0.2,gate_gbm_batched,0.0,0.0,True
