arm,model,target,seq,score
A_conf,linear,value_task,0000,0.1675858371225312
A_conf,linear,value_task,0001,0.14274513545151066
A_conf,linear,value_task,0002,0.3659492953041362
A_conf,linear,value_task,0003,-0.06904454572380132
A_conf,linear,value_task,0004,-0.2544992457488231
A_conf,linear,value_task,0005,-0.09925268261427074
A_conf,linear,value_task,0006,0.23568116323546232
A_conf,linear,value_task,0007,0.299409831234729
A_conf,linear,value_task,0008,-0.0410535638158318
A_conf,linear,value_task,0009,0.2609038464689407
A_conf,linear,value_task,0010,-0.5380463249409886
A_conf,linear,value_task,0011,0.233042875433279
A_conf,linear,value_task,0012,0.24463443517303632
A_conf,linear,value_task,0013,0.1085621971103376
A_conf,linear,value_task,0014,0.31403599761822837
A_conf,linear,value_task,0015,0.11305840446233922
A_conf,linear,value_task,0016,0.14778606506109168
A_conf,linear,value_task,0017,0.25148881482423807
A_conf,linear,value_task,0018,-0.25856597726699765
A_conf,linear,value_task,0019,0.09806109757066017
A_conf,linear,value_task,0020,0.2118649032733582
A_conf,tree,value_task,0000,0.13519596970947703
A_conf,tree,value_task,0001,0.12300792693012336
A_conf,tree,value_task,0002,0.24836227222182974
A_conf,tree,value_task,0003,0.047998623934733746
A_conf,tree,value_task,0004,-0.31960483730609873
A_conf,tree,value_task,0005,-0.07453068937097836
A_conf,tree,value_task,0006,0.26151028743754806
A_conf,tree,value_task,0007,0.3276023364153698
A_conf,tree,value_task,0008,-0.09683467423768687
A_conf,tree,value_task,0009,0.32783016564351347
A_conf,tree,value_task,0010,-0.3480750874438376
A_conf,tree,value_task,0011,0.23181728794055867
A_conf,tree,value_task,0012,0.19232459393055648
A_conf,tree,value_task,0013,0.15471036619765316
A_conf,tree,value_task,0014,0.24836204789922778
A_conf,tree,value_task,0015,0.21336936487853944
A_conf,tree,value_task,0016,0.08360714680097314
A_conf,tree,value_task,0017,0.23563766593061772
A_conf,tree,value_task,0018,-0.2660454653519643
A_conf,tree,value_task,0019,0.15135813156636557
A_conf,tree,value_task,0020,0.24025645150966027
A_conf,gbm,value_task,0000,0.09420732372061053
A_conf,gbm,value_task,0001,0.1677335677134046
A_conf,gbm,value_task,0002,0.23722441163216762
A_conf,gbm,value_task,0003,0.11710955389391024
A_conf,gbm,value_task,0004,-0.23765655724894044
A_conf,gbm,value_task,0005,-0.03561179193472031
A_conf,gbm,value_task,0006,0.26859141806495607
A_conf,gbm,value_task,0007,0.2834390487322293
A_conf,gbm,value_task,0008,-0.08493966039030183
A_conf,gbm,value_task,0009,0.21410903381333046
A_conf,gbm,value_task,0010,-0.1034299267522076
A_conf,gbm,value_task,0011,0.16020998546922044
A_conf,gbm,value_task,0012,0.04353033500923402
A_conf,gbm,value_task,0013,0.10050567981527167
A_conf,gbm,value_task,0014,0.24660740907742182
A_conf,gbm,value_task,0015,0.1291756695299707
A_conf,gbm,value_task,0016,0.09346432326169361
A_conf,gbm,value_task,0017,0.3108639752137331
A_conf,gbm,value_task,0018,-0.19453174302104975
A_conf,gbm,value_task,0019,0.028833247235633918
A_conf,gbm,value_task,0020,0.22537781970019952
B_uncertainty,linear,value_task,0000,0.12245530321882869
B_uncertainty,linear,value_task,0001,0.2722417427496844
B_uncertainty,linear,value_task,0002,0.49409425217242914
B_uncertainty,linear,value_task,0003,0.25215032433299833
B_uncertainty,linear,value_task,0004,0.32123211082499115
B_uncertainty,linear,value_task,0005,0.2783954808027977
B_uncertainty,linear,value_task,0006,0.048446389376735156
B_uncertainty,linear,value_task,0007,0.2697175225747438
B_uncertainty,linear,value_task,0008,0.3630874254736016
B_uncertainty,linear,value_task,0009,0.33539672312640345
B_uncertainty,linear,value_task,0010,0.5963202635729508
B_uncertainty,linear,value_task,0011,0.1687086132606706
B_uncertainty,linear,value_task,0012,0.4717019349970912
B_uncertainty,linear,value_task,0013,0.21413453703452237
B_uncertainty,linear,value_task,0014,0.1673684391670454
B_uncertainty,linear,value_task,0015,0.4505699405031033
B_uncertainty,linear,value_task,0016,0.34531176872053954
B_uncertainty,linear,value_task,0017,0.04478603272115716
B_uncertainty,linear,value_task,0018,0.28598813961364283
B_uncertainty,linear,value_task,0019,0.39139541060184985
B_uncertainty,linear,value_task,0020,0.3890226424421231
B_uncertainty,tree,value_task,0000,0.07128151448482906
B_uncertainty,tree,value_task,0001,0.2734215257525918
B_uncertainty,tree,value_task,0002,0.4647412397699536
B_uncertainty,tree,value_task,0003,0.13832143336130276
B_uncertainty,tree,value_task,0004,0.13190817187718792
B_uncertainty,tree,value_task,0005,0.15553583536592497
B_uncertainty,tree,value_task,0006,0.2274536866887763
B_uncertainty,tree,value_task,0007,0.3157411198339673
B_uncertainty,tree,value_task,0008,0.2662904067565353
B_uncertainty,tree,value_task,0009,0.42873798578286776
B_uncertainty,tree,value_task,0010,0.03702289139524228
B_uncertainty,tree,value_task,0011,0.10950749007565262
B_uncertainty,tree,value_task,0012,0.3771863342139103
B_uncertainty,tree,value_task,0013,0.24304095522931618
B_uncertainty,tree,value_task,0014,0.07602645365505048
B_uncertainty,tree,value_task,0015,0.42434124172456944
B_uncertainty,tree,value_task,0016,0.1102690406520087
B_uncertainty,tree,value_task,0017,-0.1714975715710155
B_uncertainty,tree,value_task,0018,0.26838780902907
B_uncertainty,tree,value_task,0019,0.2883416742486009
B_uncertainty,tree,value_task,0020,0.33080412145228855
B_uncertainty,gbm,value_task,0000,0.09252374969085542
B_uncertainty,gbm,value_task,0001,0.20214584978835462
B_uncertainty,gbm,value_task,0002,0.37601659162738227
B_uncertainty,gbm,value_task,0003,0.2537711880988667
B_uncertainty,gbm,value_task,0004,0.20363501655624383
B_uncertainty,gbm,value_task,0005,0.2941617918233406
B_uncertainty,gbm,value_task,0006,0.21887534634210395
B_uncertainty,gbm,value_task,0007,0.29305228423256646
B_uncertainty,gbm,value_task,0008,0.15965734701194473
B_uncertainty,gbm,value_task,0009,0.3293698396083282
B_uncertainty,gbm,value_task,0010,0.5003878119579906
B_uncertainty,gbm,value_task,0011,0.15562593085028176
B_uncertainty,gbm,value_task,0012,0.44935686616859144
B_uncertainty,gbm,value_task,0013,0.23032624309316185
B_uncertainty,gbm,value_task,0014,0.21065329312708211
B_uncertainty,gbm,value_task,0015,0.42250607794191525
B_uncertainty,gbm,value_task,0016,0.13903253016425643
B_uncertainty,gbm,value_task,0017,0.27733203673907686
B_uncertainty,gbm,value_task,0018,0.06292650945403162
B_uncertainty,gbm,value_task,0019,0.29694197793659793
B_uncertainty,gbm,value_task,0020,0.36110658618039043
C_complexity,linear,value_task,0000,-0.07959958818952236
C_complexity,linear,value_task,0001,0.3008345691053029
C_complexity,linear,value_task,0002,-0.3592638381440717
C_complexity,linear,value_task,0003,-0.02386998062965408
C_complexity,linear,value_task,0004,-0.32165553490385057
C_complexity,linear,value_task,0005,-0.19806489210900383
C_complexity,linear,value_task,0006,-0.07269941898548361
C_complexity,linear,value_task,0007,0.29547786091610073
C_complexity,linear,value_task,0008,-0.057690965140452376
C_complexity,linear,value_task,0009,0.13889579669210778
C_complexity,linear,value_task,0010,-0.4054635224076887
C_complexity,linear,value_task,0011,0.15702854836490387
C_complexity,linear,value_task,0012,-0.20727466049996857
C_complexity,linear,value_task,0013,0.2560864913276371
C_complexity,linear,value_task,0014,-0.3603142920377488
C_complexity,linear,value_task,0015,0.441909774747563
C_complexity,linear,value_task,0016,0.23013225965112086
C_complexity,linear,value_task,0017,0.552312344583225
C_complexity,linear,value_task,0018,-0.0924517494236459
C_complexity,linear,value_task,0019,0.128771872008965
C_complexity,linear,value_task,0020,0.10912994060348843
C_complexity,tree,value_task,0000,-0.16406106329995748
C_complexity,tree,value_task,0001,0.11303539699451794
C_complexity,tree,value_task,0002,0.11328581489193702
C_complexity,tree,value_task,0003,-0.27924125650914694
C_complexity,tree,value_task,0004,-0.10897922683560893
C_complexity,tree,value_task,0005,0.036228542321345036
C_complexity,tree,value_task,0006,-0.03375757383225022
C_complexity,tree,value_task,0007,0.0832786434129962
C_complexity,tree,value_task,0008,-0.007455235067909685
C_complexity,tree,value_task,0009,0.3667970746172179
C_complexity,tree,value_task,0010,-0.1323485905034501
C_complexity,tree,value_task,0011,0.0550948849740321
C_complexity,tree,value_task,0012,0.20137550370778673
C_complexity,tree,value_task,0013,0.10727053923186092
C_complexity,tree,value_task,0014,-0.3080615127292851
C_complexity,tree,value_task,0015,0.4850699515129955
C_complexity,tree,value_task,0016,0.301650493577003
C_complexity,tree,value_task,0017,-0.07462485122029185
C_complexity,tree,value_task,0018,-0.08994055717302755
C_complexity,tree,value_task,0019,0.07922853452103372
C_complexity,tree,value_task,0020,0.1109711422295721
C_complexity,gbm,value_task,0000,-0.12962750442146226
C_complexity,gbm,value_task,0001,-0.07618148421107243
C_complexity,gbm,value_task,0002,-0.1308862366901376
C_complexity,gbm,value_task,0003,-0.05157756819085615
C_complexity,gbm,value_task,0004,-0.11836038892932797
C_complexity,gbm,value_task,0005,0.1567485251341522
C_complexity,gbm,value_task,0006,0.005759189966134519
C_complexity,gbm,value_task,0007,0.06579428650844035
C_complexity,gbm,value_task,0008,-0.07009113088996885
C_complexity,gbm,value_task,0009,0.3486781058451641
C_complexity,gbm,value_task,0010,-0.34169422768633023
C_complexity,gbm,value_task,0011,0.23970888717179809
C_complexity,gbm,value_task,0012,-0.0014383148153112872
C_complexity,gbm,value_task,0013,0.2301452143096678
C_complexity,gbm,value_task,0014,-0.03932001554992877
C_complexity,gbm,value_task,0015,0.382613883321934
C_complexity,gbm,value_task,0016,0.23124573800068035
C_complexity,gbm,value_task,0017,0.33913089727917695
C_complexity,gbm,value_task,0018,-0.31176305400967136
C_complexity,gbm,value_task,0019,0.06754388403016728
C_complexity,gbm,value_task,0020,0.05503015205758463
D_criticality,linear,value_task,0000,0.24935621283548642
D_criticality,linear,value_task,0001,0.3944863522900114
D_criticality,linear,value_task,0002,0.4259210784924067
D_criticality,linear,value_task,0003,0.3254935161624897
D_criticality,linear,value_task,0004,0.5345199043486566
D_criticality,linear,value_task,0005,0.3938955747970679
D_criticality,linear,value_task,0006,0.22889805942492952
D_criticality,linear,value_task,0007,0.4282259403082223
D_criticality,linear,value_task,0008,0.3420285286868745
D_criticality,linear,value_task,0009,0.3123411987169582
D_criticality,linear,value_task,0010,0.5052299533656247
D_criticality,linear,value_task,0011,0.04870381758071228
D_criticality,linear,value_task,0012,-0.1689537000194692
D_criticality,linear,value_task,0013,0.3344827380697572
D_criticality,linear,value_task,0014,0.3519789988236637
D_criticality,linear,value_task,0015,0.4763235001117992
D_criticality,linear,value_task,0016,0.22685182019548902
D_criticality,linear,value_task,0017,-0.04899506853127648
D_criticality,linear,value_task,0018,0.1854676524523308
D_criticality,linear,value_task,0019,0.3582439284931475
D_criticality,linear,value_task,0020,0.4211600192023082
D_criticality,tree,value_task,0000,0.19668573001752157
D_criticality,tree,value_task,0001,0.39125849412973784
D_criticality,tree,value_task,0002,0.3922826329016943
D_criticality,tree,value_task,0003,0.1591691435997333
D_criticality,tree,value_task,0004,0.4706475645586947
D_criticality,tree,value_task,0005,0.5251239601473094
D_criticality,tree,value_task,0006,0.3035384523388446
D_criticality,tree,value_task,0007,0.4797353193945685
D_criticality,tree,value_task,0008,0.37699392168845736
D_criticality,tree,value_task,0009,0.5297506990756724
D_criticality,tree,value_task,0010,0.5429386779840637
D_criticality,tree,value_task,0011,0.23822210626999382
D_criticality,tree,value_task,0012,0.0571427601362342
D_criticality,tree,value_task,0013,0.3581846152080088
D_criticality,tree,value_task,0014,0.30820784922905636
D_criticality,tree,value_task,0015,0.45401668592099464
D_criticality,tree,value_task,0016,0.2854279415727736
D_criticality,tree,value_task,0017,-0.07754252099620206
D_criticality,tree,value_task,0018,0.2836443609610826
D_criticality,tree,value_task,0019,0.2509417131192693
D_criticality,tree,value_task,0020,0.44807143976096564
D_criticality,gbm,value_task,0000,0.20652407450796084
D_criticality,gbm,value_task,0001,0.4097799037217308
D_criticality,gbm,value_task,0002,0.34051356157023077
D_criticality,gbm,value_task,0003,0.1608271182366805
D_criticality,gbm,value_task,0004,0.4319030201251883
D_criticality,gbm,value_task,0005,0.5083078090241687
D_criticality,gbm,value_task,0006,0.23341222526566757
D_criticality,gbm,value_task,0007,0.4819373396948809
D_criticality,gbm,value_task,0008,0.27999518706174203
D_criticality,gbm,value_task,0009,0.3595536932131229
D_criticality,gbm,value_task,0010,0.5267890651768288
D_criticality,gbm,value_task,0011,0.15915404650313483
D_criticality,gbm,value_task,0012,-0.08557094737437719
D_criticality,gbm,value_task,0013,0.3527441296189783
D_criticality,gbm,value_task,0014,0.25380106057072527
D_criticality,gbm,value_task,0015,0.5096341120097566
D_criticality,gbm,value_task,0016,0.20775766665812653
D_criticality,gbm,value_task,0017,-0.23724539595880986
D_criticality,gbm,value_task,0018,0.3494225892001793
D_criticality,gbm,value_task,0019,0.3042904474262534
D_criticality,gbm,value_task,0020,0.4767847704687451
E_unc_crit,linear,value_task,0000,0.2489400874316335
E_unc_crit,linear,value_task,0001,0.405645333776129
E_unc_crit,linear,value_task,0002,0.5248806666484241
E_unc_crit,linear,value_task,0003,0.2912687862027556
E_unc_crit,linear,value_task,0004,0.42979278878501864
E_unc_crit,linear,value_task,0005,0.3909922110467814
E_unc_crit,linear,value_task,0006,0.10988752500787047
E_unc_crit,linear,value_task,0007,0.41074646526067005
E_unc_crit,linear,value_task,0008,0.40241302849417254
E_unc_crit,linear,value_task,0009,0.35236057172611407
E_unc_crit,linear,value_task,0010,0.5695277934994757
E_unc_crit,linear,value_task,0011,0.06914419168569431
E_unc_crit,linear,value_task,0012,0.3524390117855039
E_unc_crit,linear,value_task,0013,0.29617793974023165
E_unc_crit,linear,value_task,0014,0.21552903503143772
E_unc_crit,linear,value_task,0015,0.5346704935098108
E_unc_crit,linear,value_task,0016,0.3412235432318539
E_unc_crit,linear,value_task,0017,-0.06852688639171776
E_unc_crit,linear,value_task,0018,0.2868139129042777
E_unc_crit,linear,value_task,0019,0.3580373214353385
E_unc_crit,linear,value_task,0020,0.4297025698923124
E_unc_crit,tree,value_task,0000,0.21160936484392762
E_unc_crit,tree,value_task,0001,0.39169684676830374
E_unc_crit,tree,value_task,0002,0.3922826329016943
E_unc_crit,tree,value_task,0003,0.1591691435997333
E_unc_crit,tree,value_task,0004,0.4706475645586947
E_unc_crit,tree,value_task,0005,0.5251239601473094
E_unc_crit,tree,value_task,0006,0.3035384523388446
E_unc_crit,tree,value_task,0007,0.45991570046583197
E_unc_crit,tree,value_task,0008,0.37699392168845736
E_unc_crit,tree,value_task,0009,0.5296037140848009
E_unc_crit,tree,value_task,0010,0.5429386779840637
E_unc_crit,tree,value_task,0011,0.23814088260750246
E_unc_crit,tree,value_task,0012,0.0571427601362342
E_unc_crit,tree,value_task,0013,0.3585478696487876
E_unc_crit,tree,value_task,0014,0.30820784922905636
E_unc_crit,tree,value_task,0015,0.4559628443275289
E_unc_crit,tree,value_task,0016,0.3323920553143406
E_unc_crit,tree,value_task,0017,0.024471407413869814
E_unc_crit,tree,value_task,0018,0.2836443609610826
E_unc_crit,tree,value_task,0019,0.2509417131192693
E_unc_crit,tree,value_task,0020,0.4479839286478649
E_unc_crit,gbm,value_task,0000,0.23986855362763906
E_unc_crit,gbm,value_task,0001,0.3690071088046846
E_unc_crit,gbm,value_task,0002,0.30103129009339846
E_unc_crit,gbm,value_task,0003,0.19518603660233308
E_unc_crit,gbm,value_task,0004,0.47910666491587994
E_unc_crit,gbm,value_task,0005,0.4876726823963363
E_unc_crit,gbm,value_task,0006,0.2077258396196965
E_unc_crit,gbm,value_task,0007,0.4492969935735952
E_unc_crit,gbm,value_task,0008,0.3270782447889345
E_unc_crit,gbm,value_task,0009,0.3661543456849161
E_unc_crit,gbm,value_task,0010,0.5572243303664711
E_unc_crit,gbm,value_task,0011,0.05884485916377011
E_unc_crit,gbm,value_task,0012,0.0530281428125092
E_unc_crit,gbm,value_task,0013,0.36232617657805505
E_unc_crit,gbm,value_task,0014,0.2690913864496182
E_unc_crit,gbm,value_task,0015,0.5079843899097136
E_unc_crit,gbm,value_task,0016,0.2608912269211387
E_unc_crit,gbm,value_task,0017,-0.10946932563560559
E_unc_crit,gbm,value_task,0018,0.27511742309955894
E_unc_crit,gbm,value_task,0019,0.33746024160657345
E_unc_crit,gbm,value_task,0020,0.4838998210700796
F_all_visual,linear,value_task,0000,0.03507416997725604
F_all_visual,linear,value_task,0001,0.3520425446287145
F_all_visual,linear,value_task,0002,0.22483590252953187
F_all_visual,linear,value_task,0003,0.3089652033296713
F_all_visual,linear,value_task,0004,0.11222652885681726
F_all_visual,linear,value_task,0005,0.25630331004572227
F_all_visual,linear,value_task,0006,-0.06496806663525312
F_all_visual,linear,value_task,0007,0.26574431795793035
F_all_visual,linear,value_task,0008,0.19460732965797012
F_all_visual,linear,value_task,0009,0.27277869016650746
F_all_visual,linear,value_task,0010,0.27679539446493984
F_all_visual,linear,value_task,0011,0.1281830064621939
F_all_visual,linear,value_task,0012,0.37277567992168975
F_all_visual,linear,value_task,0013,0.22930341521613903
F_all_visual,linear,value_task,0014,0.08793026245562492
F_all_visual,linear,value_task,0015,0.6048207865440776
F_all_visual,linear,value_task,0016,0.3912274047637231
F_all_visual,linear,value_task,0017,0.13313709083959618
F_all_visual,linear,value_task,0018,0.21675277191099462
F_all_visual,linear,value_task,0019,0.2825007305904362
F_all_visual,linear,value_task,0020,0.33328139885481406
F_all_visual,tree,value_task,0000,0.04755118639900185
F_all_visual,tree,value_task,0001,0.3025713976052795
F_all_visual,tree,value_task,0002,0.4095345743719776
F_all_visual,tree,value_task,0003,0.03143839374478247
F_all_visual,tree,value_task,0004,0.1372455312124044
F_all_visual,tree,value_task,0005,0.04705336243074829
F_all_visual,tree,value_task,0006,0.22628992271129578
F_all_visual,tree,value_task,0007,0.2403010117703341
F_all_visual,tree,value_task,0008,0.22899854104698686
F_all_visual,tree,value_task,0009,0.3259676269534689
F_all_visual,tree,value_task,0010,-0.17988099140956215
F_all_visual,tree,value_task,0011,0.2078715847720326
F_all_visual,tree,value_task,0012,0.33831416760645555
F_all_visual,tree,value_task,0013,0.25049763132502345
F_all_visual,tree,value_task,0014,-0.04029102300924555
F_all_visual,tree,value_task,0015,0.416648063356494
F_all_visual,tree,value_task,0016,0.3486653512702874
F_all_visual,tree,value_task,0017,0.11854650357282866
F_all_visual,tree,value_task,0018,0.2372937074123385
F_all_visual,tree,value_task,0019,0.3172684705245277
F_all_visual,tree,value_task,0020,0.34572492895725226
F_all_visual,gbm,value_task,0000,0.016055505165326563
F_all_visual,gbm,value_task,0001,0.1690637484160563
F_all_visual,gbm,value_task,0002,0.18492954860270727
F_all_visual,gbm,value_task,0003,0.20720211927322582
F_all_visual,gbm,value_task,0004,0.2641823614785257
F_all_visual,gbm,value_task,0005,0.2676359281857952
F_all_visual,gbm,value_task,0006,0.24203628724558277
F_all_visual,gbm,value_task,0007,0.13549244122156198
F_all_visual,gbm,value_task,0008,-0.008547618928549125
F_all_visual,gbm,value_task,0009,0.261941789448252
F_all_visual,gbm,value_task,0010,-0.08445049824560098
F_all_visual,gbm,value_task,0011,0.20311865484679248
F_all_visual,gbm,value_task,0012,0.36518742196653153
F_all_visual,gbm,value_task,0013,0.2089159245041731
F_all_visual,gbm,value_task,0014,0.054214810656418956
F_all_visual,gbm,value_task,0015,0.4615717941063395
F_all_visual,gbm,value_task,0016,0.2630871692616047
F_all_visual,gbm,value_task,0017,0.1478493692279806
F_all_visual,gbm,value_task,0018,0.10647583832746906
F_all_visual,gbm,value_task,0019,0.28095494831398277
F_all_visual,gbm,value_task,0020,0.28407993669886705
G_all,linear,value_task,0000,0.14001232754972467
G_all,linear,value_task,0001,0.4173762141672966
G_all,linear,value_task,0002,0.34170258871900516
G_all,linear,value_task,0003,0.4090045119299222
G_all,linear,value_task,0004,0.28289932844551097
G_all,linear,value_task,0005,0.44767103353402604
G_all,linear,value_task,0006,0.10496373304040439
G_all,linear,value_task,0007,0.35648170671096663
G_all,linear,value_task,0008,0.3681681011478789
G_all,linear,value_task,0009,0.40173115039517543
G_all,linear,value_task,0010,0.43924370294585896
G_all,linear,value_task,0011,0.030834658031346943
G_all,linear,value_task,0012,0.32249048557500143
G_all,linear,value_task,0013,0.24819592819743982
G_all,linear,value_task,0014,0.1795375626337255
G_all,linear,value_task,0015,0.5930716889910134
G_all,linear,value_task,0016,0.3820262683302649
G_all,linear,value_task,0017,-0.044068046020146
G_all,linear,value_task,0018,0.29376808838055435
G_all,linear,value_task,0019,0.3415726103392518
G_all,linear,value_task,0020,0.42046587173137734
G_all,tree,value_task,0000,0.20598834887511241
G_all,tree,value_task,0001,0.40436520572488716
G_all,tree,value_task,0002,0.37241016535001237
G_all,tree,value_task,0003,0.16842501476947316
G_all,tree,value_task,0004,0.4617080027942682
G_all,tree,value_task,0005,0.4842221330868743
G_all,tree,value_task,0006,0.2972799117786076
G_all,tree,value_task,0007,0.47137135066052716
G_all,tree,value_task,0008,0.3282506840486446
G_all,tree,value_task,0009,0.5214223246737004
G_all,tree,value_task,0010,0.45359032835059965
G_all,tree,value_task,0011,0.2809363367272744
G_all,tree,value_task,0012,0.06084117550405171
G_all,tree,value_task,0013,0.3513849657063732
G_all,tree,value_task,0014,0.19379025041339767
G_all,tree,value_task,0015,0.45013133175341313
G_all,tree,value_task,0016,0.36520832155330823
G_all,tree,value_task,0017,0.052476371076922844
G_all,tree,value_task,0018,0.2648590612734418
G_all,tree,value_task,0019,0.37497547062186254
G_all,tree,value_task,0020,0.3998483452033124
G_all,gbm,value_task,0000,0.09321902588645974
G_all,gbm,value_task,0001,0.30986711217485174
G_all,gbm,value_task,0002,0.23918992242504653
G_all,gbm,value_task,0003,0.21972601026758362
G_all,gbm,value_task,0004,0.5384209882267944
G_all,gbm,value_task,0005,0.5374049877605732
G_all,gbm,value_task,0006,0.2687089013904054
G_all,gbm,value_task,0007,0.3237944116383991
G_all,gbm,value_task,0008,0.2411352919716922
G_all,gbm,value_task,0009,0.3988302863832079
G_all,gbm,value_task,0010,0.39669738706894925
G_all,gbm,value_task,0011,0.10318144514469037
G_all,gbm,value_task,0012,0.14857264249301447
G_all,gbm,value_task,0013,0.34177020878198716
G_all,gbm,value_task,0014,0.09159741527269105
G_all,gbm,value_task,0015,0.4547373699517372
G_all,gbm,value_task,0016,0.3425262543120106
G_all,gbm,value_task,0017,-0.04063288809135608
G_all,gbm,value_task,0018,0.22635177564233552
G_all,gbm,value_task,0019,0.2928440516587015
G_all,gbm,value_task,0020,0.4018659357433627
H_visual_plus_stakes,linear,value_task,0000,0.09368196539824615
H_visual_plus_stakes,linear,value_task,0001,0.3729160861241803
H_visual_plus_stakes,linear,value_task,0002,0.24787067619457742
H_visual_plus_stakes,linear,value_task,0003,0.2923781740024392
H_visual_plus_stakes,linear,value_task,0004,0.1684801369057459
H_visual_plus_stakes,linear,value_task,0005,0.28248073501155385
H_visual_plus_stakes,linear,value_task,0006,-0.11093886778732924
H_visual_plus_stakes,linear,value_task,0007,0.32026757188117344
H_visual_plus_stakes,linear,value_task,0008,0.19581136523898773
H_visual_plus_stakes,linear,value_task,0009,0.29880632341563995
H_visual_plus_stakes,linear,value_task,0010,0.27583817057945775
H_visual_plus_stakes,linear,value_task,0011,0.08755075302531488
H_visual_plus_stakes,linear,value_task,0012,0.34052536664602195
H_visual_plus_stakes,linear,value_task,0013,0.2427321387020759
H_visual_plus_stakes,linear,value_task,0014,0.09081322188039952
H_visual_plus_stakes,linear,value_task,0015,0.6165341991458216
H_visual_plus_stakes,linear,value_task,0016,0.4182787064418317
H_visual_plus_stakes,linear,value_task,0017,0.2384704691316525
H_visual_plus_stakes,linear,value_task,0018,0.24494324284954164
H_visual_plus_stakes,linear,value_task,0019,0.23751162720603317
H_visual_plus_stakes,linear,value_task,0020,0.32896542769044207
H_visual_plus_stakes,tree,value_task,0000,0.09566055519546805
H_visual_plus_stakes,tree,value_task,0001,0.3424048034171049
H_visual_plus_stakes,tree,value_task,0002,0.4381848845301125
H_visual_plus_stakes,tree,value_task,0003,0.03143839374478247
H_visual_plus_stakes,tree,value_task,0004,0.20252007900337266
H_visual_plus_stakes,tree,value_task,0005,0.0457680588343748
H_visual_plus_stakes,tree,value_task,0006,0.18238041845036176
H_visual_plus_stakes,tree,value_task,0007,0.2403010117703341
H_visual_plus_stakes,tree,value_task,0008,0.22899854104698686
H_visual_plus_stakes,tree,value_task,0009,0.3259676269534689
H_visual_plus_stakes,tree,value_task,0010,-0.0037527657016863517
H_visual_plus_stakes,tree,value_task,0011,0.2125817477841211
H_visual_plus_stakes,tree,value_task,0012,0.33831416760645555
H_visual_plus_stakes,tree,value_task,0013,0.22251954315882894
H_visual_plus_stakes,tree,value_task,0014,0.05152076178490558
H_visual_plus_stakes,tree,value_task,0015,0.3508870556641951
H_visual_plus_stakes,tree,value_task,0016,0.3499432111808502
H_visual_plus_stakes,tree,value_task,0017,0.20610220138986873
H_visual_plus_stakes,tree,value_task,0018,-0.028134460215645602
H_visual_plus_stakes,tree,value_task,0019,0.18731476017032536
H_visual_plus_stakes,tree,value_task,0020,0.27209999884779384
H_visual_plus_stakes,gbm,value_task,0000,0.051403624366785805
H_visual_plus_stakes,gbm,value_task,0001,0.1829821477227256
H_visual_plus_stakes,gbm,value_task,0002,0.11645400770037627
H_visual_plus_stakes,gbm,value_task,0003,0.08296531270664387
H_visual_plus_stakes,gbm,value_task,0004,0.2671059793845613
H_visual_plus_stakes,gbm,value_task,0005,0.2961959178683929
H_visual_plus_stakes,gbm,value_task,0006,0.1779557199588946
H_visual_plus_stakes,gbm,value_task,0007,0.1657477614163721
H_visual_plus_stakes,gbm,value_task,0008,0.03146474680228443
H_visual_plus_stakes,gbm,value_task,0009,0.24326948241852667
H_visual_plus_stakes,gbm,value_task,0010,-0.09110508484924006
H_visual_plus_stakes,gbm,value_task,0011,0.20699672495182103
H_visual_plus_stakes,gbm,value_task,0012,0.4323252817646009
H_visual_plus_stakes,gbm,value_task,0013,0.20444057329310675
H_visual_plus_stakes,gbm,value_task,0014,0.016736338134349313
H_visual_plus_stakes,gbm,value_task,0015,0.49937453626592476
H_visual_plus_stakes,gbm,value_task,0016,0.2962767246115517
H_visual_plus_stakes,gbm,value_task,0017,0.02939449045287201
H_visual_plus_stakes,gbm,value_task,0018,0.11634922924024577
H_visual_plus_stakes,gbm,value_task,0019,0.26963296005318527
H_visual_plus_stakes,gbm,value_task,0020,0.2792289394073811
A_conf,linear,value_task_pos,0000,0.657037037037037
A_conf,linear,value_task_pos,0001,0.6357765850385776
A_conf,linear,value_task_pos,0002,0.6975308641975309
A_conf,linear,value_task_pos,0003,0.37395807021975247
A_conf,linear,value_task_pos,0004,0.16017060367454067
A_conf,linear,value_task_pos,0005,0.33273593466424684
A_conf,linear,value_task_pos,0006,0.5851420454545455
A_conf,linear,value_task_pos,0007,0.7016964799463803
A_conf,linear,value_task_pos,0008,0.2836523498288204
A_conf,linear,value_task_pos,0009,0.7174747637457044
A_conf,linear,value_task_pos,0010,0.1733201581027668
A_conf,linear,value_task_pos,0011,0.6272038227055529
A_conf,linear,value_task_pos,0012,0.13035714285714284
A_conf,linear,value_task_pos,0013,0.5168944145758662
A_conf,linear,value_task_pos,0014,0.6064386317907445
A_conf,linear,value_task_pos,0015,0.6298993798993798
A_conf,linear,value_task_pos,0016,0.6489908982983775
A_conf,linear,value_task_pos,0017,0.7068696330991413
A_conf,linear,value_task_pos,0018,0.4401683810060589
A_conf,linear,value_task_pos,0019,0.6626906388628048
A_conf,linear,value_task_pos,0020,0.6308097312999275
A_conf,tree,value_task_pos,0000,0.6665740740740741
A_conf,tree,value_task_pos,0001,0.6359547970479704
A_conf,tree,value_task_pos,0002,0.5796783625730996
A_conf,tree,value_task_pos,0003,0.45011366506693606
A_conf,tree,value_task_pos,0004,0.2473425196850394
A_conf,tree,value_task_pos,0005,0.4696460980036298
A_conf,tree,value_task_pos,0006,0.5244602272727273
A_conf,tree,value_task_pos,0007,0.6565623992260561
A_conf,tree,value_task_pos,0008,0.3067421413009648
A_conf,tree,value_task_pos,0009,0.6846407860824743
A_conf,tree,value_task_pos,0010,0.21823122529644268
A_conf,tree,value_task_pos,0011,0.5773191629593014
A_conf,tree,value_task_pos,0012,0.20714285714285713
A_conf,tree,value_task_pos,0013,0.5358796296296295
A_conf,tree,value_task_pos,0014,0.5730382293762575
A_conf,tree,value_task_pos,0015,0.5763133263133263
A_conf,tree,value_task_pos,0016,0.5850811238622873
A_conf,tree,value_task_pos,0017,0.6576893052302888
A_conf,tree,value_task_pos,0018,0.48141820487529935
A_conf,tree,value_task_pos,0019,0.6617900624939288
A_conf,tree,value_task_pos,0020,0.6152832244008716
A_conf,gbm,value_task_pos,0000,0.6474074074074074
A_conf,gbm,value_task_pos,0001,0.6633470311975848
A_conf,gbm,value_task_pos,0002,0.6737735542560105
A_conf,gbm,value_task_pos,0003,0.4417782268249558
A_conf,gbm,value_task_pos,0004,0.2201771653543307
A_conf,gbm,value_task_pos,0005,0.3937386569872958
A_conf,gbm,value_task_pos,0006,0.5822727272727273
A_conf,gbm,value_task_pos,0007,0.6831762050192538
A_conf,gbm,value_task_pos,0008,0.24052676626206038
A_conf,gbm,value_task_pos,0009,0.7040512242268041
A_conf,gbm,value_task_pos,0010,0.16195652173913047
A_conf,gbm,value_task_pos,0011,0.6276157521832263
A_conf,gbm,value_task_pos,0012,0.21517857142857144
A_conf,gbm,value_task_pos,0013,0.5255376344086021
A_conf,gbm,value_task_pos,0014,0.50261569416499
A_conf,gbm,value_task_pos,0015,0.6403562653562653
A_conf,gbm,value_task_pos,0016,0.6214879303521963
A_conf,gbm,value_task_pos,0017,0.6950624512099922
A_conf,gbm,value_task_pos,0018,0.47625757362265747
A_conf,gbm,value_task_pos,0019,0.6151887769970534
A_conf,gbm,value_task_pos,0020,0.6119172113289759
B_uncertainty,linear,value_task_pos,0000,0.6568518518518518
B_uncertainty,linear,value_task_pos,0001,0.7151333445152633
B_uncertainty,linear,value_task_pos,0002,0.6813271604938272
B_uncertainty,linear,value_task_pos,0003,0.7226572366759283
B_uncertainty,linear,value_task_pos,0004,0.4794619422572178
B_uncertainty,linear,value_task_pos,0005,0.6560344827586208
B_uncertainty,linear,value_task_pos,0006,0.6074431818181818
B_uncertainty,linear,value_task_pos,0007,0.7160340434142054
B_uncertainty,linear,value_task_pos,0008,0.41645269218798625
B_uncertainty,linear,value_task_pos,0009,0.7983280981529209
B_uncertainty,linear,value_task_pos,0010,0.7147727272727273
B_uncertainty,linear,value_task_pos,0011,0.6782006920415224
B_uncertainty,linear,value_task_pos,0012,0.19999999999999998
B_uncertainty,linear,value_task_pos,0013,0.6496789127837514
B_uncertainty,linear,value_task_pos,0014,0.6100603621730382
B_uncertainty,linear,value_task_pos,0015,0.7731952731952733
B_uncertainty,linear,value_task_pos,0016,0.6594776414721013
B_uncertainty,linear,value_task_pos,0017,0.6288056206088993
B_uncertainty,linear,value_task_pos,0018,0.6662498238692405
B_uncertainty,linear,value_task_pos,0019,0.7198903927727229
B_uncertainty,linear,value_task_pos,0020,0.6939578794480755
B_uncertainty,tree,value_task_pos,0000,0.6097222222222223
B_uncertainty,tree,value_task_pos,0001,0.6526647936933915
B_uncertainty,tree,value_task_pos,0002,0.6875812215724497
B_uncertainty,tree,value_task_pos,0003,0.4766355140186916
B_uncertainty,tree,value_task_pos,0004,0.47122703412073497
B_uncertainty,tree,value_task_pos,0005,0.5825317604355716
B_uncertainty,tree,value_task_pos,0006,0.6179261363636364
B_uncertainty,tree,value_task_pos,0007,0.6779217330272966
B_uncertainty,tree,value_task_pos,0008,0.5285947712418301
B_uncertainty,tree,value_task_pos,0009,0.7769611791237113
B_uncertainty,tree,value_task_pos,0010,0.5992341897233202
B_uncertainty,tree,value_task_pos,0011,0.6169673751853683
B_uncertainty,tree,value_task_pos,0012,0.20982142857142858
B_uncertainty,tree,value_task_pos,0013,0.6116338112305855
B_uncertainty,tree,value_task_pos,0014,0.5217303822937626
B_uncertainty,tree,value_task_pos,0015,0.7212910962910962
B_uncertainty,tree,value_task_pos,0016,0.619360902255639
B_uncertainty,tree,value_task_pos,0017,0.5439110070257611
B_uncertainty,tree,value_task_pos,0018,0.6345639002395379
B_uncertainty,tree,value_task_pos,0019,0.7126655441505035
B_uncertainty,tree,value_task_pos,0020,0.5768010167029773
B_uncertainty,gbm,value_task_pos,0000,0.6325925925925926
B_uncertainty,gbm,value_task_pos,0001,0.6894917812814492
B_uncertainty,gbm,value_task_pos,0002,0.639538661468486
B_uncertainty,gbm,value_task_pos,0003,0.7014397575145238
B_uncertainty,gbm,value_task_pos,0004,0.4822834645669291
B_uncertainty,gbm,value_task_pos,0005,0.6735934664246824
B_uncertainty,gbm,value_task_pos,0006,0.633721590909091
B_uncertainty,gbm,value_task_pos,0007,0.7352182407951894
B_uncertainty,gbm,value_task_pos,0008,0.38655462184873957
B_uncertainty,gbm,value_task_pos,0009,0.7708803157216495
B_uncertainty,gbm,value_task_pos,0010,0.6384387351778656
B_uncertainty,gbm,value_task_pos,0011,0.69451309935739
B_uncertainty,gbm,value_task_pos,0012,0.15714285714285714
B_uncertainty,gbm,value_task_pos,0013,0.6244586320191159
B_uncertainty,gbm,value_task_pos,0014,0.5601609657947686
B_uncertainty,gbm,value_task_pos,0015,0.7546068796068796
B_uncertainty,gbm,value_task_pos,0016,0.6286110011871784
B_uncertainty,gbm,value_task_pos,0017,0.6088992974238876
B_uncertainty,gbm,value_task_pos,0018,0.5637417218543046
B_uncertainty,gbm,value_task_pos,0019,0.6876558300683224
B_uncertainty,gbm,value_task_pos,0020,0.7002033405954975
C_complexity,linear,value_task_pos,0000,0.6401851851851852
C_complexity,linear,value_task_pos,0001,0.42406071787990607
C_complexity,linear,value_task_pos,0002,0.40245289148797925
C_complexity,linear,value_task_pos,0003,0.3498358171255368
C_complexity,linear,value_task_pos,0004,0.19396325459317587
C_complexity,linear,value_task_pos,0005,0.5396098003629765
C_complexity,linear,value_task_pos,0006,0.7394886363636364
C_complexity,linear,value_task_pos,0007,0.5975428546136288
C_complexity,linear,value_task_pos,0008,0.4053454715219421
C_complexity,linear,value_task_pos,0009,0.6383228629725085
C_complexity,linear,value_task_pos,0010,0.3940217391304348
C_complexity,linear,value_task_pos,0011,0.5888943812819245
C_complexity,linear,value_task_pos,0012,0.06607142857142856
C_complexity,linear,value_task_pos,0013,0.5934139784946237
C_complexity,linear,value_task_pos,0014,0.45754527162977865
C_complexity,linear,value_task_pos,0015,0.5894173394173394
C_complexity,linear,value_task_pos,0016,0.639988128215275
C_complexity,linear,value_task_pos,0017,0.7507806401249024
C_complexity,linear,value_task_pos,0018,0.4636113850922925
C_complexity,linear,value_task_pos,0019,0.5392772722857235
C_complexity,linear,value_task_pos,0020,0.6044589687726942
C_complexity,tree,value_task_pos,0000,0.6155555555555556
C_complexity,tree,value_task_pos,0001,0.6318349547131834
C_complexity,tree,value_task_pos,0002,0.5226608187134503
C_complexity,tree,value_task_pos,0003,0.31611518060116195
C_complexity,tree,value_task_pos,0004,0.38211942257217846
C_complexity,tree,value_task_pos,0005,0.5359119782214157
C_complexity,tree,value_task_pos,0006,0.5122727272727272
C_complexity,tree,value_task_pos,0007,0.5765755512137134
C_complexity,tree,value_task_pos,0008,0.264161220043573
C_complexity,tree,value_task_pos,0009,0.5640336393900343
C_complexity,tree,value_task_pos,0010,0.3413784584980237
C_complexity,tree,value_task_pos,0011,0.448838358872961
C_complexity,tree,value_task_pos,0012,0.10089285714285713
C_complexity,tree,value_task_pos,0013,0.5426560633213858
C_complexity,tree,value_task_pos,0014,0.41770623742454727
C_complexity,tree,value_task_pos,0015,0.5132941382941383
C_complexity,tree,value_task_pos,0016,0.4318856351404828
C_complexity,tree,value_task_pos,0017,0.21584699453551912
C_complexity,tree,value_task_pos,0018,0.45915527687755386
C_complexity,tree,value_task_pos,0019,0.5113391671793543
C_complexity,tree,value_task_pos,0020,0.47823166303558456
C_complexity,gbm,value_task_pos,0000,0.6911111111111111
C_complexity,gbm,value_task_pos,0001,0.5995366487755787
C_complexity,gbm,value_task_pos,0002,0.6266244314489928
C_complexity,gbm,value_task_pos,0003,0.3329123516039405
C_complexity,gbm,value_task_pos,0004,0.467257217847769
C_complexity,gbm,value_task_pos,0005,0.649410163339383
C_complexity,gbm,value_task_pos,0006,0.7495454545454546
C_complexity,gbm,value_task_pos,0007,0.647093600419852
C_complexity,gbm,value_task_pos,0008,0.3551392779333956
C_complexity,gbm,value_task_pos,0009,0.5762557721219931
C_complexity,gbm,value_task_pos,0010,0.3806818181818181
C_complexity,gbm,value_task_pos,0011,0.48063931454934916
C_complexity,gbm,value_task_pos,0012,0.06339285714285714
C_complexity,gbm,value_task_pos,0013,0.5015120967741935
C_complexity,gbm,value_task_pos,0014,0.4362173038229376
C_complexity,gbm,value_task_pos,0015,0.6367000117000117
C_complexity,gbm,value_task_pos,0016,0.5834982192322913
C_complexity,gbm,value_task_pos,0017,0.7896174863387978
C_complexity,gbm,value_task_pos,0018,0.39617091728899534
C_complexity,gbm,value_task_pos,0019,0.5317670724994333
C_complexity,gbm,value_task_pos,0020,0.6046332607116921
D_criticality,linear,value_task_pos,0000,0.6135185185185186
D_criticality,linear,value_task_pos,0001,0.6933076148943307
D_criticality,linear,value_task_pos,0002,0.7755847953216376
D_criticality,linear,value_task_pos,0003,0.6415761555948472
D_criticality,linear,value_task_pos,0004,0.4616141732283465
D_criticality,linear,value_task_pos,0005,0.6730943738656988
D_criticality,linear,value_task_pos,0006,0.5636647727272729
D_criticality,linear,value_task_pos,0007,0.7912501343652586
D_criticality,linear,value_task_pos,0008,0.4657835356364768
D_criticality,linear,value_task_pos,0009,0.7914082635309279
D_criticality,linear,value_task_pos,0010,0.690513833992095
D_criticality,linear,value_task_pos,0011,0.474954687757456
D_criticality,linear,value_task_pos,0012,0.12857142857142856
D_criticality,linear,value_task_pos,0013,0.5799357825567504
D_criticality,linear,value_task_pos,0014,0.537625754527163
D_criticality,linear,value_task_pos,0015,0.5804960804960806
D_criticality,linear,value_task_pos,0016,0.540364068064899
D_criticality,linear,value_task_pos,0017,0.4748243559718969
D_criticality,linear,value_task_pos,0018,0.5872727913202761
D_criticality,linear,value_task_pos,0019,0.705351649774957
D_criticality,linear,value_task_pos,0020,0.6328467683369644
D_criticality,tree,value_task_pos,0000,0.5303703703703704
D_criticality,tree,value_task_pos,0001,0.6848792351559879
D_criticality,tree,value_task_pos,0002,0.6328784925276154
D_criticality,tree,value_task_pos,0003,0.6393028542561252
D_criticality,tree,value_task_pos,0004,0.6230314960629921
D_criticality,tree,value_task_pos,0005,0.8147912885662432
D_criticality,tree,value_task_pos,0006,0.6308238636363637
D_criticality,tree,value_task_pos,0007,0.7540357000588045
D_criticality,tree,value_task_pos,0008,0.5637643946467475
D_criticality,tree,value_task_pos,0009,0.8063822218642612
D_criticality,tree,value_task_pos,0010,0.7674654150197628
D_criticality,tree,value_task_pos,0011,0.3034478497281265
D_criticality,tree,value_task_pos,0012,0.14732142857142858
D_criticality,tree,value_task_pos,0013,0.6306936977299881
D_criticality,tree,value_task_pos,0014,0.5
D_criticality,tree,value_task_pos,0015,0.5373669123669124
D_criticality,tree,value_task_pos,0016,0.5568361693707955
D_criticality,tree,value_task_pos,0017,0.29078844652615143
D_criticality,tree,value_task_pos,0018,0.6644885162744821
D_criticality,tree,value_task_pos,0019,0.5891631318200953
D_criticality,tree,value_task_pos,0020,0.597549019607843
D_criticality,gbm,value_task_pos,0000,0.6349999999999999
D_criticality,gbm,value_task_pos,0001,0.692909258638041
D_criticality,gbm,value_task_pos,0002,0.5886127355425601
D_criticality,gbm,value_task_pos,0003,0.6358929022480425
D_criticality,gbm,value_task_pos,0004,0.6400918635170604
D_criticality,gbm,value_task_pos,0005,0.836524500907441
D_criticality,gbm,value_task_pos,0006,0.6588068181818182
D_criticality,gbm,value_task_pos,0007,0.7902005045810649
D_criticality,gbm,value_task_pos,0008,0.4636437908496732
D_criticality,gbm,value_task_pos,0009,0.814906169458763
D_criticality,gbm,value_task_pos,0010,0.7937005928853755
D_criticality,gbm,value_task_pos,0011,0.40047783819410115
D_criticality,gbm,value_task_pos,0012,0.0875
D_criticality,gbm,value_task_pos,0013,0.5655801971326164
D_criticality,gbm,value_task_pos,0014,0.46961770623742455
D_criticality,gbm,value_task_pos,0015,0.6646922896922898
D_criticality,gbm,value_task_pos,0016,0.5455085081123863
D_criticality,gbm,value_task_pos,0017,0.3331381733021077
D_criticality,gbm,value_task_pos,0018,0.6652811046921234
D_criticality,gbm,value_task_pos,0019,0.645717304018392
D_criticality,gbm,value_task_pos,0020,0.6988562091503268
E_unc_crit,linear,value_task_pos,0000,0.6100000000000001
E_unc_crit,linear,value_task_pos,0001,0.679889298892989
E_unc_crit,linear,value_task_pos,0002,0.7483755685510072
E_unc_crit,linear,value_task_pos,0003,0.7666077292245517
E_unc_crit,linear,value_task_pos,0004,0.537992125984252
E_unc_crit,linear,value_task_pos,0005,0.7525862068965516
E_unc_crit,linear,value_task_pos,0006,0.5803409090909091
E_unc_crit,linear,value_task_pos,0007,0.7590404107466915
E_unc_crit,linear,value_task_pos,0008,0.4443082788671024
E_unc_crit,linear,value_task_pos,0009,0.8038787317439863
E_unc_crit,linear,value_task_pos,0010,0.787302371541502
E_unc_crit,linear,value_task_pos,0011,0.5116987971659251
E_unc_crit,linear,value_task_pos,0012,0.16964285714285715
E_unc_crit,linear,value_task_pos,0013,0.631160394265233
E_unc_crit,linear,value_task_pos,0014,0.618913480885312
E_unc_crit,linear,value_task_pos,0015,0.7725225225225226
E_unc_crit,linear,value_task_pos,0016,0.4906015037593985
E_unc_crit,linear,value_task_pos,0017,0.4964871194379391
E_unc_crit,linear,value_task_pos,0018,0.6704417359447654
E_unc_crit,linear,value_task_pos,0019,0.70885681442865
E_unc_crit,linear,value_task_pos,0020,0.686165577342048
E_unc_crit,tree,value_task_pos,0000,0.5548148148148148
E_unc_crit,tree,value_task_pos,0001,0.6418043441798054
E_unc_crit,tree,value_task_pos,0002,0.6780376868096167
E_unc_crit,tree,value_task_pos,0003,0.5175549381156859
E_unc_crit,tree,value_task_pos,0004,0.497736220472441
E_unc_crit,tree,value_task_pos,0005,0.781510889292196
E_unc_crit,tree,value_task_pos,0006,0.6245170454545456
E_unc_crit,tree,value_task_pos,0007,0.7334667501312037
E_unc_crit,tree,value_task_pos,0008,0.5189270152505446
E_unc_crit,tree,value_task_pos,0009,0.812328849871134
E_unc_crit,tree,value_task_pos,0010,0.5989130434782608
E_unc_crit,tree,value_task_pos,0011,0.436933596968199
E_unc_crit,tree,value_task_pos,0012,0.15
E_unc_crit,tree,value_task_pos,0013,0.6194183094384706
E_unc_crit,tree,value_task_pos,0014,0.41649899396378265
E_unc_crit,tree,value_task_pos,0015,0.5401456651456651
E_unc_crit,tree,value_task_pos,0016,0.6416204986149585
E_unc_crit,tree,value_task_pos,0017,0.5593286494925839
E_unc_crit,tree,value_task_pos,0018,0.6248062561645766
E_unc_crit,tree,value_task_pos,0019,0.616018521516692
E_unc_crit,tree,value_task_pos,0020,0.6505918663761802
E_unc_crit,gbm,value_task_pos,0000,0.627037037037037
E_unc_crit,gbm,value_task_pos,0001,0.7138963435088898
E_unc_crit,gbm,value_task_pos,0002,0.618421052631579
E_unc_crit,gbm,value_task_pos,0003,0.6291992927506946
E_unc_crit,gbm,value_task_pos,0004,0.6442257217847769
E_unc_crit,gbm,value_task_pos,0005,0.8083030852994555
E_unc_crit,gbm,value_task_pos,0006,0.681590909090909
E_unc_crit,gbm,value_task_pos,0007,0.7890844825514856
E_unc_crit,gbm,value_task_pos,0008,0.4857415188297541
E_unc_crit,gbm,value_task_pos,0009,0.7965998174398625
E_unc_crit,gbm,value_task_pos,0010,0.7604496047430831
E_unc_crit,gbm,value_task_pos,0011,0.5249217333992421
E_unc_crit,gbm,value_task_pos,0012,0.11964285714285715
E_unc_crit,gbm,value_task_pos,0013,0.5817839008363203
E_unc_crit,gbm,value_task_pos,0014,0.45191146881287725
E_unc_crit,gbm,value_task_pos,0015,0.6601877851877852
E_unc_crit,gbm,value_task_pos,0016,0.6677878907795806
E_unc_crit,gbm,value_task_pos,0017,0.49004683840749413
E_unc_crit,gbm,value_task_pos,0018,0.6348280963787515
E_unc_crit,gbm,value_task_pos,0019,0.6156137680924781
E_unc_crit,gbm,value_task_pos,0020,0.7287726942628905
F_all_visual,linear,value_task_pos,0000,0.6470370370370371
F_all_visual,linear,value_task_pos,0001,0.6216873532371687
F_all_visual,linear,value_task_pos,0002,0.5736679662118258
F_all_visual,linear,value_task_pos,0003,0.6885577165950997
F_all_visual,linear,value_task_pos,0004,0.5870734908136482
F_all_visual,linear,value_task_pos,0005,0.6947822141560799
F_all_visual,linear,value_task_pos,0006,0.7021590909090909
F_all_visual,linear,value_task_pos,0007,0.6574286599515653
F_all_visual,linear,value_task_pos,0008,0.4871615312791784
F_all_visual,linear,value_task_pos,0009,0.7874114046391752
F_all_visual,linear,value_task_pos,0010,0.7653162055335968
F_all_visual,linear,value_task_pos,0011,0.6270802438622509
F_all_visual,linear,value_task_pos,0012,0.22142857142857145
F_all_visual,linear,value_task_pos,0013,0.6252240143369175
F_all_visual,linear,value_task_pos,0014,0.5983903420523139
F_all_visual,linear,value_task_pos,0015,0.7224464724464724
F_all_visual,linear,value_task_pos,0016,0.7061733280569845
F_all_visual,linear,value_task_pos,0017,0.5608899297423887
F_all_visual,linear,value_task_pos,0018,0.6591517542623643
F_all_visual,linear,value_task_pos,0019,0.6477107146326457
F_all_visual,linear,value_task_pos,0020,0.6664415395787945
F_all_visual,tree,value_task_pos,0000,0.5914814814814815
F_all_visual,tree,value_task_pos,0001,0.6606738510566924
F_all_visual,tree,value_task_pos,0002,0.6537524366471734
F_all_visual,tree,value_task_pos,0003,0.5800707249305381
F_all_visual,tree,value_task_pos,0004,0.5737204724409448
F_all_visual,tree,value_task_pos,0005,0.6148593466424682
F_all_visual,tree,value_task_pos,0006,0.6163636363636364
F_all_visual,tree,value_task_pos,0007,0.6191076882220157
F_all_visual,tree,value_task_pos,0008,0.4362939620292561
F_all_visual,tree,value_task_pos,0009,0.7545203769329897
F_all_visual,tree,value_task_pos,0010,0.6517786561264822
F_all_visual,tree,value_task_pos,0011,0.4157398253419014
F_all_visual,tree,value_task_pos,0012,0.22232142857142856
F_all_visual,tree,value_task_pos,0013,0.6196983273596177
F_all_visual,tree,value_task_pos,0014,0.5782696177062374
F_all_visual,tree,value_task_pos,0015,0.6472446472446473
F_all_visual,tree,value_task_pos,0016,0.619360902255639
F_all_visual,tree,value_task_pos,0017,0.5344457455113192
F_all_visual,tree,value_task_pos,0018,0.6371177962519374
F_all_visual,tree,value_task_pos,0019,0.6454218340187158
F_all_visual,tree,value_task_pos,0020,0.6092665214233843
F_all_visual,gbm,value_task_pos,0000,0.6298148148148148
F_all_visual,gbm,value_task_pos,0001,0.6922802750754781
F_all_visual,gbm,value_task_pos,0002,0.7171052631578948
F_all_visual,gbm,value_task_pos,0003,0.4821924728466785
F_all_visual,gbm,value_task_pos,0004,0.6405511811023622
F_all_visual,gbm,value_task_pos,0005,0.736842105263158
F_all_visual,gbm,value_task_pos,0006,0.7701420454545455
F_all_visual,gbm,value_task_pos,0007,0.7123002699951313
F_all_visual,gbm,value_task_pos,0008,0.47321428571428564
F_all_visual,gbm,value_task_pos,0009,0.7463823560996563
F_all_visual,gbm,value_task_pos,0010,0.6030632411067194
F_all_visual,gbm,value_task_pos,0011,0.5768042511122096
F_all_visual,gbm,value_task_pos,0012,0.13214285714285715
F_all_visual,gbm,value_task_pos,0013,0.5922565710872163
F_all_visual,gbm,value_task_pos,0014,0.5336016096579477
F_all_visual,gbm,value_task_pos,0015,0.7013718263718264
F_all_visual,gbm,value_task_pos,0016,0.6339533043134151
F_all_visual,gbm,value_task_pos,0017,0.7460967993754878
F_all_visual,gbm,value_task_pos,0018,0.5674580808792448
F_all_visual,gbm,value_task_pos,0019,0.6719311595376097
F_all_visual,gbm,value_task_pos,0020,0.6792302106027596
G_all,linear,value_task_pos,0000,0.5920370370370371
G_all,linear,value_task_pos,0001,0.6097366655484737
G_all,linear,value_task_pos,0002,0.7015107212475634
G_all,linear,value_task_pos,0003,0.7029552917403386
G_all,linear,value_task_pos,0004,0.6386482939632545
G_all,linear,value_task_pos,0005,0.7338021778584392
G_all,linear,value_task_pos,0006,0.71
G_all,linear,value_task_pos,0007,0.6970869611953132
G_all,linear,value_task_pos,0008,0.5326408341114224
G_all,linear,value_task_pos,0009,0.7967340528350516
G_all,linear,value_task_pos,0010,0.8105731225296443
G_all,linear,value_task_pos,0011,0.4832344702586917
G_all,linear,value_task_pos,0012,0.22499999999999998
G_all,linear,value_task_pos,0013,0.6280988649940263
G_all,linear,value_task_pos,0014,0.5991951710261569
G_all,linear,value_task_pos,0015,0.7201357201357202
G_all,linear,value_task_pos,0016,0.600415512465374
G_all,linear,value_task_pos,0017,0.4607728337236534
G_all,linear,value_task_pos,0018,0.672361561223052
G_all,linear,value_task_pos,0019,0.6761810704918564
G_all,linear,value_task_pos,0020,0.66519244734931
G_all,tree,value_task_pos,0000,0.6036111111111111
G_all,tree,value_task_pos,0001,0.527559963099631
G_all,tree,value_task_pos,0002,0.6613060428849903
G_all,tree,value_task_pos,0003,0.5277847941399343
G_all,tree,value_task_pos,0004,0.6195866141732284
G_all,tree,value_task_pos,0005,0.7634528130671506
G_all,tree,value_task_pos,0006,0.6286647727272728
G_all,tree,value_task_pos,0007,0.7534097160308818
G_all,tree,value_task_pos,0008,0.3753501400560224
G_all,tree,value_task_pos,0009,0.7537820822594502
G_all,tree,value_task_pos,0010,0.6614624505928854
G_all,tree,value_task_pos,0011,0.4391992090954028
G_all,tree,value_task_pos,0012,0.20714285714285716
G_all,tree,value_task_pos,0013,0.6158527479091996
G_all,tree,value_task_pos,0014,0.3603621730382293
G_all,tree,value_task_pos,0015,0.6065724815724817
G_all,tree,value_task_pos,0016,0.6391966759002771
G_all,tree,value_task_pos,0017,0.5592310694769711
G_all,tree,value_task_pos,0018,0.6333133718472596
G_all,tree,value_task_pos,0019,0.640589078133601
G_all,tree,value_task_pos,0020,0.6418700072621641
G_all,gbm,value_task_pos,0000,0.6488888888888888
G_all,gbm,value_task_pos,0001,0.6635357262663535
G_all,gbm,value_task_pos,0002,0.6946068875893436
G_all,gbm,value_task_pos,0003,0.5208385956049507
G_all,gbm,value_task_pos,0004,0.7183070866141733
G_all,gbm,value_task_pos,0005,0.8104809437386569
G_all,gbm,value_task_pos,0006,0.7466193181818181
G_all,gbm,value_task_pos,0007,0.7592301028763649
G_all,gbm,value_task_pos,0008,0.4347572362278245
G_all,gbm,value_task_pos,0009,0.7717360663659794
G_all,gbm,value_task_pos,0010,0.7234189723320158
G_all,gbm,value_task_pos,0011,0.49756961608172684
G_all,gbm,value_task_pos,0012,0.08571428571428572
G_all,gbm,value_task_pos,0013,0.5916965352449224
G_all,gbm,value_task_pos,0014,0.5661971830985916
G_all,gbm,value_task_pos,0015,0.6368170118170118
G_all,gbm,value_task_pos,0016,0.5928967154728928
G_all,gbm,value_task_pos,0017,0.6623731459797033
G_all,gbm,value_task_pos,0018,0.6621635902494011
G_all,gbm,value_task_pos,0019,0.6705509503610401
G_all,gbm,value_task_pos,0020,0.6264197530864198
H_visual_plus_stakes,linear,value_task_pos,0000,0.6355555555555555
H_visual_plus_stakes,linear,value_task_pos,0001,0.6211212680308621
H_visual_plus_stakes,linear,value_task_pos,0002,0.5709064327485381
H_visual_plus_stakes,linear,value_task_pos,0003,0.6928517302349079
H_visual_plus_stakes,linear,value_task_pos,0004,0.5877952755905511
H_visual_plus_stakes,linear,value_task_pos,0005,0.6930580762250454
H_visual_plus_stakes,linear,value_task_pos,0006,0.7050000000000001
H_visual_plus_stakes,linear,value_task_pos,0007,0.6286523638800893
H_visual_plus_stakes,linear,value_task_pos,0008,0.48712262682850915
H_visual_plus_stakes,linear,value_task_pos,0009,0.7860153565292096
H_visual_plus_stakes,linear,value_task_pos,0010,0.7651679841897233
H_visual_plus_stakes,linear,value_task_pos,0011,0.627698138078761
H_visual_plus_stakes,linear,value_task_pos,0012,0.23214285714285715
H_visual_plus_stakes,linear,value_task_pos,0013,0.623805256869773
H_visual_plus_stakes,linear,value_task_pos,0014,0.6000000000000001
H_visual_plus_stakes,linear,value_task_pos,0015,0.7177372177372178
H_visual_plus_stakes,linear,value_task_pos,0016,0.70607439651761
H_visual_plus_stakes,linear,value_task_pos,0017,0.5560109289617486
H_visual_plus_stakes,linear,value_task_pos,0018,0.655276877553896
H_visual_plus_stakes,linear,value_task_pos,0019,0.6454319528543211
H_visual_plus_stakes,linear,value_task_pos,0020,0.666877269426289
H_visual_plus_stakes,tree,value_task_pos,0000,0.5914814814814815
H_visual_plus_stakes,tree,value_task_pos,0001,0.6606738510566924
H_visual_plus_stakes,tree,value_task_pos,0002,0.6537524366471734
H_visual_plus_stakes,tree,value_task_pos,0003,0.5800707249305381
H_visual_plus_stakes,tree,value_task_pos,0004,0.5737204724409448
H_visual_plus_stakes,tree,value_task_pos,0005,0.6148593466424682
H_visual_plus_stakes,tree,value_task_pos,0006,0.6163636363636364
H_visual_plus_stakes,tree,value_task_pos,0007,0.6191076882220157
H_visual_plus_stakes,tree,value_task_pos,0008,0.4362939620292561
H_visual_plus_stakes,tree,value_task_pos,0009,0.7545203769329897
H_visual_plus_stakes,tree,value_task_pos,0010,0.6517786561264822
H_visual_plus_stakes,tree,value_task_pos,0011,0.4157398253419014
H_visual_plus_stakes,tree,value_task_pos,0012,0.22232142857142856
H_visual_plus_stakes,tree,value_task_pos,0013,0.6196983273596177
H_visual_plus_stakes,tree,value_task_pos,0014,0.5782696177062374
H_visual_plus_stakes,tree,value_task_pos,0015,0.6472446472446473
H_visual_plus_stakes,tree,value_task_pos,0016,0.619360902255639
H_visual_plus_stakes,tree,value_task_pos,0017,0.5344457455113192
H_visual_plus_stakes,tree,value_task_pos,0018,0.6371177962519374
H_visual_plus_stakes,tree,value_task_pos,0019,0.6454218340187158
H_visual_plus_stakes,tree,value_task_pos,0020,0.6092665214233843
H_visual_plus_stakes,gbm,value_task_pos,0000,0.6407407407407408
H_visual_plus_stakes,gbm,value_task_pos,0001,0.6823423347869843
H_visual_plus_stakes,gbm,value_task_pos,0002,0.7057342430149447
H_visual_plus_stakes,gbm,value_task_pos,0003,0.44506188431422083
H_visual_plus_stakes,gbm,value_task_pos,0004,0.6127952755905511
H_visual_plus_stakes,gbm,value_task_pos,0005,0.7465517241379311
H_visual_plus_stakes,gbm,value_task_pos,0006,0.7238352272727273
H_visual_plus_stakes,gbm,value_task_pos,0007,0.709929118374212
H_visual_plus_stakes,gbm,value_task_pos,0008,0.47807734204793034
H_visual_plus_stakes,gbm,value_task_pos,0009,0.7227032323883162
H_visual_plus_stakes,gbm,value_task_pos,0010,0.653903162055336
H_visual_plus_stakes,gbm,value_task_pos,0011,0.5776898994892075
H_visual_plus_stakes,gbm,value_task_pos,0012,0.13749999999999998
H_visual_plus_stakes,gbm,value_task_pos,0013,0.5828853046594982
H_visual_plus_stakes,gbm,value_task_pos,0014,0.5368209255533198
H_visual_plus_stakes,gbm,value_task_pos,0015,0.7292763542763543
H_visual_plus_stakes,gbm,value_task_pos,0016,0.6467154728927582
H_visual_plus_stakes,gbm,value_task_pos,0017,0.6779859484777517
H_visual_plus_stakes,gbm,value_task_pos,0018,0.5809144709031986
H_visual_plus_stakes,gbm,value_task_pos,0019,0.6940833144448402
H_visual_plus_stakes,gbm,value_task_pos,0020,0.6321423384168482
A_conf,linear,value_visual,0000,0.1888233835801138
A_conf,linear,value_visual,0001,0.1937146892048803
A_conf,linear,value_visual,0002,0.17986333418730688
A_conf,linear,value_visual,0003,-0.12029413698854394
A_conf,linear,value_visual,0004,-0.2918294000749909
A_conf,linear,value_visual,0005,-0.15447835633569668
A_conf,linear,value_visual,0006,0.004750888052549977
A_conf,linear,value_visual,0007,0.2851162393737843
A_conf,linear,value_visual,0008,-0.17691782128070954
A_conf,linear,value_visual,0009,0.36151933480917975
A_conf,linear,value_visual,0010,-0.25215363303522736
A_conf,linear,value_visual,0011,0.09478811043003432
A_conf,linear,value_visual,0012,-0.25959521681718045
A_conf,linear,value_visual,0013,0.05500611309219062
A_conf,linear,value_visual,0014,-0.02235302431273907
A_conf,linear,value_visual,0015,0.2909756225084053
A_conf,linear,value_visual,0016,0.062483259061613165
A_conf,linear,value_visual,0017,0.26468509550358543
A_conf,linear,value_visual,0018,-0.07555475688185584
A_conf,linear,value_visual,0019,0.29878156868359046
A_conf,linear,value_visual,0020,0.21639066586576727
A_conf,tree,value_visual,0000,0.17028991817204353
A_conf,tree,value_visual,0001,0.21871952215240348
A_conf,tree,value_visual,0002,0.22677859389281593
A_conf,tree,value_visual,0003,-0.21403898905503535
A_conf,tree,value_visual,0004,-0.26920046354914273
A_conf,tree,value_visual,0005,-0.17053528451397929
A_conf,tree,value_visual,0006,0.03846528517311687
A_conf,tree,value_visual,0007,0.3171514365828764
A_conf,tree,value_visual,0008,-0.2248449379682132
A_conf,tree,value_visual,0009,0.36233950965304124
A_conf,tree,value_visual,0010,-0.34645987329885597
A_conf,tree,value_visual,0011,0.10449582450814743
A_conf,tree,value_visual,0012,-0.43342882760154305
A_conf,tree,value_visual,0013,0.027019048635823998
A_conf,tree,value_visual,0014,-0.08439607643878114
A_conf,tree,value_visual,0015,0.13018941493991454
A_conf,tree,value_visual,0016,0.24826605327111564
A_conf,tree,value_visual,0017,0.230662120659614
A_conf,tree,value_visual,0018,-0.06521250605300108
A_conf,tree,value_visual,0019,0.2830178412833812
A_conf,tree,value_visual,0020,0.19606136389862058
A_conf,gbm,value_visual,0000,0.20668862782204359
A_conf,gbm,value_visual,0001,0.25009954332425777
A_conf,gbm,value_visual,0002,0.15959673232443372
A_conf,gbm,value_visual,0003,-0.12904480494329565
A_conf,gbm,value_visual,0004,-0.20481595969112426
A_conf,gbm,value_visual,0005,-0.14283588430972963
A_conf,gbm,value_visual,0006,-0.03331421839538859
A_conf,gbm,value_visual,0007,0.30690769899098286
A_conf,gbm,value_visual,0008,-0.11319088566287744
A_conf,gbm,value_visual,0009,0.356393816583176
A_conf,gbm,value_visual,0010,-0.2727192513474079
A_conf,gbm,value_visual,0011,0.08723355794351496
A_conf,gbm,value_visual,0012,-0.14188278493763073
A_conf,gbm,value_visual,0013,0.06667212457915982
A_conf,gbm,value_visual,0014,-0.14199650692725696
A_conf,gbm,value_visual,0015,0.19067973249006398
A_conf,gbm,value_visual,0016,0.14641095149164227
A_conf,gbm,value_visual,0017,0.23245893947347282
A_conf,gbm,value_visual,0018,-0.06393877444913781
A_conf,gbm,value_visual,0019,0.2783196615605546
A_conf,gbm,value_visual,0020,0.19998056396954506
B_uncertainty,linear,value_visual,0000,0.2979450918055627
B_uncertainty,linear,value_visual,0001,0.4927639527948188
B_uncertainty,linear,value_visual,0002,0.5270181425832164
B_uncertainty,linear,value_visual,0003,0.20919474701341303
B_uncertainty,linear,value_visual,0004,0.1934424680372074
B_uncertainty,linear,value_visual,0005,0.46391938213473294
B_uncertainty,linear,value_visual,0006,0.15901959211775124
B_uncertainty,linear,value_visual,0007,0.3286647556205027
B_uncertainty,linear,value_visual,0008,0.10213232617386171
B_uncertainty,linear,value_visual,0009,0.5105956151219982
B_uncertainty,linear,value_visual,0010,0.31029269073831195
B_uncertainty,linear,value_visual,0011,0.2531088976150172
B_uncertainty,linear,value_visual,0012,-0.0920925781401676
B_uncertainty,linear,value_visual,0013,0.3243342902443547
B_uncertainty,linear,value_visual,0014,0.173523393111662
B_uncertainty,linear,value_visual,0015,0.5700050933293827
B_uncertainty,linear,value_visual,0016,0.42624423626117164
B_uncertainty,linear,value_visual,0017,0.03963713776301421
B_uncertainty,linear,value_visual,0018,0.40981817527473074
B_uncertainty,linear,value_visual,0019,0.49301891320707075
B_uncertainty,linear,value_visual,0020,0.4007830583017387
B_uncertainty,tree,value_visual,0000,0.23393149997374413
B_uncertainty,tree,value_visual,0001,0.4573482338335968
B_uncertainty,tree,value_visual,0002,0.5839543953880221
B_uncertainty,tree,value_visual,0003,0.1280202251708891
B_uncertainty,tree,value_visual,0004,0.23978488955257063
B_uncertainty,tree,value_visual,0005,0.38367068982118735
B_uncertainty,tree,value_visual,0006,0.21293602669593717
B_uncertainty,tree,value_visual,0007,0.39160835887788714
B_uncertainty,tree,value_visual,0008,0.18477393751523696
B_uncertainty,tree,value_visual,0009,0.43061832933460786
B_uncertainty,tree,value_visual,0010,0.24735366055563104
B_uncertainty,tree,value_visual,0011,0.29348627253627574
B_uncertainty,tree,value_visual,0012,-0.18058149470723706
B_uncertainty,tree,value_visual,0013,0.3366866748273702
B_uncertainty,tree,value_visual,0014,0.255233057876557
B_uncertainty,tree,value_visual,0015,0.5576723434389474
B_uncertainty,tree,value_visual,0016,0.3975273073473591
B_uncertainty,tree,value_visual,0017,-0.04431979185365379
B_uncertainty,tree,value_visual,0018,0.3673458307840863
B_uncertainty,tree,value_visual,0019,0.47015784754285345
B_uncertainty,tree,value_visual,0020,0.41973048144338365
B_uncertainty,gbm,value_visual,0000,0.2656607771459549
B_uncertainty,gbm,value_visual,0001,0.4493299573881417
B_uncertainty,gbm,value_visual,0002,0.5185051898104008
B_uncertainty,gbm,value_visual,0003,0.11404765810422912
B_uncertainty,gbm,value_visual,0004,0.20819985853090867
B_uncertainty,gbm,value_visual,0005,0.35449376614485684
B_uncertainty,gbm,value_visual,0006,0.15130180576038607
B_uncertainty,gbm,value_visual,0007,0.36231773355158625
B_uncertainty,gbm,value_visual,0008,0.10169140585139069
B_uncertainty,gbm,value_visual,0009,0.539097588622052
B_uncertainty,gbm,value_visual,0010,0.1398387316688865
B_uncertainty,gbm,value_visual,0011,0.21290113099329078
B_uncertainty,gbm,value_visual,0012,-0.17647884400059305
B_uncertainty,gbm,value_visual,0013,0.24284975886322802
B_uncertainty,gbm,value_visual,0014,0.09932899684482713
B_uncertainty,gbm,value_visual,0015,0.5943112121138299
B_uncertainty,gbm,value_visual,0016,0.23730896113094327
B_uncertainty,gbm,value_visual,0017,0.09496152713822191
B_uncertainty,gbm,value_visual,0018,0.3180786134320777
B_uncertainty,gbm,value_visual,0019,0.4515416466916631
B_uncertainty,gbm,value_visual,0020,0.37524166059193853
C_complexity,linear,value_visual,0000,0.03300899063400982
C_complexity,linear,value_visual,0001,-0.4035251918969266
C_complexity,linear,value_visual,0002,0.11696591362205953
C_complexity,linear,value_visual,0003,-0.39553963253158
C_complexity,linear,value_visual,0004,-0.33291047437695315
C_complexity,linear,value_visual,0005,-0.2028762795840631
C_complexity,linear,value_visual,0006,0.23050273697763815
C_complexity,linear,value_visual,0007,0.06150227145999987
C_complexity,linear,value_visual,0008,-0.26338286595082544
C_complexity,linear,value_visual,0009,0.1843064902193639
C_complexity,linear,value_visual,0010,-0.18275781743180958
C_complexity,linear,value_visual,0011,0.2498847762548058
C_complexity,linear,value_visual,0012,-0.278013732445214
C_complexity,linear,value_visual,0013,0.04825979245742242
C_complexity,linear,value_visual,0014,-0.17369165822013394
C_complexity,linear,value_visual,0015,0.18021419367003572
C_complexity,linear,value_visual,0016,0.23972522053495904
C_complexity,linear,value_visual,0017,0.3770382058777482
C_complexity,linear,value_visual,0018,0.03621631638508033
C_complexity,linear,value_visual,0019,0.21354434173788892
C_complexity,linear,value_visual,0020,0.2771267373540088
C_complexity,tree,value_visual,0000,0.0700997980011971
C_complexity,tree,value_visual,0001,0.09746821399366062
C_complexity,tree,value_visual,0002,-0.23248208848868443
C_complexity,tree,value_visual,0003,-0.08661500835909348
C_complexity,tree,value_visual,0004,-0.2960090298236311
C_complexity,tree,value_visual,0005,-0.15575843243891704
C_complexity,tree,value_visual,0006,0.13104863191640834
C_complexity,tree,value_visual,0007,0.12863062720278526
C_complexity,tree,value_visual,0008,-0.21357571520579913
C_complexity,tree,value_visual,0009,0.32330162416587727
C_complexity,tree,value_visual,0010,-0.11834875532690609
C_complexity,tree,value_visual,0011,0.24508756847594404
C_complexity,tree,value_visual,0012,-0.5751689385797386
C_complexity,tree,value_visual,0013,-0.07462945862617991
C_complexity,tree,value_visual,0014,-0.15344263517479398
C_complexity,tree,value_visual,0015,-0.2488329609296313
C_complexity,tree,value_visual,0016,0.013029276906422837
C_complexity,tree,value_visual,0017,-0.5083689568129732
C_complexity,tree,value_visual,0018,0.009076868959573454
C_complexity,tree,value_visual,0019,0.25070485954605604
C_complexity,tree,value_visual,0020,-0.31094437392813473
C_complexity,gbm,value_visual,0000,0.0719232436952932
C_complexity,gbm,value_visual,0001,-0.010873826643862924
C_complexity,gbm,value_visual,0002,0.4535458013889539
C_complexity,gbm,value_visual,0003,-0.1996776743597841
C_complexity,gbm,value_visual,0004,0.035332710107533694
C_complexity,gbm,value_visual,0005,-0.024237729575001393
C_complexity,gbm,value_visual,0006,0.3715755418754703
C_complexity,gbm,value_visual,0007,0.19717498487903606
C_complexity,gbm,value_visual,0008,-0.22319624588212797
C_complexity,gbm,value_visual,0009,0.2939494441970447
C_complexity,gbm,value_visual,0010,-0.07030270741651869
C_complexity,gbm,value_visual,0011,0.2000667965394579
C_complexity,gbm,value_visual,0012,-0.4514898240408822
C_complexity,gbm,value_visual,0013,-0.051510690872596784
C_complexity,gbm,value_visual,0014,-0.1461389829818893
C_complexity,gbm,value_visual,0015,0.16827690576828896
C_complexity,gbm,value_visual,0016,0.08089078433640945
C_complexity,gbm,value_visual,0017,-0.04369931768808694
C_complexity,gbm,value_visual,0018,-0.13902547820422595
C_complexity,gbm,value_visual,0019,0.1118611832159419
C_complexity,gbm,value_visual,0020,-0.1050438388018533
D_criticality,linear,value_visual,0000,0.192946789874461
D_criticality,linear,value_visual,0001,0.27765739362540615
D_criticality,linear,value_visual,0002,0.22152976843045719
D_criticality,linear,value_visual,0003,-0.0728940267357455
D_criticality,linear,value_visual,0004,-0.17760690359371886
D_criticality,linear,value_visual,0005,-0.0020266238798698068
D_criticality,linear,value_visual,0006,-0.07022652846137781
D_criticality,linear,value_visual,0007,0.39520437044431245
D_criticality,linear,value_visual,0008,-0.204027789502949
D_criticality,linear,value_visual,0009,0.4112681302339414
D_criticality,linear,value_visual,0010,-0.0703617579508858
D_criticality,linear,value_visual,0011,0.1047993150452932
D_criticality,linear,value_visual,0012,-0.4953663306610884
D_criticality,linear,value_visual,0013,0.20418741759631154
D_criticality,linear,value_visual,0014,-0.11910014709027711
D_criticality,linear,value_visual,0015,0.16802449458244995
D_criticality,linear,value_visual,0016,-0.08378115402282778
D_criticality,linear,value_visual,0017,-0.02169268066700712
D_criticality,linear,value_visual,0018,0.2630552879840636
D_criticality,linear,value_visual,0019,0.3806006807217751
D_criticality,linear,value_visual,0020,0.21204960325643643
D_criticality,tree,value_visual,0000,0.20168516763721567
D_criticality,tree,value_visual,0001,0.12476048723860284
D_criticality,tree,value_visual,0002,0.4565038004675258
D_criticality,tree,value_visual,0003,-0.28067092295620233
D_criticality,tree,value_visual,0004,-0.045356896993594444
D_criticality,tree,value_visual,0005,0.20175503091973318
D_criticality,tree,value_visual,0006,0.16869920380328274
D_criticality,tree,value_visual,0007,0.4111347001486056
D_criticality,tree,value_visual,0008,0.06560769223262732
D_criticality,tree,value_visual,0009,0.4495802175063561
D_criticality,tree,value_visual,0010,0.21474406900739365
D_criticality,tree,value_visual,0011,0.17626731700119247
D_criticality,tree,value_visual,0012,-0.3832226572873876
D_criticality,tree,value_visual,0013,0.1316116465437823
D_criticality,tree,value_visual,0014,0.17965506225874672
D_criticality,tree,value_visual,0015,0.4098983878265634
D_criticality,tree,value_visual,0016,-0.12131639292454227
D_criticality,tree,value_visual,0017,0.10471325137940403
D_criticality,tree,value_visual,0018,0.24132002808042993
D_criticality,tree,value_visual,0019,0.07215606751975918
D_criticality,tree,value_visual,0020,-0.01483634067351112
D_criticality,gbm,value_visual,0000,0.14554935776870004
D_criticality,gbm,value_visual,0001,0.2915311129194474
D_criticality,gbm,value_visual,0002,0.38342169202984605
D_criticality,gbm,value_visual,0003,-0.04773498424822682
D_criticality,gbm,value_visual,0004,-0.04979351404081647
D_criticality,gbm,value_visual,0005,0.3323772088468396
D_criticality,gbm,value_visual,0006,0.1428606974380919
D_criticality,gbm,value_visual,0007,0.41925673917910194
D_criticality,gbm,value_visual,0008,0.011520433496428499
D_criticality,gbm,value_visual,0009,0.4239393824422798
D_criticality,gbm,value_visual,0010,0.34349997572495483
D_criticality,gbm,value_visual,0011,-0.011361870880654903
D_criticality,gbm,value_visual,0012,-0.37793558366519475
D_criticality,gbm,value_visual,0013,0.18533690660825225
D_criticality,gbm,value_visual,0014,-0.11328065281935625
D_criticality,gbm,value_visual,0015,0.5096192704382054
D_criticality,gbm,value_visual,0016,-0.08124346603043256
D_criticality,gbm,value_visual,0017,-0.21245375240851194
D_criticality,gbm,value_visual,0018,0.394609245068587
D_criticality,gbm,value_visual,0019,0.286177343409962
D_criticality,gbm,value_visual,0020,0.2452100986901261
E_unc_crit,linear,value_visual,0000,0.24885735298950915
E_unc_crit,linear,value_visual,0001,0.4335205325539917
E_unc_crit,linear,value_visual,0002,0.502841940526765
E_unc_crit,linear,value_visual,0003,0.16468265220449657
E_unc_crit,linear,value_visual,0004,0.07573295047318246
E_unc_crit,linear,value_visual,0005,0.44545945837618917
E_unc_crit,linear,value_visual,0006,0.13905256781632175
E_unc_crit,linear,value_visual,0007,0.2679228740919176
E_unc_crit,linear,value_visual,0008,0.061383597139231985
E_unc_crit,linear,value_visual,0009,0.48686439739177173
E_unc_crit,linear,value_visual,0010,0.33289608696482664
E_unc_crit,linear,value_visual,0011,0.21942927860658437
E_unc_crit,linear,value_visual,0012,-0.1503543655060851
E_unc_crit,linear,value_visual,0013,0.3512390061917861
E_unc_crit,linear,value_visual,0014,0.15090225259146897
E_unc_crit,linear,value_visual,0015,0.5409514978576356
E_unc_crit,linear,value_visual,0016,0.11429963305562194
E_unc_crit,linear,value_visual,0017,-0.10296949143422021
E_unc_crit,linear,value_visual,0018,0.444433543506616
E_unc_crit,linear,value_visual,0019,0.4634043709440671
E_unc_crit,linear,value_visual,0020,0.38478231274140096
E_unc_crit,tree,value_visual,0000,0.21647495600893576
E_unc_crit,tree,value_visual,0001,0.4552704916527168
E_unc_crit,tree,value_visual,0002,0.5902418640041419
E_unc_crit,tree,value_visual,0003,0.12495586377949024
E_unc_crit,tree,value_visual,0004,0.23306331682770745
E_unc_crit,tree,value_visual,0005,0.3913950413934599
E_unc_crit,tree,value_visual,0006,0.2136679216289921
E_unc_crit,tree,value_visual,0007,0.3983281992397364
E_unc_crit,tree,value_visual,0008,0.1880564204076214
E_unc_crit,tree,value_visual,0009,0.43443134526000504
E_unc_crit,tree,value_visual,0010,0.20194959787356495
E_unc_crit,tree,value_visual,0011,0.28063298659861136
E_unc_crit,tree,value_visual,0012,-0.18058149470723706
E_unc_crit,tree,value_visual,0013,0.3511594795323525
E_unc_crit,tree,value_visual,0014,0.260680722786316
E_unc_crit,tree,value_visual,0015,0.5557604744349794
E_unc_crit,tree,value_visual,0016,0.07729052728593076
E_unc_crit,tree,value_visual,0017,0.07984995490011007
E_unc_crit,tree,value_visual,0018,0.36230752588798776
E_unc_crit,tree,value_visual,0019,0.3464445295748926
E_unc_crit,tree,value_visual,0020,0.3661056621132504
E_unc_crit,gbm,value_visual,0000,0.20350894220136972
E_unc_crit,gbm,value_visual,0001,0.39967430456564046
E_unc_crit,gbm,value_visual,0002,0.5281619622817938
E_unc_crit,gbm,value_visual,0003,0.05191773540957051
E_unc_crit,gbm,value_visual,0004,0.10815980517503991
E_unc_crit,gbm,value_visual,0005,0.35900787404088813
E_unc_crit,gbm,value_visual,0006,0.107204274329895
E_unc_crit,gbm,value_visual,0007,0.3975637623142289
E_unc_crit,gbm,value_visual,0008,0.12863939842066685
E_unc_crit,gbm,value_visual,0009,0.534863089075263
E_unc_crit,gbm,value_visual,0010,0.3314554272519324
E_unc_crit,gbm,value_visual,0011,0.17373858138432957
E_unc_crit,gbm,value_visual,0012,-0.2099952633300713
E_unc_crit,gbm,value_visual,0013,0.2937583025553155
E_unc_crit,gbm,value_visual,0014,0.18106903156969945
E_unc_crit,gbm,value_visual,0015,0.48947423356759145
E_unc_crit,gbm,value_visual,0016,0.08477436485840753
E_unc_crit,gbm,value_visual,0017,-0.11563770350345376
E_unc_crit,gbm,value_visual,0018,0.41202630903077747
E_unc_crit,gbm,value_visual,0019,0.4234461542330701
E_unc_crit,gbm,value_visual,0020,0.4061569444306007
F_all_visual,linear,value_visual,0000,0.21019226637529193
F_all_visual,linear,value_visual,0001,0.24017149953802597
F_all_visual,linear,value_visual,0002,0.568146490895163
F_all_visual,linear,value_visual,0003,0.14761542786953658
F_all_visual,linear,value_visual,0004,0.06058298070857885
F_all_visual,linear,value_visual,0005,0.355436148950116
F_all_visual,linear,value_visual,0006,0.25435876348121844
F_all_visual,linear,value_visual,0007,0.20695899904504414
F_all_visual,linear,value_visual,0008,0.028049364421816655
F_all_visual,linear,value_visual,0009,0.49387785255966654
F_all_visual,linear,value_visual,0010,0.33581204805992143
F_all_visual,linear,value_visual,0011,0.23926258822734464
F_all_visual,linear,value_visual,0012,-0.13371418931799967
F_all_visual,linear,value_visual,0013,0.2724996170669495
F_all_visual,linear,value_visual,0014,0.21968587396400385
F_all_visual,linear,value_visual,0015,0.44005246656150665
F_all_visual,linear,value_visual,0016,0.4269457952192801
F_all_visual,linear,value_visual,0017,-0.0370795519930229
F_all_visual,linear,value_visual,0018,0.430245080600451
F_all_visual,linear,value_visual,0019,0.5062727585047798
F_all_visual,linear,value_visual,0020,0.3398818222405031
F_all_visual,tree,value_visual,0000,0.20781918487460865
F_all_visual,tree,value_visual,0001,0.47186652791338535
F_all_visual,tree,value_visual,0002,0.5852417041222396
F_all_visual,tree,value_visual,0003,0.1858093683131331
F_all_visual,tree,value_visual,0004,0.22253828819673654
F_all_visual,tree,value_visual,0005,0.3932135846446567
F_all_visual,tree,value_visual,0006,0.22707139215966873
F_all_visual,tree,value_visual,0007,0.3880871874289072
F_all_visual,tree,value_visual,0008,0.19039343300260506
F_all_visual,tree,value_visual,0009,0.443899602457353
F_all_visual,tree,value_visual,0010,0.24735366055563104
F_all_visual,tree,value_visual,0011,0.3176333794046092
F_all_visual,tree,value_visual,0012,-0.18058149470723706
F_all_visual,tree,value_visual,0013,0.35570030489228993
F_all_visual,tree,value_visual,0014,0.2567931871514137
F_all_visual,tree,value_visual,0015,0.5529182603809719
F_all_visual,tree,value_visual,0016,0.13751038125518902
F_all_visual,tree,value_visual,0017,-0.003529393899976223
F_all_visual,tree,value_visual,0018,0.35661356579695913
F_all_visual,tree,value_visual,0019,0.43115253338174686
F_all_visual,tree,value_visual,0020,0.3288877684006516
F_all_visual,gbm,value_visual,0000,0.23195790926645515
F_all_visual,gbm,value_visual,0001,0.2997298591557561
F_all_visual,gbm,value_visual,0002,0.5761692530372499
F_all_visual,gbm,value_visual,0003,0.14273758842663536
F_all_visual,gbm,value_visual,0004,0.217020785120153
F_all_visual,gbm,value_visual,0005,0.20425341150264284
F_all_visual,gbm,value_visual,0006,0.31202372802577144
F_all_visual,gbm,value_visual,0007,0.2910686591695847
F_all_visual,gbm,value_visual,0008,0.07645377473448046
F_all_visual,gbm,value_visual,0009,0.4841991257865219
F_all_visual,gbm,value_visual,0010,0.18473358219715494
F_all_visual,gbm,value_visual,0011,0.26098803632451406
F_all_visual,gbm,value_visual,0012,-0.16271825874182852
F_all_visual,gbm,value_visual,0013,0.2962054997752032
F_all_visual,gbm,value_visual,0014,0.3119004116912528
F_all_visual,gbm,value_visual,0015,0.45270892580282335
F_all_visual,gbm,value_visual,0016,0.3887340844299551
F_all_visual,gbm,value_visual,0017,-0.0007944840902526187
F_all_visual,gbm,value_visual,0018,0.30154149043941936
F_all_visual,gbm,value_visual,0019,0.49051649997841185
F_all_visual,gbm,value_visual,0020,0.18402168320092532
G_all,linear,value_visual,0000,0.1521131104068459
G_all,linear,value_visual,0001,0.26358572486939186
G_all,linear,value_visual,0002,0.537959672347859
G_all,linear,value_visual,0003,0.12847630927906173
G_all,linear,value_visual,0004,0.05815132948990597
G_all,linear,value_visual,0005,0.3581907462355103
G_all,linear,value_visual,0006,0.2881679909309119
G_all,linear,value_visual,0007,0.20382932191681397
G_all,linear,value_visual,0008,0.024551490131212127
G_all,linear,value_visual,0009,0.4560480533533296
G_all,linear,value_visual,0010,0.31215819643237813
G_all,linear,value_visual,0011,0.20885214708259223
G_all,linear,value_visual,0012,-0.11569086023217683
G_all,linear,value_visual,0013,0.2902821641334112
G_all,linear,value_visual,0014,0.18399789611403872
G_all,linear,value_visual,0015,0.42234677285283284
G_all,linear,value_visual,0016,0.2417402094742991
G_all,linear,value_visual,0017,-0.15912754493700806
G_all,linear,value_visual,0018,0.4640990329228214
G_all,linear,value_visual,0019,0.48475554248026986
G_all,linear,value_visual,0020,0.313077292401695
G_all,tree,value_visual,0000,0.20781918487460865
G_all,tree,value_visual,0001,0.47186652791338535
G_all,tree,value_visual,0002,0.5852417041222396
G_all,tree,value_visual,0003,0.1244586359635168
G_all,tree,value_visual,0004,0.22253828819673654
G_all,tree,value_visual,0005,0.3913950413934599
G_all,tree,value_visual,0006,0.22707139215966873
G_all,tree,value_visual,0007,0.3880871874289072
G_all,tree,value_visual,0008,0.19039343300260506
G_all,tree,value_visual,0009,0.431088049520625
G_all,tree,value_visual,0010,0.20194959787356495
G_all,tree,value_visual,0011,0.3176333794046092
G_all,tree,value_visual,0012,-0.18058149470723706
G_all,tree,value_visual,0013,0.3511904998251755
G_all,tree,value_visual,0014,0.2567931871514137
G_all,tree,value_visual,0015,0.5529182603809719
G_all,tree,value_visual,0016,0.07557339712722819
G_all,tree,value_visual,0017,-0.003529393899976223
G_all,tree,value_visual,0018,0.35661356579695913
G_all,tree,value_visual,0019,0.43115253338174686
G_all,tree,value_visual,0020,0.27229416499414155
G_all,gbm,value_visual,0000,0.18813312971449592
G_all,gbm,value_visual,0001,0.321600987207755
G_all,gbm,value_visual,0002,0.622169593098057
G_all,gbm,value_visual,0003,-0.008585169553231558
G_all,gbm,value_visual,0004,0.22312119530052538
G_all,gbm,value_visual,0005,0.2690240744089057
G_all,gbm,value_visual,0006,0.18157751551834866
G_all,gbm,value_visual,0007,0.35510852223774125
G_all,gbm,value_visual,0008,0.12467627791238457
G_all,gbm,value_visual,0009,0.4804875265475533
G_all,gbm,value_visual,0010,0.13867402494526088
G_all,gbm,value_visual,0011,0.2463979426256697
G_all,gbm,value_visual,0012,-0.24902060827221054
G_all,gbm,value_visual,0013,0.2794167588897768
G_all,gbm,value_visual,0014,0.2701443733670193
G_all,gbm,value_visual,0015,0.4246299383271343
G_all,gbm,value_visual,0016,0.2737096399886359
G_all,gbm,value_visual,0017,-0.15697264288399412
G_all,gbm,value_visual,0018,0.3542429990531428
G_all,gbm,value_visual,0019,0.44794576424575017
G_all,gbm,value_visual,0020,0.09359818742826573
H_visual_plus_stakes,linear,value_visual,0000,0.1966480724137191
H_visual_plus_stakes,linear,value_visual,0001,0.24171027922854993
H_visual_plus_stakes,linear,value_visual,0002,0.5623629458787124
H_visual_plus_stakes,linear,value_visual,0003,0.1556325561290205
H_visual_plus_stakes,linear,value_visual,0004,0.06070508046949645
H_visual_plus_stakes,linear,value_visual,0005,0.35484012497608336
H_visual_plus_stakes,linear,value_visual,0006,0.2573423529217364
H_visual_plus_stakes,linear,value_visual,0007,0.1896341675677167
H_visual_plus_stakes,linear,value_visual,0008,0.028593826123370646
H_visual_plus_stakes,linear,value_visual,0009,0.4942939568733059
H_visual_plus_stakes,linear,value_visual,0010,0.3346329475402043
H_visual_plus_stakes,linear,value_visual,0011,0.24079709070746855
H_visual_plus_stakes,linear,value_visual,0012,-0.12516122344015423
H_visual_plus_stakes,linear,value_visual,0013,0.2703776684434992
H_visual_plus_stakes,linear,value_visual,0014,0.21664658544222992
H_visual_plus_stakes,linear,value_visual,0015,0.4329984104978669
H_visual_plus_stakes,linear,value_visual,0016,0.35175209488254194
H_visual_plus_stakes,linear,value_visual,0017,-0.04545101996867104
H_visual_plus_stakes,linear,value_visual,0018,0.42425478262203525
H_visual_plus_stakes,linear,value_visual,0019,0.5040066971520928
H_visual_plus_stakes,linear,value_visual,0020,0.32912889004699625
H_visual_plus_stakes,tree,value_visual,0000,0.20781918487460865
H_visual_plus_stakes,tree,value_visual,0001,0.47186652791338535
H_visual_plus_stakes,tree,value_visual,0002,0.5852417041222396
H_visual_plus_stakes,tree,value_visual,0003,0.1858093683131331
H_visual_plus_stakes,tree,value_visual,0004,0.22253828819673654
H_visual_plus_stakes,tree,value_visual,0005,0.3932135846446567
H_visual_plus_stakes,tree,value_visual,0006,0.22707139215966873
H_visual_plus_stakes,tree,value_visual,0007,0.3880871874289072
H_visual_plus_stakes,tree,value_visual,0008,0.19039343300260506
H_visual_plus_stakes,tree,value_visual,0009,0.443899602457353
H_visual_plus_stakes,tree,value_visual,0010,0.24735366055563104
H_visual_plus_stakes,tree,value_visual,0011,0.3176333794046092
H_visual_plus_stakes,tree,value_visual,0012,-0.18058149470723706
H_visual_plus_stakes,tree,value_visual,0013,0.35570030489228993
H_visual_plus_stakes,tree,value_visual,0014,0.2567931871514137
H_visual_plus_stakes,tree,value_visual,0015,0.5529182603809719
H_visual_plus_stakes,tree,value_visual,0016,0.09362048911012857
H_visual_plus_stakes,tree,value_visual,0017,-0.003529393899976223
H_visual_plus_stakes,tree,value_visual,0018,0.35661356579695913
H_visual_plus_stakes,tree,value_visual,0019,0.43115253338174686
H_visual_plus_stakes,tree,value_visual,0020,0.3288877684006516
H_visual_plus_stakes,gbm,value_visual,0000,0.24297479576730113
H_visual_plus_stakes,gbm,value_visual,0001,0.32691421135107585
H_visual_plus_stakes,gbm,value_visual,0002,0.5694683182537313
H_visual_plus_stakes,gbm,value_visual,0003,0.09080054013693527
H_visual_plus_stakes,gbm,value_visual,0004,0.19551315487515666
H_visual_plus_stakes,gbm,value_visual,0005,0.16661738393211797
H_visual_plus_stakes,gbm,value_visual,0006,0.30878958794975364
H_visual_plus_stakes,gbm,value_visual,0007,0.29523186536904855
H_visual_plus_stakes,gbm,value_visual,0008,0.05099582508068344
H_visual_plus_stakes,gbm,value_visual,0009,0.44575550967394045
H_visual_plus_stakes,gbm,value_visual,0010,0.1682492730121051
H_visual_plus_stakes,gbm,value_visual,0011,0.26361386833267225
H_visual_plus_stakes,gbm,value_visual,0012,-0.1736978832746768
H_visual_plus_stakes,gbm,value_visual,0013,0.28905103578233055
H_visual_plus_stakes,gbm,value_visual,0014,0.3137723610230029
H_visual_plus_stakes,gbm,value_visual,0015,0.43300912861866253
H_visual_plus_stakes,gbm,value_visual,0016,0.3556558452971685
H_visual_plus_stakes,gbm,value_visual,0017,-0.04296308759837311
H_visual_plus_stakes,gbm,value_visual,0018,0.3055950761618984
H_visual_plus_stakes,gbm,value_visual,0019,0.4882907924255476
H_visual_plus_stakes,gbm,value_visual,0020,0.2355804861692591
