task,variant,signal,scene_normalised,n_frames,n_scenes,eta_10,reduction_frac_10,tie_frac_10,eta_10_lo,eta_10_hi,eta_10_boot_dropped,eta_20,reduction_frac_20,tie_frac_20,eta_20_lo,eta_20_hi,eta_20_boot_dropped,eta_30,reduction_frac_30,tie_frac_30,eta_30_lo,eta_30_hi,eta_30_boot_dropped,eta_50,reduction_frac_50,tie_frac_50,eta_50_lo,eta_50_hi,eta_50_boot_dropped,spearman_vs_dJ,kendall_vs_dJ,inversion_rate_vs_dJ,top10_overlap_vs_dJ,top20_overlap_vs_dJ
longitudinal,oracle,random,False,3376,85,0.03903415072764122,0.009770176244813533,,-0.08738223476843157,0.13773595701264876,0.0,0.07801386092022654,0.01952672612367717,,-0.09743563749606467,0.21770277975376587,0.0,0.1261713305733973,0.031580452341487715,,-0.09153830898734265,0.2918589753036691,0.0,0.23916244984292098,0.05986192199775612,,-0.08424486130258584,0.3966670560957597,0.0,,,,,
longitudinal,oracle,uncertainty,False,3376,85,-0.08281643005465159,-0.020728800358585715,0.0029585798816568047,-0.21542727838390932,0.06258559099196574,0.0,-0.06139402703520307,-0.015366812222919026,0.0014814814814814814,-0.3119310414188061,0.13309113589057292,0.0,-0.042321690641405306,-0.010593041447990328,0.0009871668311944718,-0.3422218558363866,0.1884750212811741,0.0,0.08753635421634852,0.02191018870858965,0.0005924170616113745,-0.27753426652589,0.3261470126510208,0.0,-0.0338218129606913,-0.0274180330970602,0.537739087022996,0.07988165680473373,0.13333333333333333
longitudinal,oracle,criticality,False,3376,85,0.07023153469200108,0.017578824160216357,0.0029585798816568047,-0.07769379820097945,0.28336102901877774,0.0,0.16347685963890135,0.04091795775870916,0.0014814814814814814,-0.10489910947475979,0.4160479488683021,0.0,0.11543259034251237,0.02889256538231996,0.0009871668311944718,-0.14144097220383403,0.39867208272838284,0.0,0.34584990779916996,0.08656559680335561,0.0005924170616113745,0.05013610809778295,0.6119943489740053,0.0,0.03331860531570408,0.026631222407113568,0.4667028592110025,0.10946745562130178,0.2074074074074074
longitudinal,oracle,perception_oracle_dE,False,3376,85,0.07135684988835099,0.017860488487333893,0.03550295857988166,-0.006257520116116878,0.1515677016521167,0.0,0.13423493919766857,0.033598758772131795,0.5170370370370371,0.016729429755445047,0.2413782323194119,0.0,0.2429811668921741,0.06081773986249212,0.3168805528134255,0.036170466038562346,0.4149219929027941,0.0,0.42541561464700006,0.10648074711290206,0.09774881516587677,0.04068131951800239,0.6768443130157006,0.0,0.04625267866603725,0.04184245012503832,0.4447513812154696,0.10946745562130178,0.16148148148148148
longitudinal,oracle,best_dE_metric (E6_risk_weighted),False,3376,85,0.3693321917369718,0.09244316935012079,0.0029585798816568047,0.1551537572329539,0.6201260192518178,0.0,0.5624858054996026,0.14078916416760764,0.0014814814814814814,0.27886617873180103,0.7541072675808023,0.0,0.5321819539890585,0.13320416578451189,0.0009871668311944718,0.24062171963286022,0.7183490311285338,0.0,0.42619484139473196,0.10667578613688736,0.1362559241706161,0.056833915294922856,0.672202045573504,0.0,0.06440217156815474,0.05597426335540874,0.43178164279450454,0.1893491124260355,0.2548148148148148
longitudinal,oracle,multimetric_dE_oracle,False,3376,85,0.373900787559602,0.09358668049475569,0.0029585798816568047,0.16672132181889082,0.5661067347032925,0.0,0.4338054675360617,0.1085807118839082,0.0014814814814814814,0.2169132000335728,0.6226322838593773,0.0,0.5347503647490066,0.13384703428109734,0.0009871668311944718,0.33090016516359644,0.7067147665400312,0.0,0.5797374943542838,0.14510723020693264,0.004146919431279621,0.3384299157485786,0.7467596462062746,0.0,0.07979177408095983,0.06388917726914932,0.4199099340908413,0.16272189349112426,0.2222222222222222
longitudinal,oracle,PKL_gain,False,3376,85,0.24455365043632893,0.06121132960588527,0.0029585798816568047,0.032915646942243575,0.44514242007724547,0.0,0.21952347413160364,0.05494632244222873,0.0014814814814814814,-0.040827127750378035,0.42294844295999867,0.0,0.24795686929027647,0.062063149035357174,0.0009871668311944718,-0.023766046382966536,0.4696391481289164,0.0,0.3097103490681895,0.07751993161967749,0.2683649289099526,0.014661214243341504,0.5401407217697912,0.0,0.023122267235926953,0.019548393809101384,0.4829115575267415,0.15680473372781065,0.2074074074074074
longitudinal,oracle,TIP_gain,False,3376,85,0.16025215708694193,0.040110820631797536,0.0029585798816568047,-0.0834477887876711,0.3867863625133378,0.0,0.20171811005495272,0.050489672511613896,0.0014814814814814814,-0.03873382279103435,0.4253047903111333,0.0,0.1807217605713471,0.045234324793563964,0.0009871668311944718,-0.11135207283432189,0.43434403105800484,0.0,0.23634559828374554,0.05915686922536076,0.2790284360189573,-0.05061595023288163,0.4914130996913602,0.0,-0.002993833959582679,-0.0025950206156460016,0.5036990965038628,0.1390532544378698,0.21037037037037037
longitudinal,oracle,decision_oracle_dJ,False,3376,85,1.0,0.2502981635999828,0.5502958579881657,1.0,1.0,0.0,1.0,0.2502981635999828,0.7748148148148148,1.0,1.0,0.0,1.0,0.2502981635999828,0.8499506416584403,1.0,1.0,0.0,1.0,0.2502981635999828,0.909952606635071,1.0,1.0,0.0,1.0,1.0,0.0,1.0,1.0
longitudinal,oracle,uncertainty [scene-z],True,3376,85,-0.016682669006624434,-0.004175641416304446,0.0029585798816568047,-0.09717851869516257,0.08154040343192473,0.0,-0.05763234085383834,-0.014425269079684002,0.0014814814814814814,-0.25246977429094664,0.08806811495550494,0.0,0.054371929668717046,0.0136091941474673,0.0009871668311944718,-0.1590680010864525,0.25546922625386703,0.0,0.18785595614284017,0.04702000084387181,0.0005924170616113745,-0.07943969316961698,0.38265408295766007,0.0,0.04087029915256251,0.03283393726957051,0.45914478619654914,0.08579881656804733,0.21333333333333335
longitudinal,oracle,criticality [scene-z],True,3376,85,0.044196484322939385,0.011062298863607158,0.0029585798816568047,-0.09894947449206583,0.20921257570617094,0.0,0.15603612501989964,0.03905555554773821,0.0014814814814814814,-0.04419340620293144,0.34892423074353374,0.0,0.2251007938688493,0.05634231533027125,0.0009871668311944718,-0.039669795653861376,0.4667206722364918,0.0,0.4270915582813889,0.10690023272688667,0.0005924170616113745,0.10453488604073442,0.6604482044611993,0.0,0.05527883217140096,0.044502505893711755,0.446694620394326,0.13609467455621302,0.23555555555555555
longitudinal,oracle,perception_oracle_dE [scene-z],True,3376,85,0.22544138838930491,0.05642756551327351,0.014792899408284023,0.09329132246390251,0.37390432822138026,0.0,0.3656611205947996,0.0915243069847902,0.008888888888888889,0.20738362966050372,0.5393469215282515,0.0,0.4288864617418185,0.10734949376687146,0.007897334649555774,0.24046702376676654,0.6242585338877953,0.0,0.42466261555935464,0.10629227282407196,0.01066350710900474,0.046826602406976246,0.6982524223549866,0.0,0.08397192580735172,0.06757470368626575,0.4183090588270479,0.12130177514792899,0.24296296296296296
longitudinal,oracle,best_dE_metric (E6_risk_weighted) [scene-z],True,3376,85,0.48209623266356844,0.12066780171416124,0.0029585798816568047,0.27693895627361037,0.6344275809579657,0.0,0.5389334739898293,0.1348940588422134,0.0044444444444444444,0.26939443085266235,0.7370877839161089,0.0,0.5469984116616117,0.13691269793100883,0.0009871668311944718,0.2706643118608192,0.7481778292478213,0.0,0.6138531865650514,0.15364632531723002,0.012440758293838863,0.35613449966467364,0.7895170274729716,0.0,0.098306114363424,0.07932323025135359,0.4011141231493342,0.1804733727810651,0.27111111111111114
longitudinal,oracle,multimetric_dE_oracle [scene-z],True,3376,85,0.37033357425484525,0.09269381355540565,0.0029585798816568047,0.1523931979426712,0.5622558609859323,0.0,0.4408608397368274,0.11034665858927423,0.0014814814814814814,0.2612008830151876,0.6149361452135672,0.0,0.49115411872930365,0.12293497396251264,0.0009871668311944718,0.2967122511251584,0.6367571603049019,0.0,0.48277756675091127,0.12083833838502121,0.0005924170616113745,0.28664751254787185,0.6387962298664284,0.0,0.05742180088463919,0.045833129254884274,0.44410885167464115,0.17455621301775148,0.2074074074074074
longitudinal,oracle,PKL_gain [scene-z],True,3376,85,0.15552694617009916,0.0389281090166892,0.0029585798816568047,-0.08269930001135324,0.3311395677706311,0.0,0.3000298338340928,0.07509691643388143,0.02074074074074074,0.013813800622066186,0.4799232440164016,0.0,0.3043441173083526,0.07617677366473839,0.003948667324777887,-0.0012914173677601236,0.529423399293833,0.0,0.344337982322228,0.08618716463297701,0.0005924170616113745,0.024636434229548622,0.6166914773545156,0.0,0.02456350387319642,0.019874258865217667,0.4721045408437258,0.14497041420118342,0.2088888888888889
longitudinal,oracle,TIP_gain [scene-z],True,3376,85,0.11713698396312094,0.02931917197560981,0.0029585798816568047,-0.08910398420491392,0.30706767964292864,0.0,0.2585651086975603,0.06471837187802928,0.0014814814814814814,-0.029834210113864754,0.44434990065230945,0.0,0.3194509131800585,0.07995797692930619,0.01678183613030602,0.0669010909088195,0.5140812486029832,0.0,0.36270130666320244,0.09078347099311379,0.0005924170616113745,0.0837478211796759,0.5590022993614915,0.0,0.013003220349731195,0.010492766879794337,0.488944002868583,0.11834319526627218,0.22074074074074074
lateral,oracle,random,False,3376,85,0.044192968082191676,0.0038841354313577524,,-0.24390041389687725,0.24351837350417257,0.0275,0.0842465443690191,0.007404458269120446,,-0.3807169534257214,0.3278168624151055,0.0275,0.09336676450846541,0.008206037609062555,,-0.46568186469955486,0.44063031277863335,0.0275,0.12108230871877736,0.010641966489567294,,-0.617129922360359,0.5286025190413238,0.0275,,,,,
lateral,oracle,uncertainty,False,3376,85,0.30113319975075503,0.02646670231641144,0.0029585798816568047,0.0066116355907847695,0.7167587356085446,0.0275,0.4450721481769879,0.03911754686921254,0.0014814814814814814,-0.31913701200877026,0.7929588561763772,0.0275,0.29913005497369055,0.026290645220896493,0.0009871668311944718,-0.4566668005692306,0.721098371117018,0.0275,0.2699185044737712,0.023723231824027264,0.0005924170616113745,-0.9219608752315174,0.722817748582347,0.0275,0.04185952247192031,0.03463391246136441,0.39469285415796074,0.04437869822485207,0.10962962962962963
lateral,oracle,criticality,False,3376,85,-0.15382712052936548,-0.013519919459598712,0.0029585798816568047,-1.352011577153171,0.3476382100778075,0.0275,-0.05392525542842579,-0.0047395095723151565,0.0014814814814814814,-1.2021683931385894,0.4449961983259934,0.0275,-0.06867878179559969,-0.006036202168151526,0.0009871668311944718,-1.2397458251790623,0.4662299242501673,0.0275,0.005088850040273962,0.00044726081103068944,0.0005924170616113745,-1.1677102277298865,0.5083013285635736,0.0275,-0.007248993431813367,-0.00595213950916438,0.5121549237742068,0.11834319526627218,0.19111111111111112
lateral,oracle,perception_oracle_dE,False,3376,85,0.0804438352863263,0.007070236836973982,0.03550295857988166,-0.0008141729677476478,0.2936747884645149,0.0275,0.10957039837469566,0.009630180660498264,0.5170370370370371,-0.010998917101122755,0.3857604884874434,0.0275,0.1747522701143365,0.015359038179986233,0.3168805528134255,-0.2563357936302907,0.3879862629598839,0.0275,0.17023200295069327,0.014961750316974725,0.09774881516587677,-0.9313301689356566,0.6433381576084178,0.0275,-0.005805267090804784,-0.005345012219740717,0.5116564417177915,0.10946745562130178,0.14222222222222222
lateral,oracle,best_dE_metric (E5_loc_heavy),False,3376,85,0.14638669215858177,0.012865977606096321,0.0029585798816568047,-0.20813073690010744,0.44338948262244676,0.0275,0.30867548219750507,0.027129596160297306,0.0014814814814814814,-0.15761990521654093,0.6034898296918925,0.0275,0.3811290232570501,0.03349756324124373,0.10463968410661402,-0.0010271383195077878,0.7213458298965769,0.0275,0.3233948076077844,0.02842328282206259,0.0005924170616113745,-0.2337696616058558,0.686524175169374,0.0275,0.024525814845503997,0.020107664532591586,0.4309581320450886,0.11538461538461539,0.26666666666666666
lateral,oracle,multimetric_dE_oracle,False,3376,85,0.07117878033082031,0.006255927914359232,0.0029585798816568047,-0.7578477290525725,0.567193957053741,0.0275,-0.054226193790164044,-0.004765959150250459,0.002962962962962963,-0.9361896156109603,0.4481291223977731,0.0275,-0.1279938256260377,-0.011249422129432675,0.0009871668311944718,-1.0949836773510544,0.3602253668350297,0.0275,-0.12061706244245074,-0.010601075831514489,0.0005924170616113745,-1.1127425961386945,0.37239126584048565,0.0275,-0.01430682220427609,-0.01166034533560744,0.5192384769539078,0.13313609467455623,0.19407407407407407
lateral,oracle,PKL_gain,False,3376,85,0.017075080883963548,0.001500734834812506,0.0029585798816568047,-0.90398823669731,0.5064945711582812,0.0275,0.04780814771699083,0.004201874834697462,0.0014814814814814814,-0.831365439765742,0.5156889543641127,0.0275,-0.016989550466845953,-0.0014932175365181847,0.0009871668311944718,-0.9321965932812962,0.49020095908791733,0.0275,-0.01330116887505353,-0.0011690443875591846,0.2683649289099526,-0.9295978869881254,0.4958339159236795,0.0275,-0.008701250026671438,-0.007431345704249567,0.5150400346245402,0.13313609467455623,0.1837037037037037
lateral,oracle,TIP_gain,False,3376,85,-0.04193902458473621,-0.0036860355485333397,0.0029585798816568047,-0.8941233428177111,0.4632601908728704,0.0275,0.017075080883963548,0.001500734834812506,0.0014814814814814814,-0.9260433913245151,0.49592742127089356,0.0275,-0.07759682640399562,-0.006820012229912414,0.0009871668311944718,-1.0365254304838736,0.43248339098594585,0.0275,-0.014223264273003208,-0.0012500876747990727,0.2790284360189573,-0.9564927181887917,0.4958339159236795,0.0275,-0.014169984625719301,-0.012145562216505637,0.5463498180261186,0.1242603550295858,0.1837037037037037
lateral,oracle,decision_oracle_dJ,False,3376,85,1.0,0.08789034997907127,0.9260355029585798,1.0,1.0,0.0275,1.0,0.08789034997907127,0.9629629629629629,1.0,1.0,0.0275,1.0,0.08789034997907127,0.9753208292201382,1.0,1.0,0.0275,1.0,0.08789034997907127,0.9851895734597157,1.0,1.0,0.0275,1.0,1.0,0.0,1.0,1.0
lateral,oracle,uncertainty [scene-z],True,3376,85,0.11311780491555652,0.009941963462892571,0.0029585798816568047,-0.2930550444057112,0.32928676819668895,0.0275,0.03267575140045677,0.0028718832264152737,0.0014814814814814814,-1.095051634857692,0.511797523215316,0.0275,0.37823504951589865,0.033243210876303685,0.0009871668311944718,-0.7468771841342611,0.7741878528178012,0.0275,0.35069574312345925,0.030822771599291313,0.0005924170616113745,-0.7323359617282298,0.7626266133849815,0.0275,0.02263588606795129,0.01849349378470471,0.43884892086330934,0.09171597633136094,0.20148148148148148
lateral,oracle,criticality [scene-z],True,3376,85,-0.24350797423240803,-0.02140200107798101,0.0029585798816568047,-1.2300098865351634,0.1464496062789731,0.0275,-0.059359985386695784,-0.005217169890389249,0.0014814814814814814,-1.176596627124145,0.4234154756832655,0.0275,0.07073798644932548,0.006217186385846018,0.0009871668311944718,-1.0932331669569202,0.5643783770282675,0.0275,0.005088850040273962,0.00044726081103068944,0.0005924170616113745,-1.2397458251790623,0.4865070665774492,0.0275,-0.020633891495061077,-0.016837678030562908,0.5541708542713568,0.1301775147928994,0.21037037037037037
lateral,oracle,perception_oracle_dE [scene-z],True,3376,85,0.1269981445894343,0.011161911374658075,0.014792899408284023,-0.011641501141360231,0.4364993135733623,0.0275,-0.03730713842144683,-0.003278937452578619,0.008888888888888889,-0.7111559993564139,0.4037937549309451,0.0275,0.05195575202483798,0.004566409228888851,0.007897334649555774,-0.9545934795791429,0.5040887647321495,0.0275,0.17484247994043536,0.015366966753173613,0.01066350710900474,-0.9600283703199701,0.6206852408355238,0.0275,-0.02517008827043525,-0.02057041537279296,0.567274914778424,0.10355029585798817,0.1985185185185185
lateral,oracle,best_dE_metric (E5_loc_heavy) [scene-z],True,3376,85,0.22753108717804238,0.01999778688319672,0.0029585798816568047,0.0,0.4215519392962898,0.0275,0.29207776503443184,0.02567081698998116,0.002962962962962963,-0.14696906142475083,0.5165111133514024,0.0275,0.36637549688987203,0.03220087064540699,0.0009871668311944718,-0.015303182620466035,0.7067462966117761,0.0275,0.4881841557653462,0.042906676304453724,0.0005924170616113745,0.06469905261925628,0.8218596728979428,0.0275,0.028456667112963845,0.023203450254292757,0.4210199004975124,0.10059171597633136,0.19555555555555557
lateral,oracle,multimetric_dE_oracle [scene-z],True,3376,85,0.20189893518653626,0.0177449680739465,0.0029585798816568047,-0.3504728292918604,0.6177300995479743,0.0275,0.02691820122929655,0.0023658501268499403,0.0014814814814814814,-0.9281949558269753,0.5178398646384746,0.0275,-0.1132402992588617,-0.00995272953359612,0.0009871668311944718,-1.0942985045547438,0.4230216459262974,0.0275,-0.1132402992588617,-0.00995272953359612,0.0005924170616113745,-1.1295743918470738,0.4185159424384813,0.0275,-0.004253315826882903,-0.0034691844257140974,0.5054722334819619,0.12130177514792899,0.1925925925925926
lateral,oracle,PKL_gain [scene-z],True,3376,85,0.19675370393465771,0.01729275189849564,0.0029585798816568047,-0.42645838069313813,0.6574406904455093,0.0275,0.0760891863526633,0.0066875052181583515,0.02074074074074074,-0.878608420516017,0.589310019571724,0.0275,0.02445184406755259,0.0021490811327308746,0.003948667324777887,-0.8733585852677467,0.5265899874347802,0.0275,-0.041939024584734114,-0.0036860355485331554,0.0005924170616113745,-1.0526728990762317,0.47064044220581447,0.0275,-0.016086149867303275,-0.013155179894992843,0.5384930384930385,0.13313609467455623,0.1748148148148148
lateral,oracle,TIP_gain [scene-z],True,3376,85,0.02445184406755259,0.0021490811327308746,0.0029585798816568047,-0.8941233428177111,0.5064945711582812,0.0275,0.017075080883963548,0.001500734834812506,0.0014814814814814814,-0.9763987523610497,0.5064945711582812,0.0275,-0.04931578776832106,-0.0043343818464513404,0.01678183613030602,-1.0943495482928318,0.4629511237355925,0.0275,-0.06406931413549495,-0.00563107444228771,0.0005924170616113745,-1.1220594059134852,0.4636091922058146,0.0275,-0.02306861114503472,-0.01886073236220034,0.5568251377269945,0.1242603550295858,0.17925925925925926
plannerC_path_dev,oracle,random,False,3376,85,0.05476593754341753,0.006816420441480038,,-0.01240999320659737,0.11540781700020965,0.0,0.09906389433676457,0.014296144740073574,,-0.00178773461101728,0.17494262022534932,0.0,0.13383582240817232,0.019722581745574556,,0.02460036928874629,0.2237745353225242,0.0,0.2119002569473173,0.031226468850812882,,0.06166239602804653,0.3319937699814851,0.0,,,,,
plannerC_path_dev,oracle,uncertainty,False,3376,85,0.006078046109780875,0.0007565015702346582,0.0029585798816568047,-0.09481480365089298,0.0745878254167769,0.0,-0.023739285515707764,-0.003425872403166161,0.0014814814814814814,-0.14183306972389725,0.12736234606618652,0.0,0.045972394350266156,0.006774675787829651,0.0009871668311944718,-0.1118082872246136,0.19431520633677624,0.0,0.1382150361612629,0.020367920188396418,0.0005924170616113745,-0.04775291899454713,0.3016878037640125,0.0,-0.023426733074596078,-0.01788222013841309,0.5099111821323721,0.16272189349112426,0.29333333333333333
plannerC_path_dev,oracle,criticality,False,3376,85,0.14805325402123448,0.01842738885530642,0.0029585798816568047,0.04883873358675096,0.24629415992175194,0.0,0.2095515080883262,0.03024087343010517,0.0014814814814814814,0.07055816992491935,0.3438672035030474,0.0,0.24437858454924308,0.036012605025438564,0.0009871668311944718,0.0698780622155471,0.4025610972323138,0.0,0.2718407071385648,0.040059533179121094,0.0005924170616113745,0.06304085520441972,0.4468269380658915,0.0,0.05480520945956749,0.040266410827487324,0.47662578106919695,0.20118343195266272,0.3022222222222222
plannerC_path_dev,oracle,perception_oracle_dE,False,3376,85,0.20936204385429324,0.026058162781693706,0.03550295857988166,0.11661186936500283,0.2999372399312672,0.0,0.28453943574724855,0.04106255851272225,0.5170370370370371,0.170907734100116,0.40510107133705914,0.0,0.32262348547992264,0.04754308637947611,0.3168805528134255,0.1941899934188344,0.4600750194404315,0.0,0.40292683392136047,0.05937690878652476,0.09774881516587677,0.23423381738717114,0.5630847617880582,0.0,0.12996827347351358,0.10821800196497068,0.4292586332769949,0.17751479289940827,0.3377777777777778
plannerC_path_dev,oracle,best_dE_metric (E6_risk_weighted),False,3376,85,0.4073301221308475,0.05069818020958885,0.0029585798816568047,0.2868291634839018,0.5659215373959565,0.0,0.40457809331736766,0.058385620911145214,0.0014814814814814814,0.25154154675311996,0.548079913819238,0.0,0.3844652813156055,0.056656340601821814,0.0009871668311944718,0.20991905739083086,0.5394107031020532,0.0,0.41287982407059215,0.060843621198037795,0.1362559241706161,0.23713565169035195,0.5765197720371059,0.0,0.16770510326275861,0.13627036825774275,0.41461357482132555,0.30177514792899407,0.3985185185185185
plannerC_path_dev,oracle,multimetric_dE_oracle,False,3376,85,0.39798331240755486,0.04953483328779158,0.0029585798816568047,0.2575681468328645,0.5263832057342376,0.0,0.3916895230071676,0.05652564086613648,0.0014814814814814814,0.2686529090623332,0.5171046776450493,0.0,0.40498938082163843,0.05968085394196119,0.0009871668311944718,0.2687663116049584,0.5350616967596332,0.0,0.45858361977038364,0.06757871521511714,0.0005924170616113745,0.29596174356655985,0.5962775435539028,0.0,0.13219991345149287,0.09875607702920408,0.4400172860847018,0.2781065088757396,0.3748148148148148
plannerC_path_dev,oracle,PKL_gain,False,3376,85,0.8242488736549142,0.1025898053291621,0.0029585798816568047,0.7670657555270459,0.8704690294592884,0.0,0.8804703733337956,0.12706276066370176,0.0014814814814814814,0.8383227725288942,0.9212499340083666,0.0,0.89932034691144,0.1325274409965167,0.0009871668311944718,0.8587820984524192,0.9348948471495325,0.0,0.902036428002276,0.13292769356251694,0.2683649289099526,0.8597684967060527,0.9391622801164904,0.0,0.7073051943864803,0.6094178333818632,0.1618793495114124,0.6597633136094675,0.7392592592592593
plannerC_path_dev,oracle,TIP_gain,False,3376,85,0.8223508023500329,0.10235356264580217,0.0029585798816568047,0.7551952861422667,0.8753836672746361,0.0,0.8462278269688548,0.1221211378617785,0.0014814814814814814,0.7895381670265806,0.8851544205768903,0.0,0.8594914155095592,0.12665809046481247,0.0009871668311944718,0.8053282304172804,0.8991275903919305,0.0,0.8526568055655678,0.1256509150248291,0.2790284360189573,0.7968170823324541,0.8996279111750515,0.0,0.6431983816985456,0.551303043544963,0.19515115666770058,0.6390532544378699,0.7125925925925926
plannerC_path_dev,oracle,decision_oracle_dJ,False,3376,85,1.0,0.12446459874947075,0.0029585798816568047,1.0,1.0,0.0,1.0,0.14431236360923064,0.0044444444444444444,1.0,1.0,0.0,1.0,0.14736399710254441,0.14116485686080948,1.0,1.0,0.0,1.0,0.14736399710254441,0.48459715639810425,1.0,1.0,0.0,0.9999999999999999,1.0,0.0,1.0,1.0
plannerC_path_dev,oracle,uncertainty [scene-z],True,3376,85,0.07556311287491928,0.009404932524237795,0.0029585798816568047,0.011033045304829356,0.13243342267514924,0.0,0.09482445873897673,0.013684341768587698,0.0014814814814814814,0.009762766062278199,0.16352464364686284,0.0,0.10310631630970327,0.015194158897917141,0.0009871668311944718,-0.006146869601411713,0.19424332829563215,0.0,0.1883791153953135,0.02776029941529486,0.0005924170616113745,0.018418504278941532,0.34316684324510305,0.0,-0.0185511110087861,-0.014049046305111806,0.5067482181671131,0.1242603550295858,0.2637037037037037
plannerC_path_dev,oracle,criticality [scene-z],True,3376,85,0.09603404930218705,0.011952839412683602,0.0029585798816568047,0.02433529740642565,0.16977555509897607,0.0,0.17506924276055894,0.025264656218054453,0.0014814814814814814,0.04096789960653101,0.2781791883217408,0.0,0.21736847687574506,0.03203228759650179,0.0009871668311944718,0.07619233011875057,0.3474454858235058,0.0,0.3071847561384813,0.045267973513536966,0.0005924170616113745,0.1396865587749336,0.45046878082178066,0.0,0.034197527350701605,0.024682081284538433,0.4885382275342051,0.16863905325443787,0.27555555555555555
plannerC_path_dev,oracle,perception_oracle_dE [scene-z],True,3376,85,0.2139998850192025,0.02663540982134792,0.014792899408284023,0.10229140655354414,0.3422523004376474,0.0,0.33878075861097917,0.04889025202047862,0.008888888888888889,0.21055817463658574,0.453628945802126,0.0,0.3848803703415683,0.056717509779841094,0.007897334649555774,0.2563420867889855,0.5141933766245591,0.0,0.40570214527450305,0.05978588976072792,0.01066350710900474,0.2367730745649412,0.5601367979369333,0.0,0.11888795829021558,0.0870256865422178,0.4484974512267325,0.19230769230769232,0.3511111111111111
plannerC_path_dev,oracle,best_dE_metric (E6_risk_weighted) [scene-z],True,3376,85,0.35182276571587284,0.04378947936575517,0.0029585798816568047,0.21231947805698656,0.49618612101468434,0.0,0.36087879777206455,0.0520792722829442,0.0044444444444444444,0.19989904557154403,0.5033840925250288,0.0,0.3595960625428988,0.052991513118658115,0.0009871668311944718,0.18505969529194446,0.5094291294648919,0.0,0.34694462591677144,0.05112714684834247,0.012440758293838863,0.14704836312613456,0.5040270049384196,0.0,0.06478222732952402,0.04701929814549237,0.47152079462730156,0.2485207100591716,0.36
plannerC_path_dev,oracle,multimetric_dE_oracle [scene-z],True,3376,85,0.36608681461592063,0.045564848488642444,0.0029585798816568047,0.23154790570041706,0.5055907546982915,0.0,0.368952531940531,0.053244411943948196,0.0014814814814814814,0.25910945093885884,0.4962341500886928,0.0,0.3839437427736909,0.05657948459764225,0.0009871668311944718,0.25464254316912405,0.5024182779122004,0.0,0.36552229901792377,0.0538648270133927,0.0005924170616113745,0.2160510277762702,0.5112305803867805,0.0,0.10619542493840167,0.07825678105215662,0.45223714936431514,0.2485207100591716,0.3422222222222222
plannerC_path_dev,oracle,PKL_gain [scene-z],True,3376,85,0.7851772583476251,0.09772677240744669,0.0029585798816568047,0.7289622616084586,0.8379777127101464,0.0,0.7818403287682044,0.11282922580955755,0.02074074074074074,0.7200137112412157,0.8394283416899085,0.0,0.7827287897010001,0.11534604309757629,0.003948667324777887,0.7263247133126739,0.8388364767470411,0.0,0.8562457480974673,0.12617979594170117,0.0005924170616113745,0.8064445420576086,0.8970348786367488,0.0,0.5589434528173018,0.43941760823415876,0.23690303594226733,0.6153846153846154,0.6562962962962963
plannerC_path_dev,oracle,TIP_gain [scene-z],True,3376,85,0.7514946566703461,0.09353448090484591,0.0029585798816568047,0.7022363849188319,0.8044023847620422,0.0,0.7793812395020646,0.11247434882523483,0.0014814814814814814,0.7219214823356171,0.8331099611060786,0.0,0.8017704625879948,0.11815210012572296,0.01678183613030602,0.7467012202798292,0.8510474751990411,0.0,0.8432695006714827,0.12426756425361644,0.0005924170616113745,0.7883475501660836,0.8901930064746122,0.0,0.5420549760146636,0.42603116555548404,0.2451717125095556,0.5946745562130178,0.6577777777777778
plannerC_ade_truth,oracle,random,False,2655,85,0.017813876680569992,0.0007323729766526571,,-0.056114365893656454,0.09810700641844809,0.0,0.03624088159300535,0.0016687972282285713,,-0.07055631655295669,0.13049257311169984,0.0,0.06812066874116941,0.0031547446120040934,,-0.079854185634448,0.17393702538554706,0.0,0.10056267832117624,0.004657170480927746,,-0.0989263842627534,0.24164798880591853,0.0,,,,,
plannerC_ade_truth,oracle,uncertainty,False,2655,85,0.04510625620660266,0.0018544308864402654,0.0037593984962406013,-0.05886688322674501,0.16947442392329676,0.0,0.053410790341739324,0.002459426342900962,0.0018832391713747645,-0.08561319395034712,0.17990852222518602,0.0,0.02100923697867639,0.000972961340303758,0.001256281407035176,-0.1481226370748093,0.15800358583161467,0.0,0.003787921703408612,0.00017542290475635962,0.0007530120481927711,-0.20688542889437647,0.16950648411825384,0.0,0.002589364096695604,0.0007390455770815659,0.49990251511015793,0.22932330827067668,0.3615819209039548
plannerC_ade_truth,oracle,criticality,False,2655,85,0.010394456772053758,0.00042734208748282403,0.0037593984962406013,-0.13987795621552687,0.16168591656282916,0.0,0.05594064815072403,0.0025759196375966663,0.0018832391713747645,-0.12137266598271235,0.19728836588287418,0.0,0.10733218660101654,0.004970674005869458,0.001256281407035176,-0.1276570042986117,0.2597694552132167,0.0,0.09822397548958559,0.00454886252838734,0.0007530120481927711,-0.15575836614408267,0.3163279043184738,0.0,0.01666186206823298,0.012531134447608328,0.4915976464944337,0.18045112781954886,0.3069679849340866
plannerC_ade_truth,oracle,perception_oracle_dE,False,2655,85,0.1671395980164145,0.00687152645719861,0.518796992481203,0.021166981180520364,0.2965799583468202,0.0,0.22157029839632236,0.010202729171271727,0.4952919020715631,0.04597692999456117,0.3534043231645426,0.0,0.18084164286402235,0.008374979415116194,0.2876884422110553,-0.00867309378227097,0.34240143427087305,0.0,0.11221333454844747,0.005196725444766242,0.0783132530120482,-0.14610730408069084,0.30369209391089597,0.0,-0.004120120609838318,-0.0033478414786735186,0.5028074306900343,0.17293233082706766,0.3220338983050847
plannerC_ade_truth,oracle,best_dE_metric (E1_fn_only),False,2655,85,0.1671395980164145,0.00687152645719861,0.518796992481203,0.021166981180520364,0.2965799583468202,0.0,0.22157029839632236,0.010202729171271727,0.4952919020715631,0.04597692999456117,0.3534043231645426,0.0,0.18084164286402235,0.008374979415116194,0.2876884422110553,-0.00867309378227097,0.34240143427087305,0.0,0.11221333454844747,0.005196725444766242,0.0783132530120482,-0.14610730408069084,0.30369209391089597,0.0,-0.004120120609838318,-0.0033478414786735186,0.5026113075916865,0.17293233082706766,0.3220338983050847
plannerC_ade_truth,oracle,multimetric_dE_oracle,False,2655,85,0.03176926612457204,0.0013061139029384352,0.0037593984962406013,-0.09337402735618414,0.1183655614862623,0.0,-0.030553085709186155,-0.0014068891954096539,0.0018832391713747645,-0.18169983802064454,0.08824573637519585,0.0,-0.008062921266917798,-0.00037340293179549135,0.007537688442211055,-0.18876076364285035,0.11528599677470058,0.0,0.0037048902274045563,0.00017157762392763174,0.0015060240963855422,-0.16308304480056754,0.12054981506411463,0.0,-0.04922269557939828,-0.03727897011735187,0.5226664224113635,0.19172932330827067,0.2617702448210923
plannerC_ade_truth,oracle,PKL_gain,False,2655,85,0.3670780849108992,0.015091497181148671,0.0037593984962406013,0.10959715242039748,0.5355248608508255,0.0,0.39516230071679864,0.018196184064790927,0.0018832391713747645,0.14011423642928708,0.5671562269951149,0.0,0.42973930104121927,0.019901709269434256,0.001256281407035176,0.16490284401264863,0.603690308286009,0.0,0.4498654922307926,0.020833775768321957,0.24924698795180722,0.1879006416820618,0.6199210107125392,0.0,0.22351698010233131,0.185994260141174,0.39649677037204184,0.44360902255639095,0.5084745762711864
plannerC_ade_truth,oracle,TIP_gain,False,2655,85,0.3830866257481622,0.015749648290819245,0.0037593984962406013,0.12158283468110645,0.5739231713182782,0.0,0.39002136563707945,0.017959457532917757,0.0018832391713747645,0.15120733542868123,0.5716374274976482,0.0,0.4180381250058927,0.01935981467659318,0.001256281407035176,0.17262561941471283,0.5937612930700452,0.0,0.4382067423792812,0.020293845979662523,0.2605421686746988,0.1700980768423642,0.6162374028622564,0.0,0.19485011808203848,0.1628636135205666,0.4091648074771091,0.39849624060150374,0.4745762711864407
plannerC_ade_truth,oracle,decision_oracle_dJ,False,2655,85,1.0,0.04111249840701285,0.0037593984962406013,1.0,1.0,0.0,1.0,0.04604736846552476,0.0018832391713747645,1.0,1.0,0.0,1.0,0.04631112216456401,0.25125628140703515,1.0,1.0,0.0,1.0,0.04631112216456401,0.5512048192771084,1.0,1.0,0.0,1.0,1.0,0.0,1.0,1.0
plannerC_ade_truth,oracle,uncertainty [scene-z],True,2655,85,0.07585346437991695,0.0031185254334857417,0.0037593984962406013,-0.029730344857956875,0.19525959596094636,0.0,0.08837342651300394,0.004069363733205268,0.0018832391713747645,-0.05692074639910158,0.20330086873343098,0.0,0.07953900261493692,0.00368354046694792,0.001256281407035176,-0.05328408866609523,0.19171341129454766,0.0,0.038667960081385455,0.0017907566231835264,0.0007530120481927711,-0.13393273165277805,0.22460436351939855,0.0,-0.024631766686631102,-0.018362045408923746,0.5112682902773571,0.14285714285714285,0.2806026365348399
plannerC_ade_truth,oracle,criticality [scene-z],True,2655,85,0.0004490653688925258,1.8462199263238604e-05,0.0037593984962406013,-0.12034131535246034,0.08316071676897843,0.0,0.01517781329351943,0.0006988983612276292,0.0018832391713747645,-0.12424519895253802,0.11287345077245758,0.0,0.0382006912718425,0.0017691168802610924,0.001256281407035176,-0.1363933127499043,0.1585856496308738,0.0,0.09054308988434354,0.004193152096790933,0.0007530120481927711,-0.15794599696970535,0.2626331784861452,0.0,0.0074006770421069954,0.006013297158357446,0.49582792116112273,0.13533834586466165,0.2542372881355932
plannerC_ade_truth,oracle,perception_oracle_dE [scene-z],True,2655,85,0.1732675555509279,0.007123462101574534,0.015037593984962405,0.010156474586404358,0.324783000394176,0.0,0.12957716578948691,0.005966687497826894,0.011299435028248588,-0.060633996154797386,0.3004095657529592,0.0,0.12034294900307148,0.00557321701292514,0.002512562814070352,-0.13886636829664256,0.3197386659158701,0.0,0.0995757976727038,0.004611466930654494,0.012048192771084338,-0.1562364573162039,0.2992114420505126,0.0,-0.016864521733571097,-0.01212834303184548,0.5088898479563608,0.15789473684210525,0.3050847457627119
plannerC_ade_truth,oracle,best_dE_metric (E1_fn_only) [scene-z],True,2655,85,0.1732675555509279,0.007123462101574534,0.015037593984962405,0.010156474586404358,0.324783000394176,0.0,0.12957716578948691,0.005966687497826894,0.011299435028248588,-0.060633996154797386,0.3004095657529592,0.0,0.12034294900307148,0.00557321701292514,0.002512562814070352,-0.13886636829664256,0.3197386659158701,0.0,0.0995757976727038,0.004611466930654494,0.012048192771084338,-0.1562364573162039,0.2992114420505126,0.0,-0.016864521733571097,-0.01212834303184548,0.5079701243875923,0.15789473684210525,0.3050847457627119
plannerC_ade_truth,oracle,multimetric_dE_oracle [scene-z],True,2655,85,-0.0034975287136343753,-0.00014379214366777495,0.0037593984962406013,-0.10730034206584269,0.09337823772560691,0.0,0.012958777616492076,0.0005967176077694054,0.0018832391713747645,-0.10672901808731018,0.09794433036360502,0.0,-0.025706752735690643,-0.0011905085663968095,0.001256281407035176,-0.14736218440081666,0.07093741772869781,0.0,-0.008169717278210928,-0.0003783487749211757,0.0007530120481927711,-0.20356730063848508,0.13292099944970667,0.0,-0.04126488484361732,-0.030512855059328048,0.5175622533341806,0.14661654135338345,0.24105461393596986
plannerC_ade_truth,oracle,PKL_gain [scene-z],True,2655,85,0.32150696758187197,0.013217954692553243,0.0037593984962406013,0.11819656862692499,0.46018555200318,0.0,0.3104490162251608,0.014295360239879654,0.0018832391713747645,0.0868324839763405,0.4629363747680394,0.0,0.31099931162450356,0.014402727113737699,0.02512562814070352,0.09078633233074158,0.46986778256916734,0.0,0.3941561747880038,0.018253814762524488,0.0007530120481927711,0.14698515357602765,0.5530229152608972,0.0,0.1816724543608533,0.1450707900870767,0.41532884881716176,0.39097744360902253,0.4689265536723164
plannerC_ade_truth,oracle,TIP_gain [scene-z],True,2655,85,0.2884217015241194,0.011857736744458294,0.0037593984962406013,0.07497845999361794,0.4434175464578607,0.0,0.3226925745463698,0.01485914388122551,0.0018832391713747645,0.11565651132189668,0.4891556209640329,0.0,0.3550693505767256,0.01644366007145115,0.001256281407035176,0.1410457191946703,0.5199727772505692,0.0,0.4045820319153048,0.018736647905617215,0.007530120481927711,0.1682863390874303,0.5771569422899778,0.0,0.16521900555958252,0.13120553429113355,0.4208416692496266,0.35714285714285715,0.4689265536723164
plannerC_fde_truth,oracle,random,False,2655,85,-0.0026985437533525143,-0.00015114097323722607,,-0.07747373652879361,0.09189759640170952,0.0,0.0054245390047181425,0.0003038194594835954,,-0.10236134770928017,0.1288962295525948,0.0,0.033412040167675516,0.00187135311869968,,-0.11033271223407942,0.16042366349309947,0.0,0.06404338379104416,0.0035869640221909515,,-0.14429336131846957,0.22103505675889737,0.0,,,,,
plannerC_fde_truth,oracle,uncertainty,False,2655,85,0.04832071766510628,0.0027063634919212492,0.0037593984962406013,-0.056355811867866444,0.1714836013438859,0.0,0.08476565832285336,0.004747584351780061,0.0018832391713747645,-0.08112663616947012,0.22946402562843168,0.0,0.052087716616676,0.0029173468739829753,0.001256281407035176,-0.12755063665338237,0.22806367304875777,0.0,-0.008750836514788135,-0.000490119882563253,0.0007530120481927711,-0.2529568276387901,0.22142887432691477,0.0,0.010841181238953087,0.008114738106088346,0.4930261390639529,0.21804511278195488,0.24293785310734464
plannerC_fde_truth,oracle,criticality,False,2655,85,-0.10056284269797286,-0.005632358525960947,0.0037593984962406013,-0.23580528501118533,0.04459698334700929,0.0,-0.053905589795220664,-0.0030191629446269107,0.0018832391713747645,-0.2485276291177306,0.11035670164817957,0.0,0.039326261917865604,0.0022025988990039625,0.001256281407035176,-0.23169260594817498,0.2487979669885336,0.0,0.060462569366470556,0.003386408527606294,0.0007530120481927711,-0.21650866805688512,0.30556685501123465,0.0,0.007547978301594797,0.006402601953706557,0.49337057138332635,0.15037593984962405,0.2768361581920904
plannerC_fde_truth,oracle,perception_oracle_dE,False,2655,85,0.1171278818371237,0.0065601389757289396,0.518796992481203,-0.021554772583203256,0.22854208233220757,0.0,0.1408099510796473,0.007886532512665164,0.4952919020715631,-0.04331458257432586,0.28136701704856765,0.0,0.09414282074106384,0.005272783712483823,0.2876884422110553,-0.13568296915904832,0.2762199714543518,0.0,0.031393112845795254,0.0017582763379563186,0.0783132530120482,-0.2510509520180308,0.25416740063382737,0.0,0.00450493246579699,0.0036096471334670674,0.497702760580929,0.16541353383458646,0.23163841807909605
plannerC_fde_truth,oracle,best_dE_metric (E1_fn_only),False,2655,85,0.1171278818371237,0.0065601389757289396,0.518796992481203,-0.021554772583203256,0.22854208233220757,0.0,0.1408099510796473,0.007886532512665164,0.4952919020715631,-0.04331458257432586,0.28136701704856765,0.0,0.09414282074106384,0.005272783712483823,0.2876884422110553,-0.13568296915904832,0.2762199714543518,0.0,0.031393112845795254,0.0017582763379563186,0.0783132530120482,-0.2510509520180308,0.25416740063382737,0.0,0.00450493246579699,0.0036096471334670674,0.4962121212121212,0.16541353383458646,0.23163841807909605
plannerC_fde_truth,oracle,multimetric_dE_oracle,False,2655,85,-0.021043794691064578,-0.0011786281420342005,0.0037593984962406013,-0.17205115867068124,0.09147293764807078,0.0,-0.05175680878989552,-0.0028988132738035142,0.0018832391713747645,-0.2566026186102051,0.07862757095089797,0.0,-0.04838099804851687,-0.002709739696514735,0.001256281407035176,-0.26527435665037197,0.11223607920058798,0.0,0.0029164820286075683,0.00016334733564538393,0.0007530120481927711,-0.20734419935534273,0.16085965814773026,0.0,-0.03600346790665008,-0.028360599630179617,0.5258539103501678,0.12030075187969924,0.21468926553672316
plannerC_fde_truth,oracle,PKL_gain,False,2655,85,0.20545890995072782,0.011507413793692923,0.0037593984962406013,-0.03420093924706029,0.3947501452886796,0.0,0.29437711216167467,0.016487575261881427,0.0018832391713747645,0.02840396590047879,0.4968959268372931,0.0,0.3585260733122333,0.020080452497393087,0.001256281407035176,0.10293088174585088,0.5816993910186273,0.0,0.3866474546563079,0.0216554845641655,0.24924698795180722,0.11123266050330671,0.5859840679884116,0.0,0.17618782796905505,0.15066691532216733,0.3837409823815135,0.34962406015037595,0.352165725047081
plannerC_fde_truth,oracle,TIP_gain,False,2655,85,0.20994301462485082,0.011758561081448614,0.0037593984962406013,-0.05993169788855424,0.4064070594965089,0.0,0.22755277661878903,0.01274485473073007,0.0018832391713747645,-0.024572907829611423,0.45412464557700993,0.0,0.30741247911887476,0.017217664609503813,0.001256281407035176,0.060546990715603335,0.5219147978252465,0.0,0.3527527056400489,0.019757095721077627,0.2605421686746988,0.09703627463226495,0.5551347441587904,0.0,0.13421986403637223,0.11467416135728149,0.4092641958322584,0.3308270676691729,0.3389830508474576
plannerC_fde_truth,oracle,decision_oracle_dJ,False,2655,85,1.0,0.05600834637180045,0.045112781954887216,1.0,1.0,0.0,1.0,0.05600834637180045,0.5216572504708098,1.0,1.0,0.0,1.0,0.05600834637180045,0.6809045226130653,1.0,1.0,0.0,1.0,0.05600834637180045,0.8087349397590361,1.0,1.0,0.0,1.0,1.0,0.0,1.0,1.0
plannerC_fde_truth,oracle,uncertainty [scene-z],True,2655,85,0.07426965770327172,0.0041597207135599,0.0037593984962406013,-0.010558588719847778,0.18465835892625088,0.0,0.07483844315751687,0.004191577446292504,0.0018832391713747645,-0.07073383560858815,0.2046844291406774,0.0,0.09188977334888977,0.005146594253750856,0.001256281407035176,-0.09389631075120922,0.22183857047119954,0.0,0.03290753494568298,0.0018430966154799396,0.0007530120481927711,-0.1620293918432173,0.24191942322446242,0.0,-0.01699333978822987,-0.013321787696118643,0.5103754226756452,0.13909774436090225,0.23728813559322035
plannerC_fde_truth,oracle,criticality [scene-z],True,2655,85,-0.039137620477668736,-0.0021920334038813406,0.0037593984962406013,-0.14862549165132383,0.03141037930376151,0.0,-0.06036602726658294,-0.0033810013642363275,0.0018832391713747645,-0.19179246537617814,0.055666817933541814,0.0,-0.030409447560889757,-0.001703182871965416,0.001256281407035176,-0.21776080730468383,0.10054687317780966,0.0,0.0049683149913565,0.00027826710692010364,0.0007530120481927711,-0.24628130337195533,0.20404961928172116,0.0,-0.0038600987411336984,-0.002771541940784067,0.49956692458713475,0.11654135338345864,0.2335216572504708
plannerC_fde_truth,oracle,perception_oracle_dE [scene-z],True,2655,85,0.14253216556128634,0.007982990897879332,0.015037593984962405,0.005973747703441132,0.28210882531299586,0.0,0.08499030970864041,0.004760166704408126,0.011299435028248588,-0.09798413133975512,0.256029064080922,0.0,0.029632235680924143,0.0016596525197880238,0.002512562814070352,-0.23193149993500262,0.234946805598721,0.0,0.004248545353561326,0.00023795399973856616,0.012048192771084338,-0.30570895766172596,0.228004406918343,0.0,-0.01113688579793212,-0.008412083808088375,0.5052587416634116,0.13909774436090225,0.224105461393597
plannerC_fde_truth,oracle,best_dE_metric (E1_fn_only) [scene-z],True,2655,85,0.14253216556128634,0.007982990897879332,0.015037593984962405,0.005973747703441132,0.28210882531299586,0.0,0.08499030970864041,0.004760166704408126,0.011299435028248588,-0.09798413133975512,0.256029064080922,0.0,0.029632235680924143,0.0016596525197880238,0.002512562814070352,-0.23193149993500262,0.234946805598721,0.0,0.004248545353561326,0.00023795399973856616,0.012048192771084338,-0.30570895766172596,0.228004406918343,0.0,-0.01113688579793212,-0.008412083808088375,0.5029858263184401,0.13909774436090225,0.224105461393597
plannerC_fde_truth,oracle,multimetric_dE_oracle [scene-z],True,2655,85,-0.02424137301004916,-0.0013577192160748482,0.0037593984962406013,-0.16268257247629458,0.06339380498381661,0.0,-0.03201155044577656,-0.001792914005265417,0.0018832391713747645,-0.22653947368517124,0.10947589961646442,0.0,-0.027652523033473906,-0.0015487720881129966,0.001256281407035176,-0.21878319000250954,0.11431200504916142,0.0,-0.03944936291892221,-0.002209493582509856,0.0007530120481927711,-0.22229050311401366,0.11469920413595593,0.0,-0.02965015418721451,-0.023157800859669102,0.5198494527521017,0.09022556390977443,0.1864406779661017
plannerC_fde_truth,oracle,PKL_gain [scene-z],True,2655,85,0.18863762285999916,0.010565281319895897,0.0037593984962406013,-0.002781752186235928,0.3326510829100591,0.0,0.20728398914041762,0.011609633461105034,0.0018832391713747645,-0.037258360554311164,0.3969965798840515,0.0,0.1952726249247937,0.01093689681371852,0.02512562814070352,-0.0531470596243001,0.3977965057239299,0.0,0.2727017344281516,0.015273573198042656,0.0007530120481927711,-0.0039195581763906764,0.465519453611413,0.0,0.11486553754509514,0.09324918358436005,0.41975415512465375,0.31203007518796994,0.3088512241054614
plannerC_fde_truth,oracle,TIP_gain [scene-z],True,2655,85,0.1296682121502833,0.00726250213952517,0.0037593984962406013,-0.08343435018436977,0.28963893491053716,0.0,0.17790138222894722,0.009963962235900941,0.0018832391713747645,-0.08057791757565304,0.37876668760834425,0.0,0.2173011212892931,0.01217067646815135,0.001256281407035176,-0.022179468352996435,0.4244741766578806,0.0,0.27076428251816564,0.015165059720389455,0.007530120481927711,0.015106738204806399,0.4661339463250249,0.0,0.09384038066157091,0.07594391156248796,0.4333251914539002,0.3082706766917293,0.3239171374764595
