sample_token,JC_mean_m_cheap,JC_max_m_cheap,JC_final_m_cheap,JC_lat_mean_m_cheap,JC_soft_mean_m_cheap,JC_soft_max_m_cheap,JC_soft_final_m_cheap,JC_soft_lat_mean_m_cheap,JC_mean_m_full,JC_max_m_full,JC_final_m_full,JC_lat_mean_m_full,JC_soft_mean_m_full,JC_soft_max_m_full,JC_soft_final_m_full,JC_soft_lat_mean_m_full,JC_cheap,JC_full,dJC,dJC_soft
025c656847f94b09baa7648ca5d70cc8,0.37499999999999956,1.2000000000000028,0.0,0.0,0.0486379504163087,0.12210569022844961,0.011797769905128198,0.005668830871581765,0.07499999999999996,1.1999999999999993,0.0,0.0,0.02472798119268447,0.07893865565814114,0.016129093647875473,0.004175233840941761,0.37499999999999956,0.07499999999999996,0.2999999999999996,0.023909969223624233
02f64cc49e0640f99b3f54903224c610,0.6749999999999996,3.6000000000000014,3.6000000000000014,0.0,0.05855861503499152,0.21800198426604353,0.03822358299170616,0.007998561859131392,0.4499999999999993,2.3999999999999986,2.3999999999999986,0.0,0.05385272254249571,0.1898292935571543,0.06233140933317973,0.007097196578980114,0.6749999999999996,0.4499999999999993,0.2250000000000003,0.004705892492495811
06c90758caf944608f9ba8087667c567,0.0,0.0,0.0,0.0,0.10053735920044456,0.18452848733993021,0.05129695729273198,0.0047487258911136365,0.0,0.0,0.0,0.0,0.1228350311452937,0.1890403958585553,0.09377988479616486,0.0049896240234375,0.0,0.0,0.0,-0.02229767194484915
070378543a5f42f4a0f527bf5dd2366e,1.4249999999999994,4.799999999999997,4.799999999999997,0.0,0.18665807077384822,0.27142121393731894,0.10881067142771127,0.003953504562378196,0.6749999999999994,2.3999999999999986,0.0,0.0,0.11768813709543438,0.16675493835601368,0.06976440023127267,0.0037170410156246447,1.4249999999999994,0.6749999999999994,0.75,0.06896993367841384
0729893238404ab4855b6180ea85aa1e,0.6749999999999998,1.2000000000000028,1.2000000000000028,0.0,0.11456562113919472,0.22069035075889473,0.057122882011867264,0.0034429550170904655,0.6749999999999998,1.2000000000000028,1.2000000000000028,0.0,0.11993055894337601,0.23254907740163822,0.05778837444138697,0.0030468463897710407,0.6749999999999998,0.6749999999999998,0.0,-0.005364937804181291
07a022e7759a462aaab2e9bab0b9dd42,0.6750000000000005,3.6000000000000014,0.0,0.22500000000000053,0.05018545177533497,0.12706011278642682,0.008819235329669549,0.01071524620056108,1.275,3.6000000000000014,2.3999999999999986,0.15000000000000036,0.17015555324390724,0.323184665668937,0.06352963988630449,0.007644939422607688,0.6750000000000005,1.275,-0.5999999999999994,-0.11997010146857227
0de5e9971456420cafc5f3bd7970bfd3,0.1499999999999997,1.1999999999999993,0.0,0.0,0.030154391213259985,0.07798877846265911,0.006066681341959556,0.0032109260559081143,0.1499999999999997,1.1999999999999993,0.0,0.0,0.030154391213259985,0.07798877846265911,0.006066681341959556,0.0032109260559081143,0.1499999999999997,0.1499999999999997,0.0,0.0
0e24f2eadada44e7872e9f08b65d3681,1.0500000000000005,2.4000000000000057,1.2000000000000028,0.0,0.14250085436600127,0.22642807393668316,0.08519559025883143,0.004140186309812943,1.0500000000000005,2.4000000000000057,1.2000000000000028,0.0,0.14250085436600127,0.22642807393668316,0.08519559025883143,0.004140186309812943,1.0500000000000005,1.0500000000000005,0.0,0.0
0f377607708e4766807dd05e894b7ace,0.0,0.0,0.0,0.0,0.03364246587815739,0.08460022115822087,0.003499865974267126,0.0015177726745601028,0.7499999999999996,2.3999999999999986,1.2000000000000028,0.0,0.01231447432474565,0.05435881019633701,0.0050464681887313545,0.0022240161895754618,0.0,0.7499999999999996,-0.7499999999999996,0.02132799155341174
1009885e2a774e04856df7a471c0b826,0.6000000000000003,2.4000000000000057,1.2000000000000028,0.0,0.13896338094224892,0.23807182748040118,0.06467144404053955,0.005999422073365235,0.9310660171779824,2.4000000000000057,1.2000000000000028,0.07500000000000018,0.18332962543882825,0.3004238897980258,0.09468559465639731,0.002803659439087891,0.6000000000000003,0.9310660171779824,-0.3310660171779821,-0.04436624449657933
137ae840d06b4a779512738826d13a65,0.5249999999999999,3.6000000000000014,0.0,0.0,0.05797736700374884,0.12708935559774123,0.007196086053509665,0.0021673679351810193,0.44999999999999973,3.6000000000000014,3.6000000000000014,0.0,0.0428477287705258,0.07367549105315765,0.04115122694945888,0.0013024806976327241,0.5249999999999999,0.44999999999999973,0.07500000000000018,0.015129638233223046
14347c7a5b7644b382b37500b8d9a3f2,1.0810660171779825,2.3999999999999986,1.2000000000000028,0.07500000000000018,0.23859076373069532,0.37657386038813845,0.10866121260085464,0.018217992782592063,1.9677050983124842,3.6000000000000014,2.3999999999999986,0.07500000000000018,0.3901707882556079,0.6207493731321447,0.19592236771478821,0.024331283569335227,1.0810660171779825,1.9677050983124842,-0.8866390811345017,-0.1515800245249126
15e6bf56b7aa4eb28b410a8c2e146563,1.6500000000000001,3.6000000000000014,3.6000000000000014,0.0,0.29328740810953025,0.5379926057411023,0.11801337454415177,0.013423490524292703,1.05,2.4000000000000057,0.0,0.0,0.1811720399114754,0.3396425635031474,0.06195179792633269,0.007437801361084517,1.6500000000000001,1.05,0.6000000000000001,0.11211536819805484
1d432835d5b343b3ba9f8c6f0c89bc9a,0.07499999999999996,1.1999999999999993,0.0,0.0,0.23183122531026593,0.45351181098555104,0.10330837587613406,0.03544764518737775,0.0,0.0,0.0,0.0,0.056498223135096795,0.13380015225951683,0.031770143398010285,0.020841121673583984,0.07499999999999996,0.0,0.07499999999999996,0.17533300217516912
1e96cd8b79134cb5ae0e0f62943b5c00,2.201938020233809,4.9477267507411975,2.3999999999999986,0.15000000000000036,0.4714949883737841,0.7771690095997132,0.2544183306992727,0.028829813003540927,2.426938020233809,4.9477267507411975,4.799999999999997,0.15000000000000036,0.4990671454326663,0.8166051215371202,0.2730489851593484,0.026612663269044212,2.201938020233809,2.426938020233809,-0.2250000000000001,-0.027572157058882163
201241eaa9494e4291e00c9f3ef60337,1.6591813121154355,7.199999999999996,7.199999999999996,0.3000000000000007,0.27260202658689425,0.37409600511074836,0.21560916787441614,0.02455415725707999,0.9310660171779823,4.799999999999997,4.799999999999997,0.15000000000000036,0.16771768956639535,0.23023678041023626,0.14164289865928156,0.01575708389282182,1.6591813121154355,0.9310660171779823,0.7281152949374532,0.1048843370204989
23b92f80a49847e2ac9583221a1b8071,4.750485408880202,14.449913494550753,3.599999999999998,0.3750000000000009,0.6156426520485536,0.8796252810809282,0.44772553069103277,0.040996313095091885,5.282629389520039,14.449913494550753,4.800000000000001,0.45000000000000107,0.709148766788886,0.9896224224435343,0.49680130517024806,0.04866242408752397,4.750485408880202,5.282629389520039,-0.5321439806398374,-0.09350611474033244
265776b3394b484894d65c51d941213f,0.8999999999999999,3.6000000000000014,3.6000000000000014,0.0,0.13600187222103344,0.25224930541265067,0.0642538843115489,0.0015548229217534626,0.2250000000000001,1.2000000000000028,0.0,0.0,0.03940421316094242,0.09314483545953675,0.04145047040881998,0.003729486465455345,0.8999999999999999,0.2250000000000001,0.6749999999999998,0.09659765906009102
2925acd1ffbc4cab965078691b7f074d,4.724999999999998,10.799999999999997,0.0,0.0,0.7131938042498893,1.1338299278261659,0.4537176410460676,0.018786907196044478,0.0,0.0,0.0,0.0,0.10180049011409179,0.1422492946932505,0.022345669875346533,0.006399822235107155,4.724999999999998,0.0,4.724999999999998,0.6113933141357976
292c5f9071dc4ac4a7e43c9c334ba195,1.3182368416906107,3.7947331922020573,3.7947331922020573,0.15000000000000036,0.33687014663691706,0.5097609251983366,0.1762819127373247,0.013200473785400124,1.393236841690611,3.7947331922020573,3.7947331922020573,0.15000000000000036,0.330341118166977,0.48871310005720525,0.2082826336996257,0.012379789352417347,1.3182368416906107,1.393236841690611,-0.07500000000000018,0.006529028469940079
292cb1a71ae648d69b6341950ddac12a,0.9000000000000001,2.3999999999999986,1.2000000000000028,0.0,0.14831154418645126,0.27358662073222156,0.07324072224820559,0.005107355117797585,0.9750000000000003,3.6000000000000014,1.2000000000000028,0.0,0.16166084128062544,0.29294816715833166,0.0857537618220042,0.005232095718384233,0.9000000000000001,0.9750000000000003,-0.07500000000000018,-0.013349297094174178
31e890702ba847fe973eac8852110ed8,0.0,0.0,0.0,0.0,0.09140140690130596,0.12886414788599695,0.0824022908384666,0.002620840072630859,0.0,0.0,0.0,0.0,0.03797383126080142,0.06305811819658602,0.010254652132420865,0.004008722305298029,0.0,0.0,0.0,0.05342757564050454
3621246382a54d6d91ea2f03958f3c21,0.5999999999999992,3.5999999999999943,3.5999999999999943,0.0,0.09902252383874721,0.1379481765301157,0.07856610305981568,0.005975675582886808,0.5249999999999997,2.400000000000002,2.3999999999999986,0.0,0.021446097338438552,0.04501221283388539,0.005969301469150378,0.00529589653015039,0.5999999999999992,0.5249999999999997,0.07499999999999951,0.07757642650030866
3682d192833d4535aaadd371c3bd7ad2,1.1999999999999997,4.800000000000001,0.0,0.0,0.04804324688563359,0.08347610083690496,0.06897939722656184,0.005866813659667791,0.5249999999999999,3.599999999999998,0.0,0.0,0.02983780518975921,0.05137173022124323,0.03362357214518185,0.003017950057983665,1.1999999999999997,0.5249999999999999,0.6749999999999998,0.01820544169587438
38049f6b32124cb3b7e5dda85e03a280,0.8999999999999999,3.6000000000000014,1.2000000000000028,0.0,0.10093483379024704,0.1627173135554235,0.056250854016318054,0.0033652782440189988,0.8999999999999999,3.6000000000000014,1.2000000000000028,0.0,0.10093483379024704,0.1627173135554235,0.056250854016318054,0.0033652782440189988,0.8999999999999999,0.8999999999999999,0.0,0.0
381d9dfde64041cbac749fd66627e3aa,0.3749999999999998,2.3999999999999986,0.0,0.0,0.049500464544695935,0.15163230296529034,0.009203042341243214,0.006400680541991832,0.3749999999999998,2.3999999999999986,0.0,0.0,0.03255224065565004,0.10863985804303009,0.017002962247906473,0.007490015029907315,0.3749999999999998,0.3749999999999998,0.0,0.016948223889045898
3a3e63470d1645a9ac68b509a5669236,2.4,7.200000000000003,7.200000000000003,0.0,0.31055317640059166,0.542301887184747,0.1732072605830135,0.007922458648681463,0.5250000000000001,2.400000000000002,0.0,0.0,0.05361639788085655,0.13149599436507897,0.029298933523098633,0.009072303771971768,2.4,0.5250000000000001,1.8749999999999998,0.2569367785197351
3a93f9e26ae3486abd368c41cc0fa82e,6.074999999999999,10.799999999999997,10.799999999999997,0.0,0.2435699157546287,0.3460769737021482,0.09691680313723076,0.027666664123536577,2.2357377520931507,10.799999999999997,10.799999999999997,0.6000000000000014,0.13412205039571562,0.2655639872061059,0.0410244625652155,0.036420965194702504,6.074999999999999,2.2357377520931507,3.8392622479068486,0.10944786535891307
3b6306515b24443fb5fe4cbb48326e40,3.624341649025257,8.399999999999999,8.399999999999999,0.15000000000000036,0.1895996869343894,0.41117075394838487,0.01807642505868378,0.034655570983886275,1.2927050983124841,3.6000000000000014,1.1999999999999957,0.07500000000000018,0.30427500275393227,0.5577814798081427,0.11364246238590084,0.0316444873809818,3.624341649025257,1.2927050983124841,2.3316365507127728,-0.11467531581954288
3dee301429b240ca951e3408e0cc0688,0.2999999999999998,2.3999999999999986,0.0,0.0,0.027139444327299207,0.09102095728508841,0.029802526232211676,0.0055798530578621275,0.0,0.0,0.0,0.0,0.0746671059683242,0.10505704283832772,0.09839105119561349,0.008218002319335227,0.2999999999999998,0.0,0.2999999999999998,-0.04752766164102499
3e076c9b5d2f40a1bedf18deb143cc44,1.1548759228251129,3.7947331922020573,0.0,0.15000000000000036,0.13515474962043517,0.24901274924621924,0.05543215110999453,0.005966234207154031,0.4677050983124842,2.683281572999754,0.0,0.07500000000000018,0.05928979897766824,0.17407858581625998,0.018370254775989144,0.003499889373779652,1.1548759228251129,0.4677050983124842,0.6871708245126287,0.07586495064276692
3f7ba6582ba94d6cb62c292aec382dc1,1.5,2.4000000000000057,1.2000000000000028,0.0,0.3125956383650381,0.5828802304556513,0.12805580097321043,0.007161569595338424,1.575,2.4000000000000057,1.2000000000000028,0.0,0.33227658022583045,0.6102599360011975,0.1404637694699091,0.008237457275391158,1.5,1.575,-0.07499999999999996,-0.019680941860792334
41eb1111d010400c8a56491982171b47,0.0,0.0,0.0,0.0,0.05612732503459182,0.10066960764423366,0.034081811309860086,0.0029572963714601386,0.0,0.0,0.0,0.0,0.027803542419937304,0.05273671269202341,0.014532935396635398,0.0015227794647225679,0.0,0.0,0.0,0.028323782614654517
42ea07c090a949ba871e0235d816bcb8,1.9396405881245637,4.947726750741196,4.947726750741196,0.2999999999999998,0.273904893214742,0.4955061737078724,0.11222680420466682,0.03275299072265625,1.7804076662032395,3.794733192202054,2.4000000000000057,0.2250000000000001,0.27297922771678323,0.4842727133123647,0.07426303889860081,0.023533344268799272,1.9396405881245637,1.7804076662032395,0.1592329219213242,0.0009256654979587498
44bc933d7cfb43a485802e98e0e12495,1.2549783052628327,7.29931503635786,1.697056274847718,0.22500000000000053,0.15875543395599093,0.20426511530339192,0.1433768188316736,0.022187662124634855,1.0810660171779825,6.0,1.697056274847718,0.15000000000000036,0.13726902676370695,0.2018715180380677,0.0969618867313481,0.01665344238281241,1.2549783052628327,1.0810660171779825,0.17391228808485026,0.02148640719228398
475c6d4fb63c401bb1c9d9ddc11b22f2,2.4964037464339537,4.9477267507411975,4.800000000000004,0.15000000000000036,0.44959950494190654,0.7300639995132938,0.22158328985799797,0.020905208587645774,2.1964037464339534,4.9477267507411975,3.6000000000000014,0.15000000000000036,0.42991830544883924,0.696288256069589,0.2211622062689638,0.019688844680786133,2.4964037464339537,2.1964037464339534,0.30000000000000027,0.019681199493067292
4a6f5c560b644d57b37c456e5b814674,0.0,0.0,0.0,0.0,0.11128691417092954,0.19226025853777484,0.045062959716671125,0.004199838638305753,0.0,0.0,0.0,0.0,0.11128691417092954,0.19226025853777484,0.045062959716671125,0.004199838638305753,0.0,0.0,0.0,0.0
4f26e6dac5f947a4ab722596b9cb9cef,0.48106601717798214,1.697056274847718,0.0,0.07500000000000018,0.11828566064647503,0.22611011739169626,0.03653914970569824,0.014569044113159624,0.4060660171779824,1.697056274847718,0.0,0.07500000000000018,0.10418614163120032,0.2116130055064382,0.021016099680268734,0.01674070358276447,0.48106601717798214,0.4060660171779824,0.07499999999999973,0.014099519015274703
4f33efc0e9724dc8bfcade6c6394c46b,0.44999999999999996,2.3999999999999986,0.0,0.0,0.0990104707174957,0.21432551845050024,0.017297857071547764,0.0033325195312503553,0.8250000000000002,3.6000000000000014,0.0,0.0,0.19314993108948986,0.32050942348854405,0.136788544067998,0.004210424423218395,0.44999999999999996,0.8250000000000002,-0.3750000000000002,-0.09413946037199415
4f602020f2cd477eb8c1111dd1b35eec,0.6749999999999994,2.3999999999999986,1.1999999999999957,0.0,0.099708057366369,0.17931057980462559,0.024630785573253895,0.002787780761719816,0.5999999999999996,1.2000000000000028,1.1999999999999957,0.0,0.10720208547370463,0.1753515504930277,0.03922715161821034,0.0023556232452404124,0.6749999999999994,0.5999999999999996,0.07499999999999973,-0.00749402810733564
4fde06ca966a4410ae9779d3f895da66,1.65,3.6000000000000014,3.6000000000000014,0.0,0.24303322164650204,0.4171341116838031,0.1410942721268124,0.009890699386597923,1.65,3.6000000000000014,3.6000000000000014,0.0,0.24303322164650204,0.4171341116838031,0.1410942721268124,0.009890699386597923,1.65,1.65,0.0,0.0
500b79cf7b2f48ea81cb2df23bb20f3a,2.85,4.800000000000004,4.799999999999997,0.0,0.5045579330101261,0.7282949494524538,0.32975298392443464,0.011955785751342596,2.4000000000000004,4.800000000000004,4.799999999999997,0.0,0.448660989540574,0.6699339855968585,0.28710918199948876,0.011285877227782848,2.85,2.4000000000000004,0.44999999999999973,0.055896943469552096
5169b072b8b849f385fc16a8aa1756d0,1.4249999999999998,2.4000000000000057,0.0,0.0,0.3326504922237713,0.5827203193908208,0.15972010494043784,0.00847063064575293,1.5749999999999997,2.4000000000000057,0.0,0.0,0.3405574966923267,0.5938958739619679,0.1543364203247041,0.008346462249756659,1.4249999999999998,1.5749999999999997,-0.1499999999999999,-0.007907004468555412
5718fa033dad4893bd1f6e6720e5dd5a,0.3749999999999998,2.3999999999999986,0.0,0.0,0.1030544399253549,0.2593172333630833,0.037945018248765824,0.0067205429077144,0.8250000000000002,3.6000000000000014,0.0,0.0,0.12845392996384714,0.19843181435115856,0.10638705572514726,0.011325931549073243,0.3749999999999998,0.8250000000000002,-0.4500000000000004,-0.025399490038492234
57b1193e6b284ac8bbc41cc6a81255f9,0.529837132668449,2.6832815729997477,0.0,0.22500000000000053,0.14814340669849113,0.2479134079294285,0.08908945788512215,0.026414251327514737,0.529837132668449,2.6832815729997477,0.0,0.22500000000000053,0.14814340669849113,0.2479134079294285,0.08908945788512215,0.026414251327514737,0.529837132668449,0.529837132668449,0.0,0.0
58de3ce4790042c3bf3dec6d0a025264,0.8427050983124844,2.683281572999751,2.3999999999999986,0.07500000000000018,0.14900675512530168,0.3260342900617123,0.039046242221521935,0.018122148513794123,0.9177050983124844,2.683281572999751,1.2000000000000028,0.07500000000000018,0.12438573715290319,0.2191747425887636,0.10126834567104104,0.016133308410644087,0.8427050983124844,0.9177050983124844,-0.07499999999999996,0.02462101797239849
5ac8509410e14e0ea5423aff1584a723,0.375,2.3999999999999986,1.2000000000000028,0.0,0.06537748930823217,0.09028492408069363,0.04223003652050414,0.0015482425689703483,0.75,2.4000000000000057,0.0,0.0,0.11546064506656414,0.17126410824098454,0.036778773806028314,0.0034891605377187496,0.375,0.75,-0.375,-0.05008315575833197
5c15c019742a4c4197a45081e90fbce4,1.35,3.6000000000000014,3.6000000000000014,0.0,0.179978783095407,0.24108889337008355,0.126449074289007,0.01628980636596733,0.6000000000000003,2.4000000000000057,0.0,0.0,0.052236613035388436,0.1018363276428637,0.010145356940132475,0.010020875930786932,1.35,0.6000000000000003,0.7499999999999998,0.12774217006001856
5fd3808fd2cb491db035ac88417692a3,0.5604101966249694,2.683281572999751,0.0,0.15000000000000036,0.16869061227831483,0.2870375725188569,0.12155570224840503,0.023322057723998313,0.40606601717798285,1.697056274847718,0.0,0.07500000000000018,0.06658378172636191,0.19260422227550408,0.03069399360738759,0.016964578628540394,0.5604101966249694,0.40606601717798285,0.15434417944698653,0.10210683055195292
606a2c4b5e3c4dfd80601959be5e4cc1,0.0,0.0,0.0,0.0,0.4481512356911048,0.6497753439706773,0.24926772297533384,0.02216134071350062,0.0,0.0,0.0,0.0,0.5847185375113426,0.8837701539419495,0.30897300946339334,0.029268407821656517,0.0,0.0,0.0,-0.1365673018202378
6426aa95c5da4dccaa6f5ac1e179cfae,0.675,3.6000000000000014,0.0,0.0,0.06641017775886729,0.08461783839622619,0.06177203739508027,0.0017261981964118434,0.9000000000000004,3.6000000000000014,0.0,0.0,0.1119527293774547,0.152994010147379,0.05573663346153211,0.0038806915283209342,0.675,0.9000000000000004,-0.2250000000000003,-0.045542551618587404
653b2b59f1e3486b96dc1a5845b32046,0.3121708245126288,3.7947331922020573,3.7947331922020573,0.07500000000000018,0.07840063066450816,0.21536619796029138,0.03217431948982912,0.020334863662720526,1.1742640687119297,2.400000000000002,1.2000000000000028,0.3750000000000009,0.17856035441946205,0.38194445494337825,0.08337217298509433,0.007253980636596324,0.3121708245126288,1.1742640687119297,-0.8620932441993009,-0.1001597237549539
65d1f31faea54d63b0095267afbda101,0.0,0.0,0.0,0.0,0.1624574004864382,0.24869469190093973,0.09966492186640935,0.005705881118774236,0.0,0.0,0.0,0.0,0.11169763827522913,0.17756330270337783,0.06580850365443179,0.003392744064329545,0.0,0.0,0.0,0.050759762211209064
6803758a06ba45538e211682698d8f8a,3.1500000000000004,8.399999999999999,8.399999999999999,0.0,0.4507647114305686,0.632673284264101,0.3279227937873853,0.010946702957154386,3.825,8.399999999999999,8.399999999999999,0.0,0.5379137383132587,0.7109729951421564,0.42261360826501276,0.012986898422241655,3.1500000000000004,3.825,-0.6749999999999998,-0.0871490268826901
69185c833aa44a17b7e7e84560559285,0.14999999999999947,1.1999999999999957,0.0,0.0,0.043784246752660974,0.06793225383490037,0.03604870816139945,0.006541299819947,0.14999999999999947,1.1999999999999957,0.0,0.0,0.043784246752660974,0.06793225383490037,0.03604870816139945,0.006541299819947,0.14999999999999947,0.14999999999999947,0.0,0.0
6aa2c27de8ba46b9abcb1ad8c7837cfe,0.5342329219213243,4.947726750741191,4.947726750741191,0.07500000000000018,0.09423209358942698,0.24880288152792376,0.034572483960344416,0.011905860900878196,1.446403746433953,4.947726750741191,3.6000000000000014,0.15000000000000036,0.20900479501604452,0.4129229519545465,0.08615672888845903,0.01698818206787056,0.5342329219213243,1.446403746433953,-0.9121708245126287,-0.11477270142661754
709fdcf523f34add92cdaf554a2de263,0.8250000000000002,2.3999999999999986,1.2000000000000028,0.07500000000000018,0.12938269459694157,0.21631920894087622,0.07892192363869995,0.0032997608184817118,0.8999999999999999,2.3999999999999986,0.0,0.07500000000000018,0.14281640244355598,0.25103933597730793,0.09219688371810288,0.004549741744994673,0.8250000000000002,0.8999999999999999,-0.07499999999999973,-0.013433707846614407
749bde81e6dd4c6391d133727974e1b1,0.0,0.0,0.0,0.0,0.10214848555421144,0.16816800657824138,0.16007548844405445,0.006255483627318981,0.0,0.0,0.0,0.0,0.11657281999662483,0.14467113833602357,0.13351598636234396,0.003930902481078746,0.0,0.0,0.0,-0.014424334442413395
7659f125cc914b9b8be91ec5618e4cb2,3.238633653291825,7.299315036357863,4.799999999999997,0.15000000000000036,0.6204423758940212,1.0162450211064946,0.34506540495907284,0.026741409301759056,3.238633653291825,7.299315036357863,4.799999999999997,0.15000000000000036,0.6204423758940212,1.0162450211064946,0.34506540495907284,0.026741409301759056,3.238633653291825,3.238633653291825,0.0,0.0
76d8b30f25c64ee4a85b5ee7a2ce55b6,0.7500000000000004,3.6000000000000014,3.6000000000000014,0.0,0.11514705104147346,0.1639460053635498,0.08773920605751241,0.002229595184326083,0.375,1.2000000000000028,0.0,0.0,0.03558032601999858,0.06470850509056193,0.0025845340562490903,0.0016439437866209161,0.7500000000000004,0.375,0.37500000000000044,0.07956672502147488
79025431db8a4c8083c4e381d9704e62,0.0,0.0,0.0,0.0,0.17821320103016597,0.31707492664287645,0.059573488292501184,0.019927310943603338,0.0,0.0,0.0,0.0,0.03439375416025118,0.08862742105833817,0.035617374148853125,0.008470630645752042,0.0,0.0,0.0,0.1438194468699148
7b37b37119f54b08ba9131dd4e79c617,0.0,0.0,0.0,0.0,0.13640200259407864,0.28258404402710685,0.09747032898662963,0.005218791961669744,0.0,0.0,0.0,0.0,0.13640200259407864,0.28258404402710685,0.09747032898662963,0.005218791961669744,0.0,0.0,0.0,0.0
7c876ea78f93425dbda4043635da911f,0.7499999999999993,4.799999999999997,4.799999999999997,0.0,0.060214621217026636,0.14230529667812544,0.016379293366686757,0.005924606323243431,1.3481127645157234,3.7947331922020573,3.7947331922020573,0.3000000000000007,0.11166536762982568,0.1537962705069159,0.06606678281935055,0.012824106216430486,0.7499999999999993,1.3481127645157234,-0.598112764515724,-0.051450746412799044
7cb395fbcc7341eba0e4a2fb34cc072c,0.556066017177982,2.3999999999999986,0.0,0.07500000000000018,0.026891536169946738,0.057211437216027866,0.01111607234110561,0.0029146671295174897,0.556066017177982,1.697056274847713,0.0,0.07500000000000018,0.039447895081886196,0.09288178925344055,0.008183125827358135,0.003359127044678445,0.556066017177982,0.556066017177982,0.0,-0.012556358911939458
7fc95c470aa74e908ac33c495cf86574,4.008734723104375,8.48528137423857,0.0,0.45000000000000107,0.22744350616164433,0.4245816748755795,0.14101445397851164,0.03374948501586994,0.3749999999999998,3.599999999999998,0.0,0.0,0.0882718584200788,0.23253826235037392,0.0351764282046481,0.018464756011963068,4.008734723104375,0.3749999999999998,3.633734723104375,0.13917164774156554
7fe54162bbf24e33950af4742c636f20,2.568621569317099,8.399999999999999,8.399999999999999,0.22500000000000053,0.14712484400228804,0.18559799160464502,0.12479100823991382,0.027542924880979758,2.568621569317099,8.399999999999999,8.399999999999999,0.22500000000000053,0.14712484400228804,0.18559799160464502,0.12479100823991382,0.027542924880979758,2.568621569317099,2.568621569317099,0.0,0.0
805679273e9d4b6c8db969928e9b2587,0.4592329219213247,4.9477267507411895,0.0,0.07499999999999973,0.09929530379496304,0.18351008889760778,0.009372823805356431,0.008048057556152344,0.39270509831248457,2.6832815729997446,0.0,0.07499999999999973,0.12699756092482986,0.22160082515559207,0.013917970018172587,0.01224060058593679,0.4592329219213247,0.39270509831248457,0.06652782360884013,-0.02770225712986682
807d3467e0b843d489586bdbe93530cb,2.0250000000000004,4.799999999999997,4.799999999999997,0.0,0.37254053791421615,0.6562342289842741,0.16802173117150265,0.016363191604614524,2.0250000000000004,4.799999999999997,4.799999999999997,0.0,0.37254053791421615,0.6562342289842741,0.16802173117150265,0.016363191604614524,2.0250000000000004,2.0250000000000004,0.0,0.0
81458d7c63ee40afba6d143188cebaa2,0.8371708245126285,3.7947331922020573,1.2000000000000028,0.07500000000000018,0.12431986796119661,0.19502537975539724,0.07355770956370819,0.005956649780272993,1.2121708245126284,4.800000000000004,2.3999999999999986,0.07500000000000018,0.19767433995520728,0.2810228133907783,0.10676024063606952,0.0087066650390617,0.8371708245126285,1.2121708245126284,-0.3749999999999999,-0.07335447199401067
81938c27da814c1eb2b293acc618ab2c,2.7092329219213243,6.0,4.799999999999997,0.07500000000000018,0.5298383442596739,0.9262904042723512,0.33614636202595266,0.021008777618408025,2.7092329219213243,6.0,4.799999999999997,0.07500000000000018,0.5298383442596739,0.9262904042723512,0.33614636202595266,0.021008777618408025,2.7092329219213243,2.7092329219213243,0.0,0.0
81f25e25111a4b1aaa4771846c96e99f,2.3999999999999995,4.800000000000001,3.6000000000000014,0.0,0.36101876760816537,0.569237666789588,0.24284109655025996,0.008150768280028586,1.9499999999999995,4.800000000000001,0.0,0.0,0.4557272345173789,0.676497756952958,0.32908032394751285,0.013885831832886275,2.3999999999999995,1.9499999999999995,0.44999999999999996,-0.09470846690921353
85259150adbf4cdfab72f9cc07c0702e,0.6871708245126281,3.7947331922020506,1.1999999999999957,0.15000000000000036,0.05419209699981262,0.11193485066158172,0.01684994747761528,0.01503367424011115,0.9842329219213243,4.947726750741191,4.947726750741191,0.07500000000000018,0.08012124433494391,0.11668171738676791,0.07990286544862074,0.006565761566161399,0.6871708245126281,0.9842329219213243,-0.29706209740869616,-0.025929147335131297
86b70d00d4eb420d859c3c6024e256d6,0.3749999999999998,1.2000000000000028,0.0,0.0,0.03996121200313777,0.08133774460658787,0.025467372922237677,0.004753303527832209,0.5999999999999999,1.2000000000000028,0.0,0.0,0.05955073210777806,0.10934012174362151,0.06235495534293387,0.010821104049682617,0.3749999999999998,0.5999999999999999,-0.2250000000000001,-0.01958952010464029
87b99fdfba2b42fb97f70e2f24ffe151,0.30000000000000027,3.6000000000000014,3.6000000000000014,0.0,0.023972427776669518,0.05439826664221412,0.00925328274785524,0.0010223865509026986,0.6000000000000003,3.6000000000000014,3.6000000000000014,0.0,0.0744073187020741,0.16421608866960896,0.04652254179120595,0.0051276683807364165,0.30000000000000027,0.6000000000000003,-0.30000000000000004,-0.050434890925404575
8cfd3e3b15bf419eb8a6bd0e06e787ff,2.0999999999999996,4.799999999999997,3.6000000000000014,0.0,0.43428157159363856,0.646226388650457,0.3073198068041194,0.010518693923950995,2.1,3.6000000000000014,3.6000000000000014,0.0,0.45084047367220104,0.6710905631163053,0.3495727259990283,0.011084604263306375,2.0999999999999996,2.1,-4.440892098500626e-16,-0.016558902078562476
900bef6496fd4df5a3c9a639e8d9750d,1.5749999999999997,3.6000000000000014,1.2000000000000028,0.0,0.21856860699880562,0.38561577962951754,0.11589356844163883,0.0029431343078605288,1.5749999999999997,3.6000000000000014,1.2000000000000028,0.0,0.21856860699880562,0.38561577962951754,0.11589356844163883,0.0029431343078605288,1.5749999999999997,1.5749999999999997,0.0,0.0
9027c52e22a64eb38ad6ab68a5c2ffc3,1.951188955106935,6.4621977685614045,0.0,0.6749999999999996,0.19360756752584668,0.26051760978139327,0.16446299084607116,0.08969678878784126,1.9611951041417663,6.4621977685614045,1.2000000000000028,0.6749999999999996,0.20874868233563385,0.2692630202178742,0.1811668785066035,0.10584111213684011,1.951188955106935,1.9611951041417663,-0.010006149034831324,-0.015141114809787165
9165015b97254c078758133676e17804,0.825,2.4000000000000057,1.1999999999999957,0.0,0.07170010525672524,0.20926050510253194,0.037544601313205125,0.011132669448852273,0.9000000000000001,2.4000000000000057,1.1999999999999957,0.0,0.10215603378711394,0.22977523855262313,0.10482151967533465,0.013668966293333806,0.825,0.9000000000000001,-0.07500000000000018,-0.0304559285303887
95cf14e1ffd3417cb9a742227a575164,0.4500000000000002,2.3999999999999986,1.2000000000000028,0.0,0.08357133531697197,0.1341075891699108,0.039819243705508135,0.0018117427825936616,0.4500000000000002,2.3999999999999986,1.2000000000000028,0.0,0.08357133531697197,0.1341075891699108,0.039819243705508135,0.0018117427825936616,0.4500000000000002,0.4500000000000002,0.0,0.0
96449dc436da4a59bc96af84104adf46,0.48106601717798236,2.3999999999999986,1.2000000000000028,0.07500000000000018,0.07920977188372474,0.2308538113489962,0.08101462744431157,0.006997346878051314,0.5121320343559645,1.697056274847718,0.0,0.22500000000000053,0.06873666530827603,0.2314902475681954,0.060234796931568066,0.00992803573608425,0.48106601717798236,0.5121320343559645,-0.031066017177982186,0.010473106575448712
9657675e78c24c19b409ee9c04a135c3,2.930330085889911,8.48528137423857,8.48528137423857,0.07500000000000018,0.574011813484494,0.9064424031336713,0.33686829596113677,0.01282410621643093,3.005330085889911,8.48528137423857,8.48528137423857,0.07500000000000018,0.5916820305283537,0.9324894361517072,0.3465476738731766,0.012016582489014827,2.930330085889911,3.005330085889911,-0.07500000000000018,-0.017670217043859626
96d512f13a6d42fba86f8e06add70b66,1.1560660171779824,2.4000000000000057,1.697056274847718,0.07500000000000018,0.16636796301264442,0.2212702500430728,0.08783887400543863,0.009012937545776811,1.1560660171779824,2.4000000000000057,1.697056274847718,0.07500000000000018,0.1705831643409322,0.2235463933218502,0.10796515473515043,0.010997343063354759,1.1560660171779824,1.1560660171779824,0.0,-0.004215201328287788
9880929359634fd4a974a1057ba3eca1,1.9500000000000002,4.800000000000001,4.799999999999997,0.0,0.43546700183030124,0.6996724938047433,0.2971193985832103,0.013439226150512518,2.7,4.800000000000004,4.799999999999997,0.0,0.5125965479365688,0.7791699477258298,0.36219969963736054,0.021101045608520774,1.9500000000000002,2.7,-0.75,-0.0771295461062676
98f8cf08a4ab42838847589a6e75ee8b,2.230407666203239,4.799999999999997,3.7947331922020573,0.22500000000000053,0.41357577740081325,0.6287279869691509,0.3073745367583706,0.017170000076293324,2.1749999999999994,3.6000000000000014,3.6000000000000014,0.0,0.3756405334055213,0.6082449359153886,0.26910819415829346,0.01660094261169487,2.230407666203239,2.1749999999999994,0.05540766620323945,0.03793524399529197
993a62212975460eb987c56b7488c31b,1.1999999999999997,4.799999999999997,4.799999999999997,0.0,0.1659752510522974,0.21613742027455957,0.12164168523108794,0.004541587829590021,2.3249999999999993,7.199999999999996,7.199999999999996,0.0,0.3479284059150667,0.40623851463942307,0.2876911543722402,0.010736417770385032,1.1999999999999997,2.3249999999999993,-1.1249999999999996,-0.18195315486276928
997be81e2d73480f80fcf242cf152dcd,1.4999999999999991,4.799999999999997,4.799999999999997,0.0,0.2656780667814377,0.45273012117098504,0.11800735519712997,0.01513023376464906,0.6750000000000012,2.4000000000000057,2.4000000000000057,0.0,0.07400521082266262,0.21140731471535434,0.043349109381661415,0.010177230834961914,1.4999999999999991,0.6750000000000012,0.824999999999998,0.19167285595877506
9b8e07663a974d0981dca1ba80361d29,0.0,0.0,0.0,0.0,0.12342204234277797,0.16640868569240444,0.08331495940842623,0.007897853851318803,0.0,0.0,0.0,0.0,0.05891830151056046,0.0717782004460975,0.06954592192682015,0.003005361557007369,0.0,0.0,0.0,0.06450374083221751
9cd981bf4a4547bc97c62058f5291d92,0.30000000000000027,2.3999999999999986,0.0,0.0,0.07785529295925672,0.14577622237339652,0.04907946916274548,0.010987615585327681,0.30000000000000027,2.3999999999999986,0.0,0.0,0.07785529295925672,0.14577622237339652,0.04907946916274548,0.010987615585327681,0.30000000000000027,0.30000000000000027,0.0,0.0
9e0cf145e19242288dab24a14650be5f,1.985410196624969,3.6000000000000014,3.6000000000000014,0.15000000000000036,0.4677980921241226,0.7912391788831833,0.27084062633542133,0.03670878410339329,2.2104101966249687,3.6000000000000014,3.6000000000000014,0.15000000000000036,0.49813119565682284,0.8425996107000219,0.28192623652490323,0.033461809158325195,1.985410196624969,2.2104101966249687,-0.22499999999999964,-0.030333103532700245
9e28e21fe0814585bce97a8b78d84d08,0.9609419400030949,3.794733192202054,2.4000000000000057,0.22500000000000053,0.13873954037818703,0.2363906053894867,0.12064509938542502,0.021685838699341264,0.9609419400030949,3.794733192202054,2.4000000000000057,0.22500000000000053,0.13873954037818703,0.2363906053894867,0.12064509938542502,0.021685838699341264,0.9609419400030949,0.9609419400030949,0.0,0.0
9e85663c69444a30b5a9fdff3476f772,1.575,3.6000000000000014,3.6000000000000014,0.0,0.24407854319714636,0.4144988248565539,0.14601912289734414,0.0041891098022457385,1.575,3.6000000000000014,3.6000000000000014,0.0,0.24407854319714636,0.4144988248565539,0.14601912289734414,0.0041891098022457385,1.575,1.575,0.0,0.0
9fb44c7c030a4827bf0c8491348a0445,0.4500000000000002,2.3999999999999986,0.0,0.0,0.08895009221405853,0.17157345070258265,0.009741211206391709,0.002567768096923828,0.15000000000000036,1.2000000000000028,0.0,0.0,0.0530514414287442,0.08979763913477319,0.08979763913477319,0.002225303649901811,0.4500000000000002,0.15000000000000036,0.2999999999999998,0.03589865078531433
a01c0f0b80a94bb29471a91a80008631,1.2749999999999997,4.799999999999997,4.799999999999997,0.0,0.19448645247945268,0.2939344217534034,0.1325739109868553,0.004292535781861506,1.2749999999999997,4.799999999999997,4.799999999999997,0.0,0.19448645247945268,0.2939344217534034,0.1325739109868553,0.004292535781861506,1.2749999999999997,1.2749999999999997,0.0,0.0
a03bd30fe2b04037a95510ca2d88fda8,0.1499999999999999,1.2000000000000028,0.0,0.0,0.050005242056187546,0.1362391629828744,0.02849125543409752,0.002799654006957919,0.1499999999999999,1.2000000000000028,0.0,0.0,0.050005242056187546,0.1362391629828744,0.02849125543409752,0.002799654006957919,0.1499999999999999,0.1499999999999999,0.0,0.0
a03dedbff28247ff8d8479ff8cdcf8cd,2.1749999999999994,7.199999999999996,7.199999999999996,0.0,0.26191091433720404,0.3648766974653833,0.17673401504437633,0.004277086257935103,1.8749999999999996,3.6000000000000014,3.6000000000000014,0.0,0.23158218732942748,0.34936640556306936,0.15803714442810787,0.00932879447936985,2.1749999999999994,1.8749999999999996,0.2999999999999998,0.030328727007776557
a1068ed0c1804cf8b21edff9e0074037,2.8743416490252565,6.0,4.799999999999997,0.15000000000000036,0.6158108492511774,1.014976880078528,0.355046559226983,0.03714909553527912,3.3993416490252564,6.0,4.799999999999997,0.15000000000000036,0.7649314690239668,1.2761404540164836,0.48490041054724287,0.041688966751098455,2.8743416490252565,3.3993416490252564,-0.5249999999999999,-0.14912061977278945
a5c0f872d11f4769bc642acef8c49e83,4.574999999999999,10.799999999999997,10.799999999999997,0.0,0.15509799641176963,0.20736900126465438,0.11847571686183543,0.0169414043426519,2.912132034355964,10.799999999999997,10.799999999999997,0.3000000000000007,0.08316713713253862,0.1693503979799928,0.0439477395341116,0.021376848220825195,4.574999999999999,2.912132034355964,1.6628679656440353,0.07193085927923101
a5e17bb0b01045199ae4a868f5ba0721,0.44999999999999973,1.2000000000000028,1.1999999999999957,0.0,0.051549301771514316,0.10110523877766155,0.09551166339436092,0.003902292251586559,0.4621708245126287,3.7947331922020573,1.1999999999999957,0.07500000000000018,0.026789059075678075,0.06879091476200347,0.06879091476200347,0.004915523529052557,0.44999999999999973,0.4621708245126287,-0.012170824512628964,0.02476024269583624
a805936597f243a38745c2e8bcadf378,2.6338232164826962,10.866462165764897,10.866462165764897,0.15000000000000036,0.1385499043774031,0.22234127422038122,0.08978353601451879,0.024402236938476207,2.6338232164826962,10.866462165764897,10.866462165764897,0.15000000000000036,0.1385499043774031,0.22234127422038122,0.08978353601451879,0.024402236938476207,2.6338232164826962,2.6338232164826962,0.0,0.0
aa938d311fab4b7a884fc88a1ceb6df9,0.0,0.0,0.0,0.0,0.06457261564612798,0.09882537725835512,0.09614413018533301,0.0024360179901119494,0.37500000000000044,2.3999999999999986,1.2000000000000028,0.0,0.07471461273389393,0.1278435531623519,0.12405382416778184,0.005084466934203835,0.0,0.37500000000000044,-0.37500000000000044,-0.010141997087765947
ae278babd4f44736b74d26bd2d4c07ee,0.0,0.0,0.0,0.0,0.23661477175583082,0.39556650261403925,0.14549113844537204,0.0077947139740004445,0.0,0.0,0.0,0.0,0.05969041875129234,0.08981481407826107,0.04122887945116857,0.004804229736329102,0.0,0.0,0.0,0.17692435300453846
af19bfccf2ec4c4c8ee5c81013caf35c,1.2750000000000004,2.400000000000002,0.0,0.0,0.21077186947847498,0.3555935552454556,0.10323972193288541,0.010198545455933239,1.35,2.400000000000002,0.0,0.0,0.255057822946291,0.4347451581067219,0.12101334152759613,0.010448312759399503,1.2750000000000004,1.35,-0.07499999999999973,-0.044285953467816
af1fe4ae71c441d1a4744097f622c449,2.505548838797624,7.299315036357867,3.6000000000000014,0.22500000000000053,0.40268668931761975,0.6742867917833675,0.22895180477696733,0.0225763320922856,1.8195972880320874,6.118823416311343,3.6000000000000014,0.15000000000000036,0.36197167915192663,0.5873577251917924,0.20324846901283686,0.018936967849731534,2.505548838797624,1.8195972880320874,0.6859515507655365,0.04071501016569312
af6f5cce3b714c65a7fab7e20f66b056,0.4060660171779823,2.4000000000000057,2.4000000000000057,0.07500000000000018,0.03435712201156049,0.06585583957703743,0.01494405123495745,0.01268591880798331,0.25606601717798216,1.6970562748477156,0.0,0.07500000000000018,0.051774914054384655,0.07949304240467885,0.019924389280813835,0.017372560501098366,0.4060660171779823,0.25606601717798216,0.15000000000000013,-0.017417792042824162
b0ece04a2172427bbc77c800c5ec5416,0.0,0.0,0.0,0.0,0.2582800456343721,0.3773921221287564,0.15769363392091093,0.03148870468139675,0.0,0.0,0.0,0.0,0.2582800456343721,0.3773921221287564,0.15769363392091093,0.03148870468139675,0.0,0.0,0.0,0.0
b2ccc848be7a4d4ab7bf42914b50a82b,0.6000000000000001,1.2000000000000028,1.1999999999999993,0.0,0.1897856072381543,0.3273249381553292,0.11568672883222927,0.00553679466247603,0.675,1.2000000000000028,1.1999999999999993,0.0,0.21311778721326632,0.34821331639403846,0.14350205781990322,0.005561685562134766,0.6000000000000001,0.675,-0.07499999999999996,-0.023332179975112027
b3c35a96810b4a00aec8a2c1a4de2ee1,0.7500000000000002,2.400000000000002,1.2000000000000028,0.0,0.1200552037923101,0.3062396951310267,0.009944077907513744,0.00946512222290119,0.7500000000000002,2.400000000000002,1.2000000000000028,0.0,0.1200552037923101,0.3062396951310267,0.009944077907513744,0.00946512222290119,0.7500000000000002,0.7500000000000002,0.0,0.0
b47e31481532444bb0b543a0ec192959,0.0,0.0,0.0,0.0,0.046823674700984086,0.07357670831319559,0.057610283438986616,0.0012063503265382636,0.0,0.0,0.0,0.0,0.057853245880378844,0.08385675877344899,0.05623063470303873,0.0013772964477540839,0.0,0.0,0.0,-0.011029571179394758
b6398bf31aa945c185c3fe2e0313f5ae,0.7499999999999996,3.5999999999999943,3.5999999999999943,0.0,0.08802370243192337,0.12241919093424214,0.041187649317465276,0.003059577941894265,0.6749999999999998,2.3999999999999986,0.0,0.0,0.08711562892810795,0.11759875611003093,0.08595509258279585,0.00211830139160174,0.7499999999999996,0.6749999999999998,0.07499999999999973,0.0009080735038154153
b78cb6f95fda4df3a8b043d97db13acd,0.30000000000000004,1.2000000000000028,0.0,0.0,0.05774963256599454,0.10632097100592489,0.024298268614374115,0.0014372348785385292,1.1999999999999993,4.799999999999997,2.3999999999999986,0.0,0.14205812196412199,0.23759204196632275,0.06465740602638946,0.00495986938476678,0.30000000000000004,1.1999999999999993,-0.8999999999999992,-0.08430848939812745
b986b0bd1ad64f70b85307972bffdca8,0.14999999999999947,1.1999999999999957,0.0,0.0,0.050919341263028925,0.11688090790421071,0.01582134097782868,0.0013296604156503022,0.14999999999999947,1.1999999999999957,1.1999999999999957,0.0,0.03551375099533641,0.07288140601391047,0.014225299061882142,0.002621698379517312,0.14999999999999947,0.14999999999999947,0.0,0.015405590267692518
ba088aff2a6647eca02ffd893cec79f9,0.7621708245126285,3.7947331922020573,1.2000000000000028,0.07500000000000018,0.24147478040207995,0.4145692325292069,0.1008724836796987,0.03162217140197887,0.7621708245126285,3.7947331922020573,1.2000000000000028,0.07500000000000018,0.24147478040207995,0.4145692325292069,0.1008724836796987,0.03162217140197887,0.7621708245126285,0.7621708245126285,0.0,0.0
bd074621e1ec42e29f7ce05d9d856b9f,0.9000000000000004,3.6000000000000014,3.6000000000000014,0.0,0.14623103351842046,0.18736226161722883,0.0771457485291657,0.008496952056885387,0.9750000000000003,3.6000000000000014,3.6000000000000014,0.0,0.1889194479938463,0.2552603262802819,0.10849380450243244,0.010625982284546698,0.9000000000000004,0.9750000000000003,-0.07499999999999996,-0.042688414475425845
bdb6983a1de646f7b99519c7b4d496b1,0.7810660171779821,2.3999999999999986,0.0,0.07500000000000018,0.06079197635870435,0.13639027950906596,0.020544279577319906,0.013671684265136097,0.7810660171779821,2.3999999999999986,0.0,0.07500000000000018,0.06079197635870435,0.13639027950906596,0.020544279577319906,0.013671684265136097,0.7810660171779821,0.7810660171779821,0.0,0.0
be3ed10bdcc1453682ad6b2e801bb769,3.2249999999999996,8.399999999999999,8.399999999999999,0.0,0.5710611257338525,0.9026689412612506,0.41342587345283427,0.02307357788085973,3.2249999999999996,8.399999999999999,8.399999999999999,0.0,0.5598755200211822,0.8894678004877848,0.4048260901506074,0.022659015655517756,3.2249999999999996,3.2249999999999996,0.0,0.011185605712670244
c370568cda2d4161acd15ace5fcb1822,0.5250000000000004,2.3999999999999986,0.0,0.0,0.035019338669353514,0.09341868940500765,0.0501394750347259,0.007982683181761097,0.675,2.3999999999999986,1.1999999999999957,0.0,0.0690276620611987,0.09804358386599196,0.09804358386599196,0.009258699417113991,0.5250000000000004,0.675,-0.1499999999999997,-0.03400832339184519
c43075940579430e8957f0be230b61e8,0.9749999999999994,2.3999999999999986,0.0,0.0,0.13187127026248588,0.27042775980228884,0.042386362151297464,0.010220861434935724,0.9749999999999994,2.3999999999999986,0.0,0.0,0.13187127026248588,0.27042775980228884,0.042386362151297464,0.010220861434935724,0.9749999999999994,0.9749999999999994,0.0,0.0
c8c86914e28a450894834889bfe81f53,3.3284865803307433,7.299315036357863,4.799999999999997,0.3000000000000007,0.49415329199979396,0.768212982324013,0.2806479709124617,0.03074383735656694,3.3284865803307433,7.299315036357863,4.799999999999997,0.3000000000000007,0.49044132209454827,0.7662649065100755,0.29367414959006255,0.033145093917847035,3.3284865803307433,3.3284865803307433,0.0,0.0037119699052456934
c9391a7a19e648a5a97fb66b44301771,0.37500000000000067,2.400000000000002,1.2000000000000028,0.0,0.05872210911599862,0.11784951384872086,0.023259580401895828,0.005213069915771307,0.5250000000000004,2.400000000000002,0.0,0.0,0.03977507026457421,0.08042696328552153,0.023472314361875902,0.0066847801208500535,0.37500000000000067,0.5250000000000004,-0.1499999999999997,0.01894703885142441
c9c16c6da913418584e88113e4fb0bb7,0.3750000000000002,2.3999999999999986,1.2000000000000028,0.0,0.08081417735083343,0.11783937267240803,0.05623167832019792,0.002410554885864169,2.025,3.6000000000000014,3.6000000000000014,0.0,0.2958939048112689,0.3778576346191238,0.2061886309318456,0.0061493396759022545,0.3750000000000002,2.025,-1.6499999999999997,-0.2150797274604355
caadd7c231ac4c4b93e7447bc4d38c3f,1.4249999999999998,3.6000000000000014,1.2000000000000028,0.0,0.2759147377622636,0.48583619987436805,0.16564195589438696,0.0025225639343267048,1.65,6.0,6.0,0.0,0.3372254842316136,0.4738581245943838,0.34908532214468907,0.003134536743164773,1.4249999999999998,1.65,-0.2250000000000001,-0.061310746469349975
caf1afbc89944f168ac7caad1256a98d,0.2250000000000001,1.2000000000000028,0.0,0.0,0.08540936093776194,0.11942290363910019,0.06587625331966228,0.0067445755004866825,0.2250000000000001,1.2000000000000028,0.0,0.0,0.08540936093776194,0.11942290363910019,0.06587625331966228,0.0067445755004866825,0.2250000000000001,0.2250000000000001,0.0,0.0
cc1567e902724f82898f405601923c3c,0.5250000000000001,2.3999999999999986,0.0,0.0,0.11791676261600184,0.16809601975172137,0.05700406482340938,0.0052657127380379976,0.6750000000000003,2.3999999999999986,1.2000000000000028,0.0,0.13095122019585023,0.18544951982383476,0.10030564729009536,0.0032684326171859013,0.5250000000000001,0.6750000000000003,-0.15000000000000013,-0.01303445757984839
cddd0ebad86a4a84b34f77e3b5640831,0.2999999999999998,2.3999999999999986,0.0,0.0,0.23081984477530199,0.4819485210365045,0.07038857029354763,0.04087958335876429,0.22499999999999987,2.3999999999999986,0.0,0.0,0.1625477576584647,0.3743313422703055,0.03973065013712138,0.035306167602538796,0.2999999999999998,0.22499999999999987,0.07499999999999996,0.0682720871168373
d3b3b874ae6c44088e3b41ba0c9c0460,0.30000000000000004,1.2000000000000028,0.0,0.0,0.0573302748379478,0.09152708070874015,0.02930937437803537,0.0013627052307119136,0.30000000000000004,1.2000000000000028,0.0,0.0,0.0573302748379478,0.09152708070874015,0.02930937437803537,0.0013627052307119136,0.30000000000000004,0.30000000000000004,0.0,0.0
d3d4393a9bfb4441b7fb9aedd3330c29,0.5249999999999999,3.5999999999999943,0.0,0.0,0.1051584739583069,0.17748263236534728,0.04832701014174693,0.0019197463989262253,0.5249999999999999,3.5999999999999943,0.0,0.0,0.1051584739583069,0.17748263236534728,0.04832701014174693,0.0019197463989262253,0.5249999999999999,0.5249999999999999,0.0,0.0
d51683a5d04540968046c8c27981be9f,0.4810660171779819,1.697056274847718,0.0,0.07500000000000018,0.11496304193250614,0.17003131593630938,0.11583929406905541,0.010966444015503285,0.40606601717798263,1.697056274847718,0.0,0.07500000000000018,0.055694013059859715,0.09990209928326069,0.05643700605374975,0.014389514923095703,0.4810660171779819,0.40606601717798263,0.07499999999999929,0.05926902887264643
d6cfd121af0b4da893057dae97b0c744,0.40606601717798263,1.697056274847718,0.0,0.07500000000000018,0.04284300904089507,0.06513714225436719,0.014223109185573492,0.008445739746092862,0.43713203435596454,1.697056274847718,0.0,0.15000000000000036,0.03790828400803946,0.10370630563580083,0.013912420812388063,0.014529561996459162,0.40606601717798263,0.43713203435596454,-0.03106601717798191,0.004934725032855615
d87440c539d841bcae6c49eef4b75724,0.22499999999999964,1.2000000000000028,1.2000000000000028,0.0,0.05800928839321029,0.1189047274091833,0.019822542482007596,0.0013545513153068178,0.22499999999999964,1.2000000000000028,1.2000000000000028,0.0,0.05800928839321029,0.1189047274091833,0.019822542482007596,0.0013545513153068178,0.22499999999999964,0.22499999999999964,0.0,0.0
d90479b1116147de9244fc9faeb3c6cc,2.7243416490252566,8.399999999999999,8.399999999999999,0.15000000000000036,0.33688378144752645,0.647374826978092,0.0498759105458537,0.034317398071288974,1.0237711154904665,3.6000000000000014,3.6000000000000014,0.15000000000000036,0.23271889508092275,0.4489971334149935,0.05178852771367815,0.03550229072570765,2.7243416490252566,1.0237711154904665,1.70057053353479,0.1041648863666037
da2afef1b0fa4340abfe23843d6cc4f8,0.0,0.0,0.0,0.0,0.047076699548401116,0.08576263574117947,0.02593477161725765,0.002548599243165306,0.0,0.0,0.0,0.0,0.038689902737527704,0.06905470410112442,0.019369516692723264,0.0017158985137952776,0.0,0.0,0.0,0.008386796810873412
da3c26d4d7c44efc83d854be98efb5d7,1.4250000000000003,3.5999999999999943,1.2000000000000028,0.0,0.19048267688878281,0.3039063578246316,0.0796528547962685,0.0032474040985115415,1.4250000000000003,3.5999999999999943,1.2000000000000028,0.0,0.19048267688878281,0.3039063578246316,0.0796528547962685,0.0032474040985115415,1.4250000000000003,1.4250000000000003,0.0,0.0
dc53f0d721694157832cc9fc73daa275,0.6750000000000007,1.2000000000000028,1.2000000000000028,0.0,0.08541053753379084,0.10895023121141027,0.06101744770647705,0.002367639541626776,0.15000000000000036,1.2000000000000028,0.0,0.0,0.014931861996659428,0.022765937502798605,0.009457686882353326,0.0030724525451666373,0.6750000000000007,0.15000000000000036,0.5250000000000004,0.07047867553713141
de9b8cb7b73f4c3185810cbfa709b581,0.2999999999999996,2.3999999999999986,1.1999999999999957,0.0,0.011319634282160632,0.04045218257836389,0.04045218257836389,0.003098201751709162,0.2999999999999996,1.2000000000000028,1.1999999999999957,0.0,0.022131584584981344,0.03982592273287729,0.03982592273287729,0.002787065505981623,0.2999999999999996,0.2999999999999996,0.0,-0.010811950302820712
df0dbb5594c645ccb22a78c8a4fb01c3,0.6048371326684487,2.6832815729997477,2.3999999999999986,0.3000000000000007,0.03929606311748832,0.07376264214778021,0.03423147012778723,0.017126798629761186,0.6798371326684485,2.6832815729997477,2.3999999999999986,0.3000000000000007,0.050038757315056456,0.07692524495242148,0.05369964063033022,0.01627120971679652,0.6048371326684487,0.6798371326684485,-0.07499999999999973,-0.01074269419756814
dfb307a2f651452396d6636774d07bf3,0.0,0.0,0.0,0.0,0.023351812180121216,0.043862254090602355,0.040275598913681404,0.002963876724244141,0.0,0.0,0.0,0.0,0.023351812180121216,0.043862254090602355,0.040275598913681404,0.002963876724244141,0.0,0.0,0.0,0.0
e12fcf96194e4bf9beaf357beb424d02,0.07499999999999973,1.1999999999999957,0.0,0.0,0.014316738827285892,0.029739336275054665,0.006577844556366118,0.003930187225341886,2.0249999999999995,3.6000000000000014,0.0,0.0,0.24842035269150903,0.369668854293415,0.12714917337489645,0.0028759002685547763,0.07499999999999973,2.0249999999999995,-1.9499999999999997,-0.23410361386422313
e28f9cf0b4364265b27bd8be6ce5b0dd,3.2296693311223916,9.67470929795826,9.67470929795826,0.07500000000000018,0.5479588432255217,0.7610315452803097,0.42315318901945387,0.022481918334960493,1.7999999999999996,3.6000000000000014,3.6000000000000014,0.0,0.33760817483767325,0.542544083938363,0.20480088627092471,0.012140178680420277,3.2296693311223916,1.7999999999999996,1.429669331122392,0.21035066838784844
e3ed49fbeb5f4c55a43d511366a00a48,0.6750000000000003,2.3999999999999986,1.2000000000000028,0.0,0.10438509034458066,0.17254256746722463,0.06431711839015766,0.002270078659057262,0.5250000000000004,2.3999999999999986,1.2000000000000028,0.0,0.10377398941233706,0.18099027073367135,0.0751506899052903,0.003473711013793679,0.6750000000000003,0.5250000000000004,0.1499999999999999,0.0006111009322435912
e578bc5505b94ead8126cdc69730e64e,0.375,2.400000000000002,1.1999999999999957,0.0,0.06977059984654779,0.149046005101683,0.020480512431617755,0.005587577819823775,0.30000000000000004,1.2000000000000028,0.0,0.0,0.15255247361307112,0.281766223312115,0.03655898470726206,0.003730916976928622,0.375,0.30000000000000004,0.07499999999999996,-0.08278187376652332
e66e2be809cc463384cdee4c86f66430,0.842705098312484,2.683281572999751,1.2000000000000028,0.07500000000000018,0.2884386900532585,0.3909632604633982,0.18583718939964824,0.017257404327391868,2.136512473537886,4.800000000000004,4.800000000000004,0.22500000000000053,0.4509122299256747,0.6602798206261536,0.3422148082072164,0.03614974021911621,0.842705098312484,2.136512473537886,-1.293807375225402,-0.1624735398724162
e691aa5350704584803ae3b3aebcd6e9,0.3749999999999998,1.2000000000000028,0.0,0.0,0.07350495976834692,0.15557981294578904,0.025415700716974913,0.007963800430297319,0.3749999999999998,1.2000000000000028,0.0,0.0,0.07350495976834692,0.15557981294578904,0.025415700716974913,0.007963800430297319,0.3749999999999998,0.3749999999999998,0.0,0.0
e92a9c1aa6bd4d449ae6a6ab99b4fb3c,0.9177050983124843,4.799999999999997,4.799999999999997,0.07500000000000018,0.12682071191984054,0.19020385106261722,0.07991904792791138,0.014988899230957475,0.6927050983124842,2.6832815729997477,1.1999999999999957,0.07500000000000018,0.12372643566543995,0.21367528941444203,0.046500063306667595,0.014328861236573065,0.9177050983124843,0.6927050983124842,0.2250000000000001,0.003094276254400591
e9917b5c818042fd9de5ba5789024f4c,0.9750000000000003,3.599999999999998,0.0,0.0,0.1475453311675783,0.28156154339761996,0.07919953768933163,0.003202915191651279,1.3499999999999999,3.599999999999998,1.1999999999999957,0.0,0.17637822416235435,0.30835764732610316,0.1341488065280346,0.0031974792480466974,0.9750000000000003,1.3499999999999999,-0.37499999999999956,-0.028832892994776066
ea18c2675c464907a0328f7018e3f09b,1.6770509831248421,10.73312629199899,10.73312629199899,0.7499999999999996,0.08571606993519826,0.1491997820698657,0.09213294399383531,0.04539842605590794,1.9142218076374706,10.73312629199899,10.73312629199899,0.8249999999999997,0.08573240170804633,0.1361868227367268,0.1146303062728008,0.055081987380981356,1.6770509831248421,1.9142218076374706,-0.2371708245126285,-1.6331772848071635e-05
ea623fca2159452e95764488d0198e01,0.5999999999999999,1.2000000000000028,0.0,0.07500000000000018,0.10474627979124668,0.2450245855018897,0.03395515387475772,0.06345105171203524,0.8427050983124837,2.6832815729997463,0.0,0.15000000000000013,0.1396632328867995,0.25711858872574117,0.056464579640809705,0.03884825706481809,0.5999999999999999,0.8427050983124837,-0.24270509831248388,-0.034916953095552816
eacae173a84341ef99ed1e504ee8c5ce,0.07500000000000018,1.2000000000000028,0.0,0.0,0.028127583831782862,0.06621452760668765,0.018900609813629014,0.004470491409301669,0.07500000000000018,1.2000000000000028,0.0,0.0,0.02385929106081991,0.04951041540145938,0.020573972309837124,0.003858947753906161,0.07500000000000018,0.07500000000000018,0.0,0.004268292770962953
eb199c31a7d04065950832a70c52b03d,3.2250000000000005,8.399999999999999,8.399999999999999,0.0,0.6588704318564822,0.9565728668734806,0.39097062198715804,0.026590061187744318,2.475,6.0,3.6000000000000014,0.0,0.5333331095665776,0.7935468929232269,0.3303044390044372,0.02432899475097594,3.2250000000000005,2.475,0.7500000000000004,0.12553732228990455
eb4f3452518141a688b3243baa2f2f5f,2.0493416490252567,3.7947331922020573,2.3999999999999986,0.15000000000000036,0.4972553934552699,0.8775095596089088,0.25623321046612013,0.021964931488036132,2.3342329219213243,4.947726750741194,4.799999999999997,0.07500000000000018,0.547947343971513,0.9256008737931332,0.2995231095543247,0.02362160682678116,2.0493416490252567,2.3342329219213243,-0.2848912728960675,-0.05069195051624309
eb6b65bba724437482ea88a0ddf75fe3,0.75,2.400000000000002,0.0,0.0,0.1415172130335111,0.24706971854959964,0.05799357937726905,0.004915809631347301,1.0500000000000003,2.4000000000000057,1.2000000000000028,0.0,0.19160992975120272,0.3439148685905706,0.0865747537654789,0.007861518859863637,0.75,1.0500000000000003,-0.30000000000000027,-0.05009271671769161
eda4d0b31b36438f8cd882456a27b698,0.22499999999999987,1.2000000000000028,1.1999999999999957,0.0,0.08806532348073517,0.17634015095886751,0.03625063907465543,0.004801225662231179,0.15000000000000013,1.2000000000000028,0.0,0.0,0.09329249636270773,0.20622022212994226,0.02059208105362208,0.006599378585815163,0.22499999999999987,0.15000000000000013,0.07499999999999973,-0.005227172881972553
ee6c72d8922a47efbe27d93d826009a8,0.5249999999999999,2.3999999999999986,0.0,0.0,0.09985120456091481,0.14583570608557772,0.060164615684941324,0.00535368919372603,0.5249999999999999,2.3999999999999986,0.0,0.0,0.09985120456091481,0.14583570608557772,0.060164615684941324,0.00535368919372603,0.5249999999999999,0.5249999999999999,0.0,0.0
eecfebabb58247e1aff3d8771928d4f9,0.4987711154904665,2.683281572999751,0.0,0.15000000000000036,0.06539730090457388,0.10629136385280798,0.0640028391713655,0.028727960586548473,0.4987711154904665,2.683281572999751,0.0,0.15000000000000036,0.06539730090457388,0.10629136385280798,0.0640028391713655,0.028727960586548473,0.4987711154904665,0.4987711154904665,0.0,0.0
f28577f482674846a1c861009c1e17b3,0.07499999999999973,1.1999999999999957,0.0,0.0,0.03865108617372605,0.06479976196868599,0.0564609032725224,0.0038632392883299893,0.07499999999999973,1.1999999999999957,0.0,0.0,0.03865108617372605,0.06479976196868599,0.0564609032725224,0.0038632392883299893,0.07499999999999973,0.07499999999999973,0.0,0.0
f438741fc77c43358f7e61079e7d1e2d,0.5427050983124845,2.6832815729997477,0.0,0.07500000000000018,0.032326300116364344,0.06133687756903397,0.01640729746497111,0.003173160552977894,0.3310660171779829,1.697056274847718,0.0,0.07500000000000018,0.017044600436508364,0.048333844603734626,0.031431928779277724,0.0020114421844481534,0.5427050983124845,0.3310660171779829,0.21163908113450158,0.01528169967985598
f96be3e8469543f88b3b1b71d31d559c,0.21213203435596428,1.697056274847718,0.0,0.1499999999999999,0.039669676337621855,0.07279775850035575,0.04930458210958882,0.01961188316345286,0.5871320343559643,1.697056274847718,0.0,0.1499999999999999,0.054201193932968676,0.11394325626638165,0.07842907685872069,0.01419682502746733,0.21213203435596428,0.5871320343559643,-0.375,-0.014531517595346821
fda3c86c05e34414b89fabb0fd612eab,0.5250000000000004,2.4000000000000057,0.0,0.0,0.07347750449881056,0.18399232174102875,0.056851493473869835,0.006608963012694868,0.5250000000000004,2.4000000000000057,0.0,0.0,0.07347750449881056,0.18399232174102875,0.056851493473869835,0.006608963012694868,0.5250000000000004,0.5250000000000004,0.0,0.0
fddc64f6dee74c7ab09d12c855bbcfcc,0.8298371326684482,3.3941125496954285,3.3941125496954285,0.44999999999999996,0.08790102638682296,0.23186778132780794,0.06261299389598235,0.06526579856872594,0.8169691670244128,3.3941125496954285,3.3941125496954285,0.375,0.061228629231396,0.18826905412679387,0.015900667418447863,0.040717792510986506,0.8298371326684482,0.8169691670244128,0.012867965644035362,0.026672397155426956
