cell,t_cheap,t_full,affected,harm_rate,rho
nuScenes oracle Y8 320->640 q_brake,0.15,0.15,361,0.43213296398891965,0.6068937086584678
nuScenes oracle Y8 320->640 q_brake,0.15,0.25,339,0.39823008849557523,0.5348891704679525
nuScenes oracle Y8 320->640 q_brake,0.15,0.35,310,0.3741935483870968,0.4769037801316676
nuScenes oracle Y8 320->640 q_brake,0.15,0.45,293,0.35494880546075086,0.5251100054990713
nuScenes oracle Y8 320->640 q_brake,0.15,0.55,302,0.36423841059602646,0.6987705635583029
nuScenes oracle Y8 320->640 q_brake,0.25,0.15,330,0.5151515151515151,0.6847973525611796
nuScenes oracle Y8 320->640 q_brake,0.25,0.25,295,0.4847457627118644,0.6021266017262223
nuScenes oracle Y8 320->640 q_brake,0.25,0.35,268,0.4626865671641791,0.5383480113587714
nuScenes oracle Y8 320->640 q_brake,0.25,0.45,245,0.4448979591836735,0.5957906381177468
nuScenes oracle Y8 320->640 q_brake,0.25,0.55,213,0.4507042253521127,0.7632813017918921
nuScenes oracle Y8 320->640 q_brake,0.35,0.15,334,0.5598802395209581,0.524836500874407
nuScenes oracle Y8 320->640 q_brake,0.35,0.25,293,0.5392491467576792,0.4500338848335797
nuScenes oracle Y8 320->640 q_brake,0.35,0.35,262,0.5267175572519084,0.3942515741256888
nuScenes oracle Y8 320->640 q_brake,0.35,0.45,232,0.5086206896551724,0.410260854683659
nuScenes oracle Y8 320->640 q_brake,0.35,0.55,195,0.5282051282051282,0.45015453557514845
nuScenes oracle Y8 320->640 q_brake,0.45,0.15,362,0.5524861878453039,0.4845942329583111
nuScenes oracle Y8 320->640 q_brake,0.45,0.25,316,0.5379746835443038,0.4148152561084483
nuScenes oracle Y8 320->640 q_brake,0.45,0.35,278,0.5287769784172662,0.35794215772680016
nuScenes oracle Y8 320->640 q_brake,0.45,0.45,244,0.5122950819672131,0.34455138707042726
nuScenes oracle Y8 320->640 q_brake,0.45,0.55,195,0.5333333333333333,0.34897119749275934
nuScenes oracle Y8 320->640 q_brake,0.55,0.15,399,0.5288220551378446,0.4142954132923814
nuScenes oracle Y8 320->640 q_brake,0.55,0.25,354,0.5141242937853108,0.3549379260011534
nuScenes oracle Y8 320->640 q_brake,0.55,0.35,318,0.5031446540880503,0.3061890331707727
nuScenes oracle Y8 320->640 q_brake,0.55,0.45,285,0.48771929824561405,0.28928009055369935
nuScenes oracle Y8 320->640 q_brake,0.55,0.55,227,0.5022026431718062,0.26467147106334626
nuScenes oracle Y8 320->640 q_plan,0.15,0.15,1423,0.5101897399859452,0.8297612638836402
nuScenes oracle Y8 320->640 q_plan,0.15,0.25,1338,0.5014947683109118,0.7778342253178891
nuScenes oracle Y8 320->640 q_plan,0.15,0.35,1276,0.5007836990595611,0.7802209220947839
nuScenes oracle Y8 320->640 q_plan,0.15,0.45,1248,0.500801282051282,0.8167374512364873
nuScenes oracle Y8 320->640 q_plan,0.15,0.55,1254,0.48165869218500795,0.8404536092395978
nuScenes oracle Y8 320->640 q_plan,0.25,0.15,1347,0.5270972531551597,0.8845324316959484
nuScenes oracle Y8 320->640 q_plan,0.25,0.25,1226,0.5138662316476346,0.8244363412400275
nuScenes oracle Y8 320->640 q_plan,0.25,0.35,1137,0.5127528583992964,0.8212830124220025
nuScenes oracle Y8 320->640 q_plan,0.25,0.45,1083,0.5161588180978762,0.86102334322647
nuScenes oracle Y8 320->640 q_plan,0.25,0.55,1053,0.49572649572649574,0.883740875725525
nuScenes oracle Y8 320->640 q_plan,0.35,0.15,1364,0.5234604105571847,0.8196649529349038
nuScenes oracle Y8 320->640 q_plan,0.35,0.25,1237,0.5101050929668552,0.7514412688763802
nuScenes oracle Y8 320->640 q_plan,0.35,0.35,1135,0.4951541850220264,0.7302891323808786
nuScenes oracle Y8 320->640 q_plan,0.35,0.45,1046,0.502868068833652,0.7515897728542646
nuScenes oracle Y8 320->640 q_plan,0.35,0.55,981,0.47910295616717635,0.7614277453219792
nuScenes oracle Y8 320->640 q_plan,0.45,0.15,1412,0.5177053824362606,0.7709578058133973
nuScenes oracle Y8 320->640 q_plan,0.45,0.25,1288,0.5100931677018633,0.710704440025934
nuScenes oracle Y8 320->640 q_plan,0.45,0.35,1182,0.5,0.6809200107181824
nuScenes oracle Y8 320->640 q_plan,0.45,0.45,1078,0.5092764378478665,0.6865496666381701
nuScenes oracle Y8 320->640 q_plan,0.45,0.55,992,0.49193548387096775,0.6782672957964903
nuScenes oracle Y8 320->640 q_plan,0.55,0.15,1520,0.5125,0.6857809255618901
nuScenes oracle Y8 320->640 q_plan,0.55,0.25,1408,0.5078125,0.6284992014662288
nuScenes oracle Y8 320->640 q_plan,0.55,0.35,1322,0.5,0.5985240087340613
nuScenes oracle Y8 320->640 q_plan,0.55,0.45,1228,0.505700325732899,0.5916630819201816
nuScenes oracle Y8 320->640 q_plan,0.55,0.55,1124,0.5,0.5685998095219905
nuScenes mono Y8 320->640 q_brake,0.15,0.15,549,0.42805100182149364,0.5280636421197203
nuScenes mono Y8 320->640 q_brake,0.15,0.25,520,0.3903846153846154,0.44947336231419255
nuScenes mono Y8 320->640 q_brake,0.15,0.35,482,0.3506224066390041,0.3825707308746099
nuScenes mono Y8 320->640 q_brake,0.15,0.45,454,0.32599118942731276,0.3614727839235249
nuScenes mono Y8 320->640 q_brake,0.15,0.55,460,0.3173913043478261,0.3812782135799883
nuScenes mono Y8 320->640 q_brake,0.25,0.15,521,0.4932821497120921,0.6257619771926543
nuScenes mono Y8 320->640 q_brake,0.25,0.25,486,0.4547325102880658,0.5354762833963242
nuScenes mono Y8 320->640 q_brake,0.25,0.35,448,0.421875,0.45519784354158327
nuScenes mono Y8 320->640 q_brake,0.25,0.45,419,0.39618138424821003,0.432066138555296
nuScenes mono Y8 320->640 q_brake,0.25,0.55,396,0.37626262626262624,0.42501211804987177
nuScenes mono Y8 320->640 q_brake,0.35,0.15,503,0.5447316103379721,0.6803616249318903
nuScenes mono Y8 320->640 q_brake,0.35,0.25,465,0.5096774193548387,0.5855529507927418
nuScenes mono Y8 320->640 q_brake,0.35,0.35,420,0.4785714285714286,0.5000327344297041
nuScenes mono Y8 320->640 q_brake,0.35,0.45,387,0.45478036175710596,0.46926324289263893
nuScenes mono Y8 320->640 q_brake,0.35,0.55,352,0.4318181818181818,0.44454008605615064
nuScenes mono Y8 320->640 q_brake,0.45,0.15,512,0.583984375,0.7452224868656442
nuScenes mono Y8 320->640 q_brake,0.45,0.25,471,0.5562632696390658,0.6450064210129388
nuScenes mono Y8 320->640 q_brake,0.45,0.35,426,0.5305164319248826,0.5590062282683255
nuScenes mono Y8 320->640 q_brake,0.45,0.45,391,0.5115089514066496,0.5279145226183077
nuScenes mono Y8 320->640 q_brake,0.45,0.55,333,0.4954954954954955,0.495536589629979
nuScenes mono Y8 320->640 q_brake,0.55,0.15,520,0.5923076923076923,0.7381086274964608
nuScenes mono Y8 320->640 q_brake,0.55,0.25,478,0.5648535564853556,0.6421828836585659
nuScenes mono Y8 320->640 q_brake,0.55,0.35,434,0.5391705069124424,0.5621855097475731
nuScenes mono Y8 320->640 q_brake,0.55,0.45,397,0.5239294710327456,0.5315198398575525
nuScenes mono Y8 320->640 q_brake,0.55,0.55,337,0.516320474777448,0.4973870306784676
nuScenes mono Y8 320->640 q_plan,0.15,0.15,1655,0.5178247734138973,0.8383048316205245
nuScenes mono Y8 320->640 q_plan,0.15,0.25,1604,0.513715710723192,0.7636904513287124
nuScenes mono Y8 320->640 q_plan,0.15,0.35,1561,0.5060858424087123,0.7205902121185097
nuScenes mono Y8 320->640 q_plan,0.15,0.45,1537,0.5113858165256994,0.7522360826658697
nuScenes mono Y8 320->640 q_plan,0.15,0.55,1526,0.5144167758846658,0.8656721831541584
nuScenes mono Y8 320->640 q_plan,0.25,0.15,1605,0.518380062305296,0.8132184051701089
nuScenes mono Y8 320->640 q_plan,0.25,0.25,1531,0.5160026126714565,0.7221234271707488
nuScenes mono Y8 320->640 q_plan,0.25,0.35,1477,0.5077860528097495,0.6683386652311136
nuScenes mono Y8 320->640 q_plan,0.25,0.45,1448,0.5117403314917127,0.68749398085307
nuScenes mono Y8 320->640 q_plan,0.25,0.55,1418,0.5070521861777151,0.8082111431175849
nuScenes mono Y8 320->640 q_plan,0.35,0.15,1605,0.5208722741433022,0.8045051056890999
nuScenes mono Y8 320->640 q_plan,0.35,0.25,1519,0.5207373271889401,0.7132509936365642
nuScenes mono Y8 320->640 q_plan,0.35,0.35,1470,0.5102040816326531,0.653265417169365
nuScenes mono Y8 320->640 q_plan,0.35,0.45,1427,0.5178696566222845,0.6628929201467836
nuScenes mono Y8 320->640 q_plan,0.35,0.55,1385,0.5104693140794224,0.7742389008543252
nuScenes mono Y8 320->640 q_plan,0.45,0.15,1618,0.5098887515451175,0.8132819234002358
nuScenes mono Y8 320->640 q_plan,0.45,0.25,1534,0.5078226857887875,0.7310990793159359
nuScenes mono Y8 320->640 q_plan,0.45,0.35,1479,0.49898580121703856,0.6705584669456275
nuScenes mono Y8 320->640 q_plan,0.45,0.45,1436,0.5055710306406686,0.6719405086610893
nuScenes mono Y8 320->640 q_plan,0.45,0.55,1379,0.5003625815808557,0.7767424630176457
nuScenes mono Y8 320->640 q_plan,0.55,0.15,1649,0.5003032140691328,0.7242447244793209
nuScenes mono Y8 320->640 q_plan,0.55,0.25,1570,0.49936305732484076,0.6579694685087727
nuScenes mono Y8 320->640 q_plan,0.55,0.35,1513,0.4910773298083278,0.6101761899946708
nuScenes mono Y8 320->640 q_plan,0.55,0.45,1463,0.48872180451127817,0.6012573343808495
nuScenes mono Y8 320->640 q_plan,0.55,0.55,1396,0.4835243553008596,0.6534187293328986
KITTI mono Y8 320->640 q_traj,0.15,0.15,1380,0.3855072463768116,0.13373425734616892
KITTI mono Y8 320->640 q_traj,0.15,0.25,1317,0.3447228549734245,0.12516000757413648
KITTI mono Y8 320->640 q_traj,0.15,0.35,1292,0.32894736842105265,0.12062161197033724
KITTI mono Y8 320->640 q_traj,0.15,0.45,1269,0.3207249802994484,0.1413010830915932
KITTI mono Y8 320->640 q_traj,0.15,0.55,1262,0.3232963549920761,0.21684742794973402
KITTI mono Y8 320->640 q_traj,0.25,0.15,1424,0.3925561797752809,0.06326383619654576
KITTI mono Y8 320->640 q_traj,0.25,0.25,1355,0.35202952029520296,0.06219486441839134
KITTI mono Y8 320->640 q_traj,0.25,0.35,1325,0.3350943396226415,0.05906136070620276
KITTI mono Y8 320->640 q_traj,0.25,0.45,1301,0.32436587240584164,0.06715359564384979
KITTI mono Y8 320->640 q_traj,0.25,0.55,1283,0.323460639127046,0.09988702388352985
KITTI mono Y8 320->640 q_traj,0.35,0.15,1481,0.3916272788656313,0.032722448722829194
KITTI mono Y8 320->640 q_traj,0.35,0.25,1410,0.350354609929078,0.03205971145518963
KITTI mono Y8 320->640 q_traj,0.35,0.35,1377,0.3333333333333333,0.03141944659837741
KITTI mono Y8 320->640 q_traj,0.35,0.45,1349,0.32320237212750186,0.0363472198980099
KITTI mono Y8 320->640 q_traj,0.35,0.55,1304,0.3159509202453988,0.04924834373075933
KITTI mono Y8 320->640 q_traj,0.45,0.15,1607,0.37336652146857496,0.018151307436304578
KITTI mono Y8 320->640 q_traj,0.45,0.25,1538,0.3342002600780234,0.017685558987125663
KITTI mono Y8 320->640 q_traj,0.45,0.35,1505,0.31827242524916943,0.017211557078086328
KITTI mono Y8 320->640 q_traj,0.45,0.45,1476,0.30826558265582654,0.020611139446301052
KITTI mono Y8 320->640 q_traj,0.45,0.55,1420,0.2992957746478873,0.02816858223240737
KITTI mono Y8 320->640 q_traj,0.55,0.15,1735,0.3636887608069164,0.011268509948291682
KITTI mono Y8 320->640 q_traj,0.55,0.25,1654,0.32769044740024184,0.010839981265010038
KITTI mono Y8 320->640 q_traj,0.55,0.35,1621,0.3133867982726712,0.01046878667489255
KITTI mono Y8 320->640 q_traj,0.55,0.45,1587,0.30245746691871456,0.010524558701070351
KITTI mono Y8 320->640 q_traj,0.55,0.55,1533,0.29354207436399216,0.01515276052126631
KITTI mono Y8 320->640 q_brake,0.15,0.15,3206,0.425764192139738,0.31034307309696013
KITTI mono Y8 320->640 q_brake,0.15,0.25,3020,0.38741721854304634,0.2684401082705113
KITTI mono Y8 320->640 q_brake,0.15,0.35,2883,0.353451266042317,0.2498888838055204
KITTI mono Y8 320->640 q_brake,0.15,0.45,2738,0.3162892622352082,0.22964036502980573
KITTI mono Y8 320->640 q_brake,0.15,0.55,2639,0.2883668056081849,0.24128456408144158
KITTI mono Y8 320->640 q_brake,0.25,0.15,3254,0.44314689612784264,0.22575789275213742
KITTI mono Y8 320->640 q_brake,0.25,0.25,3026,0.4071381361533377,0.19152415505145867
KITTI mono Y8 320->640 q_brake,0.25,0.35,2826,0.372965322009908,0.1633025214899158
KITTI mono Y8 320->640 q_brake,0.25,0.45,2626,0.3313023610053313,0.13843776645098568
KITTI mono Y8 320->640 q_brake,0.25,0.55,2455,0.29979633401221994,0.13244121128317388
KITTI mono Y8 320->640 q_brake,0.35,0.15,3416,0.4426229508196721,0.18138998169098455
KITTI mono Y8 320->640 q_brake,0.35,0.25,3157,0.4082990180551156,0.14924231224087756
KITTI mono Y8 320->640 q_brake,0.35,0.35,2928,0.3753415300546448,0.12499808047595841
KITTI mono Y8 320->640 q_brake,0.35,0.45,2691,0.3366778149386845,0.10330454557581803
KITTI mono Y8 320->640 q_brake,0.35,0.55,2431,0.29987659399424105,0.08803792997363054
KITTI mono Y8 320->640 q_brake,0.45,0.15,3580,0.43491620111731844,0.14866250166483166
KITTI mono Y8 320->640 q_brake,0.45,0.25,3302,0.40218049666868566,0.1206910759875696
KITTI mono Y8 320->640 q_brake,0.45,0.35,3055,0.3708674304418985,0.09941399308717157
KITTI mono Y8 320->640 q_brake,0.45,0.45,2805,0.3333333333333333,0.08118687426785252
KITTI mono Y8 320->640 q_brake,0.45,0.55,2533,0.2953020134228188,0.06554993501239567
KITTI mono Y8 320->640 q_brake,0.55,0.15,3722,0.42584631918323484,0.12686300071660803
KITTI mono Y8 320->640 q_brake,0.55,0.25,3434,0.39429237041351195,0.1019531511621078
KITTI mono Y8 320->640 q_brake,0.55,0.35,3177,0.36480956877557447,0.08329457035991968
KITTI mono Y8 320->640 q_brake,0.55,0.45,2911,0.327722432153899,0.06645552332206568
KITTI mono Y8 320->640 q_brake,0.55,0.55,2622,0.2909992372234935,0.05131138091554054
KITTI mono Y8 384->640 q_traj,0.15,0.15,1026,0.4161793372319688,0.28080324357876885
KITTI mono Y8 384->640 q_traj,0.15,0.25,989,0.3660262891809909,0.26786428975677934
KITTI mono Y8 384->640 q_traj,0.15,0.35,972,0.3477366255144033,0.26436316015920247
KITTI mono Y8 384->640 q_traj,0.15,0.45,953,0.33263378803777544,0.36656544688247544
KITTI mono Y8 384->640 q_traj,0.15,0.55,977,0.34083930399181167,0.59983685997854
KITTI mono Y8 384->640 q_traj,0.25,0.15,989,0.5075834175935288,0.2210174185418641
KITTI mono Y8 384->640 q_traj,0.25,0.25,920,0.4543478260869565,0.21065344354519142
KITTI mono Y8 384->640 q_traj,0.25,0.35,896,0.4341517857142857,0.20810502180786525
KITTI mono Y8 384->640 q_traj,0.25,0.45,865,0.41965317919075146,0.2744980953973421
KITTI mono Y8 384->640 q_traj,0.25,0.55,862,0.419953596287703,0.424571328279025
KITTI mono Y8 384->640 q_traj,0.35,0.15,1022,0.5225048923679061,0.13340697949155456
KITTI mono Y8 384->640 q_traj,0.35,0.25,937,0.4727854855923159,0.12615393912433878
KITTI mono Y8 384->640 q_traj,0.35,0.35,908,0.45154185022026433,0.12473561869677847
KITTI mono Y8 384->640 q_traj,0.35,0.45,873,0.43986254295532645,0.16573609161018732
KITTI mono Y8 384->640 q_traj,0.35,0.55,866,0.4341801385681293,0.2448808455633461
KITTI mono Y8 384->640 q_traj,0.45,0.15,1104,0.49818840579710144,0.05549481678804052
KITTI mono Y8 384->640 q_traj,0.45,0.25,1014,0.44871794871794873,0.05095224016836005
KITTI mono Y8 384->640 q_traj,0.45,0.35,987,0.42958459979736574,0.050309224843642766
KITTI mono Y8 384->640 q_traj,0.45,0.45,948,0.41455696202531644,0.06366849834566021
KITTI mono Y8 384->640 q_traj,0.45,0.55,911,0.4061470911086718,0.10132028347717263
KITTI mono Y8 384->640 q_traj,0.55,0.15,1307,0.43305279265493496,0.021640412127146715
KITTI mono Y8 384->640 q_traj,0.55,0.25,1216,0.3873355263157895,0.01881675335324773
KITTI mono Y8 384->640 q_traj,0.55,0.35,1188,0.36952861952861954,0.018485368111767698
KITTI mono Y8 384->640 q_traj,0.55,0.45,1150,0.3565217391304348,0.022999353060453056
KITTI mono Y8 384->640 q_traj,0.55,0.55,1107,0.3486901535682023,0.038125423810047375
KITTI mono Y8 384->640 q_brake,0.15,0.15,2891,0.4510549982704946,0.7790762304180485
KITTI mono Y8 384->640 q_brake,0.15,0.25,2742,0.40919037199124725,0.7080819515906093
KITTI mono Y8 384->640 q_brake,0.15,0.35,2611,0.38146304098046724,0.683038509609659
KITTI mono Y8 384->640 q_brake,0.15,0.45,2529,0.343218663503361,0.6726426788286877
KITTI mono Y8 384->640 q_brake,0.15,0.55,2519,0.31599841206828105,0.7594918990201133
KITTI mono Y8 384->640 q_brake,0.25,0.15,2869,0.48727779714186126,0.6257677319545568
KITTI mono Y8 384->640 q_brake,0.25,0.25,2646,0.4459561602418745,0.5512850317471811
KITTI mono Y8 384->640 q_brake,0.25,0.35,2469,0.41919805589307413,0.5130808522751205
KITTI mono Y8 384->640 q_brake,0.25,0.45,2303,0.37646547980894485,0.4806855010040285
KITTI mono Y8 384->640 q_brake,0.25,0.55,2182,0.34326306141154905,0.524168767784804
KITTI mono Y8 384->640 q_brake,0.35,0.15,2917,0.5022283167637984,0.4851599192765735
KITTI mono Y8 384->640 q_brake,0.35,0.25,2653,0.46324915190350546,0.41364706355605574
KITTI mono Y8 384->640 q_brake,0.35,0.35,2453,0.43334692213615983,0.3705937082243537
KITTI mono Y8 384->640 q_brake,0.35,0.45,2237,0.3915958873491283,0.329013607543053
KITTI mono Y8 384->640 q_brake,0.35,0.55,2058,0.35714285714285715,0.33550947572540185
KITTI mono Y8 384->640 q_brake,0.45,0.15,3043,0.49490634242523823,0.34354125756692894
KITTI mono Y8 384->640 q_brake,0.45,0.25,2767,0.45789663895916155,0.28638702708000174
KITTI mono Y8 384->640 q_brake,0.45,0.35,2543,0.42784113252064493,0.2464479987290324
KITTI mono Y8 384->640 q_brake,0.45,0.45,2296,0.3871951219512195,0.20803590379839268
KITTI mono Y8 384->640 q_brake,0.45,0.55,2059,0.348712967459932,0.19109048490044006
KITTI mono Y8 384->640 q_brake,0.55,0.15,3246,0.4808995686999384,0.2332952972335812
KITTI mono Y8 384->640 q_brake,0.55,0.25,2971,0.44665095927297205,0.1910554716856672
KITTI mono Y8 384->640 q_brake,0.55,0.35,2723,0.41792141020932794,0.15916520045019092
KITTI mono Y8 384->640 q_brake,0.55,0.45,2465,0.3793103448275862,0.12909554672071302
KITTI mono Y8 384->640 q_brake,0.55,0.55,2189,0.3430790315212426,0.10567425204857107
KITTI mono Y8 512->640 q_traj,0.15,0.15,722,0.4404432132963989,0.6893083107380378
KITTI mono Y8 512->640 q_traj,0.15,0.25,665,0.362406015037594,0.6273927239003565
KITTI mono Y8 512->640 q_traj,0.15,0.35,656,0.3384146341463415,0.5966032415743314
KITTI mono Y8 512->640 q_traj,0.15,0.45,676,0.33579881656804733,1.086818697499655
KITTI mono Y8 512->640 q_traj,0.15,0.55,715,0.34685314685314683,1.7597699904475081
KITTI mono Y8 512->640 q_traj,0.25,0.15,708,0.4901129943502825,0.4875465172838754
KITTI mono Y8 512->640 q_traj,0.25,0.25,624,0.40705128205128205,0.43522822619035645
KITTI mono Y8 512->640 q_traj,0.25,0.35,601,0.3777038269550749,0.4081529714045409
KITTI mono Y8 512->640 q_traj,0.25,0.45,620,0.3709677419354839,0.8197239698855595
KITTI mono Y8 512->640 q_traj,0.25,0.55,652,0.37883435582822084,1.385543052383167
KITTI mono Y8 512->640 q_traj,0.35,0.15,739,0.5209742895805142,0.24892908279890347
KITTI mono Y8 512->640 q_traj,0.35,0.25,648,0.44290123456790126,0.2181406278197798
KITTI mono Y8 512->640 q_traj,0.35,0.35,624,0.4166666666666667,0.2017598215848522
KITTI mono Y8 512->640 q_traj,0.35,0.45,609,0.4006568144499179,0.41934763825467614
KITTI mono Y8 512->640 q_traj,0.35,0.55,617,0.3987034035656402,0.7377767846624435
KITTI mono Y8 512->640 q_traj,0.45,0.15,798,0.5225563909774437,0.13073094706006053
KITTI mono Y8 512->640 q_traj,0.45,0.25,702,0.44871794871794873,0.11899925708504804
KITTI mono Y8 512->640 q_traj,0.45,0.35,672,0.4211309523809524,0.11571898334482594
KITTI mono Y8 512->640 q_traj,0.45,0.45,651,0.4055299539170507,0.238772633194004
KITTI mono Y8 512->640 q_traj,0.45,0.55,636,0.3977987421383648,0.3809970289842253
KITTI mono Y8 512->640 q_traj,0.55,0.15,949,0.512118018967334,0.07405585205307381
KITTI mono Y8 512->640 q_traj,0.55,0.25,857,0.4539089848308051,0.06795650928198761
KITTI mono Y8 512->640 q_traj,0.55,0.35,826,0.43099273607748184,0.06636560111695472
KITTI mono Y8 512->640 q_traj,0.55,0.45,804,0.4191542288557214,0.12758594328754327
KITTI mono Y8 512->640 q_traj,0.55,0.55,760,0.40921052631578947,0.1647213719229801
KITTI mono Y8 512->640 q_brake,0.15,0.15,2536,0.4582018927444795,0.7063332048319844
KITTI mono Y8 512->640 q_brake,0.15,0.25,2431,0.41423282599753186,0.6251812882633959
KITTI mono Y8 512->640 q_brake,0.15,0.35,2409,0.37941054379410544,0.6058420445348283
KITTI mono Y8 512->640 q_brake,0.15,0.45,2428,0.34925864909390447,0.6121147909274691
KITTI mono Y8 512->640 q_brake,0.15,0.55,2505,0.3337325349301397,0.7326633921962268
KITTI mono Y8 512->640 q_brake,0.25,0.15,2516,0.5003974562798092,0.7773764353678849
KITTI mono Y8 512->640 q_brake,0.25,0.25,2325,0.4572043010752688,0.6794995286298516
KITTI mono Y8 512->640 q_brake,0.25,0.35,2217,0.41632837167343256,0.6380846135995311
KITTI mono Y8 512->640 q_brake,0.25,0.45,2129,0.37623297322686705,0.615328792583955
KITTI mono Y8 512->640 q_brake,0.25,0.55,2170,0.35207373271889403,0.7475357208326875
KITTI mono Y8 512->640 q_brake,0.35,0.15,2580,0.5244186046511627,0.7187286964947056
KITTI mono Y8 512->640 q_brake,0.35,0.25,2365,0.48456659619450315,0.6224137390775896
KITTI mono Y8 512->640 q_brake,0.35,0.35,2184,0.44871794871794873,0.568140861630644
KITTI mono Y8 512->640 q_brake,0.35,0.45,1989,0.4042232277526395,0.5204950154056479
KITTI mono Y8 512->640 q_brake,0.35,0.55,1921,0.36907860489328476,0.6077382182358753
KITTI mono Y8 512->640 q_brake,0.45,0.15,2670,0.5543071161048689,0.5963011712949189
KITTI mono Y8 512->640 q_brake,0.45,0.25,2402,0.5187343880099917,0.5074310001317942
KITTI mono Y8 512->640 q_brake,0.45,0.35,2178,0.48806244260789716,0.4426493506741372
KITTI mono Y8 512->640 q_brake,0.45,0.45,1947,0.445814072932717,0.38223099856594495
KITTI mono Y8 512->640 q_brake,0.45,0.55,1742,0.4052812858783008,0.4058025408991064
KITTI mono Y8 512->640 q_brake,0.55,0.15,2847,0.5468914646996839,0.41826090410386846
KITTI mono Y8 512->640 q_brake,0.55,0.25,2568,0.5151869158878505,0.3501339233362521
KITTI mono Y8 512->640 q_brake,0.55,0.35,2320,0.4875,0.2976411312157579
KITTI mono Y8 512->640 q_brake,0.55,0.45,2047,0.44797264289203714,0.24345994774352384
KITTI mono Y8 512->640 q_brake,0.55,0.55,1760,0.4068181818181818,0.2182449769220398
KITTI mono RT-DETR 480->640 q_traj,0.15,0.15,967,0.35263702171664946,0.43147295448704265
KITTI mono RT-DETR 480->640 q_traj,0.15,0.25,956,0.3023012552301255,0.843600556904073
KITTI mono RT-DETR 480->640 q_traj,0.15,0.35,1004,0.27091633466135456,0.911150590340103
KITTI mono RT-DETR 480->640 q_traj,0.15,0.45,1027,0.24050632911392406,0.9202536869456128
KITTI mono RT-DETR 480->640 q_traj,0.15,0.55,1053,0.22981956315289648,0.9152595535123447
KITTI mono RT-DETR 480->640 q_traj,0.25,0.15,787,0.4764930114358323,0.298413336351602
KITTI mono RT-DETR 480->640 q_traj,0.25,0.25,730,0.4136986301369863,0.5480288170458063
KITTI mono RT-DETR 480->640 q_traj,0.25,0.35,762,0.3648293963254593,0.6172510016583672
KITTI mono RT-DETR 480->640 q_traj,0.25,0.45,775,0.32,0.6313194018270872
KITTI mono RT-DETR 480->640 q_traj,0.25,0.55,795,0.2993710691823899,0.6266390306135006
KITTI mono RT-DETR 480->640 q_traj,0.35,0.15,802,0.5660847880299252,0.2703502058541223
KITTI mono RT-DETR 480->640 q_traj,0.35,0.25,710,0.5070422535211268,0.5070880380681845
KITTI mono RT-DETR 480->640 q_traj,0.35,0.35,704,0.4431818181818182,0.5758621316547002
KITTI mono RT-DETR 480->640 q_traj,0.35,0.45,681,0.38472834067547723,0.5890636747972116
KITTI mono RT-DETR 480->640 q_traj,0.35,0.55,695,0.35827338129496406,0.5843366379941447
KITTI mono RT-DETR 480->640 q_traj,0.45,0.15,813,0.6027060270602707,0.21583579756505716
KITTI mono RT-DETR 480->640 q_traj,0.45,0.25,711,0.5555555555555556,0.38955342567982143
KITTI mono RT-DETR 480->640 q_traj,0.45,0.35,679,0.49189985272459497,0.44452783712906085
KITTI mono RT-DETR 480->640 q_traj,0.45,0.45,642,0.43302180685358255,0.4562689257815732
KITTI mono RT-DETR 480->640 q_traj,0.45,0.55,643,0.39968895800933124,0.45199581576956704
KITTI mono RT-DETR 480->640 q_traj,0.55,0.15,856,0.6355140186915887,0.19552617282535867
KITTI mono RT-DETR 480->640 q_traj,0.55,0.25,750,0.5986666666666667,0.3396662580706972
KITTI mono RT-DETR 480->640 q_traj,0.55,0.35,683,0.5387994143484627,0.3857087948897931
KITTI mono RT-DETR 480->640 q_traj,0.55,0.45,642,0.48130841121495327,0.39637737943796686
KITTI mono RT-DETR 480->640 q_traj,0.55,0.55,628,0.44904458598726116,0.3920948770209797
KITTI mono RT-DETR 480->640 q_brake,0.15,0.15,3267,0.4276094276094276,0.6930336284096942
KITTI mono RT-DETR 480->640 q_brake,0.15,0.25,3672,0.3292483660130719,0.44748022472442334
KITTI mono RT-DETR 480->640 q_brake,0.15,0.35,4017,0.2790639780931043,0.4150850735807746
KITTI mono RT-DETR 480->640 q_brake,0.15,0.45,4163,0.24693730482824885,0.41360030070644116
KITTI mono RT-DETR 480->640 q_brake,0.15,0.55,4256,0.23026315789473684,0.42059411872000657
KITTI mono RT-DETR 480->640 q_brake,0.25,0.15,3374,0.5696502667457024,1.436732221725957
KITTI mono RT-DETR 480->640 q_brake,0.25,0.25,3091,0.44548689744419284,0.8048020416752143
KITTI mono RT-DETR 480->640 q_brake,0.25,0.35,3168,0.36174242424242425,0.6442316293846786
KITTI mono RT-DETR 480->640 q_brake,0.25,0.45,3237,0.3086190917516219,0.5924754961675863
KITTI mono RT-DETR 480->640 q_brake,0.25,0.55,3290,0.2826747720364742,0.5772679976848767
KITTI mono RT-DETR 480->640 q_brake,0.35,0.15,3634,0.6463951568519538,1.9341012331694492
KITTI mono RT-DETR 480->640 q_brake,0.35,0.25,3042,0.5473372781065089,1.229411767438198
KITTI mono RT-DETR 480->640 q_brake,0.35,0.35,2809,0.4574581701673193,0.9568398286144135
KITTI mono RT-DETR 480->640 q_brake,0.35,0.45,2681,0.3886609474076837,0.8250991163099286
KITTI mono RT-DETR 480->640 q_brake,0.35,0.55,2639,0.34785903751420993,0.7696573128603249
KITTI mono RT-DETR 480->640 q_brake,0.45,0.15,3778,0.6908417151932239,1.9793806585445513
KITTI mono RT-DETR 480->640 q_brake,0.45,0.25,3098,0.6123305358295674,1.3791302157287832
KITTI mono RT-DETR 480->640 q_brake,0.45,0.35,2684,0.529806259314456,1.1259937404422458
KITTI mono RT-DETR 480->640 q_brake,0.45,0.45,2416,0.4598509933774834,0.9716720058327629
KITTI mono RT-DETR 480->640 q_brake,0.45,0.55,2283,0.4117389399912396,0.8917223999198968
KITTI mono RT-DETR 480->640 q_brake,0.55,0.15,3902,0.7019477191184008,1.7459791760710734
KITTI mono RT-DETR 480->640 q_brake,0.55,0.25,3182,0.6360779384035198,1.251601686047632
KITTI mono RT-DETR 480->640 q_brake,0.55,0.35,2674,0.5665669409124906,1.0271535412817328
KITTI mono RT-DETR 480->640 q_brake,0.55,0.45,2369,0.5002110595187843,0.8771885790851712
KITTI mono RT-DETR 480->640 q_brake,0.55,0.55,2179,0.45112436897659475,0.7922372390066529
KITTI oracle Y8 320->640 q_traj,0.15,0.15,731,0.17236662106703146,0.017067566035738824
KITTI oracle Y8 320->640 q_traj,0.15,0.25,685,0.10364963503649635,0.007692735926315849
KITTI oracle Y8 320->640 q_traj,0.15,0.35,675,0.0874074074074074,0.002890421360449381
KITTI oracle Y8 320->640 q_traj,0.15,0.45,676,0.09911242603550297,0.024568600847690986
KITTI oracle Y8 320->640 q_traj,0.15,0.55,709,0.15655853314527504,0.17547778462267805
KITTI oracle Y8 320->640 q_traj,0.25,0.15,829,0.15440289505428226,0.005937599839110494
KITTI oracle Y8 320->640 q_traj,0.25,0.25,779,0.09499358151476252,0.004000053212079966
KITTI oracle Y8 320->640 q_traj,0.25,0.35,762,0.07874015748031496,0.001271795517763862
KITTI oracle Y8 320->640 q_traj,0.25,0.45,757,0.08190224570673713,0.0070148689662921735
KITTI oracle Y8 320->640 q_traj,0.25,0.55,756,0.11772486772486772,0.057367203112720914
KITTI oracle Y8 320->640 q_traj,0.35,0.15,980,0.14387755102040817,0.0022738734025130624
KITTI oracle Y8 320->640 q_traj,0.35,0.25,924,0.08982683982683982,0.0009327163627345703
KITTI oracle Y8 320->640 q_traj,0.35,0.35,899,0.07119021134593993,0.0006866390498263256
KITTI oracle Y8 320->640 q_traj,0.35,0.45,893,0.07502799552071669,0.004447344271783822
KITTI oracle Y8 320->640 q_traj,0.35,0.55,875,0.09371428571428571,0.024086820432314544
KITTI oracle Y8 320->640 q_traj,0.45,0.15,1188,0.12542087542087543,0.0016696819156741933
KITTI oracle Y8 320->640 q_traj,0.45,0.25,1135,0.0828193832599119,0.0007401559348974288
KITTI oracle Y8 320->640 q_traj,0.45,0.35,1109,0.06672678088367899,0.0005616200855754692
KITTI oracle Y8 320->640 q_traj,0.45,0.45,1103,0.06890299184043518,0.0032555156270624905
KITTI oracle Y8 320->640 q_traj,0.45,0.55,1073,0.08108108108108109,0.011483306458410017
KITTI oracle Y8 320->640 q_traj,0.55,0.15,1413,0.11818825194621373,0.001408687407967663
KITTI oracle Y8 320->640 q_traj,0.55,0.25,1351,0.07994078460399703,0.0006571847901468002
KITTI oracle Y8 320->640 q_traj,0.55,0.35,1327,0.06631499623210249,0.0005196831194544061
KITTI oracle Y8 320->640 q_traj,0.55,0.45,1314,0.0654490106544901,0.0005090659263379433
KITTI oracle Y8 320->640 q_traj,0.55,0.55,1280,0.075,0.004522073915727692
KITTI oracle Y8 320->640 q_brake,0.15,0.15,2129,0.39173320807891027,0.1843583817983832
KITTI oracle Y8 320->640 q_brake,0.15,0.25,1860,0.3225806451612903,0.13148547859103993
KITTI oracle Y8 320->640 q_brake,0.15,0.35,1651,0.257419745608722,0.1031093063410017
KITTI oracle Y8 320->640 q_brake,0.15,0.45,1505,0.21262458471760798,0.09389536218040932
KITTI oracle Y8 320->640 q_brake,0.15,0.55,1418,0.19322990126939352,0.12052643202153723
KITTI oracle Y8 320->640 q_brake,0.25,0.15,2157,0.40797403801576265,0.13150720787781217
KITTI oracle Y8 320->640 q_brake,0.25,0.25,1846,0.3412784398699892,0.09109588298414505
KITTI oracle Y8 320->640 q_brake,0.25,0.35,1598,0.27284105131414266,0.06474420027174571
KITTI oracle Y8 320->640 q_brake,0.25,0.45,1412,0.22025495750708216,0.05003790683713989
KITTI oracle Y8 320->640 q_brake,0.25,0.55,1262,0.1901743264659271,0.052938594589241376
KITTI oracle Y8 320->640 q_brake,0.35,0.15,2370,0.3886075949367089,0.10374831162212227
KITTI oracle Y8 320->640 q_brake,0.35,0.25,2034,0.32448377581120946,0.07086048095864986
KITTI oracle Y8 320->640 q_brake,0.35,0.35,1764,0.2602040816326531,0.04945793117526017
KITTI oracle Y8 320->640 q_brake,0.35,0.45,1544,0.20595854922279794,0.03628536327621042
KITTI oracle Y8 320->640 q_brake,0.35,0.55,1355,0.16752767527675277,0.02892385532535949
KITTI oracle Y8 320->640 q_brake,0.45,0.15,2589,0.35843955195056004,0.08349987519538006
KITTI oracle Y8 320->640 q_brake,0.45,0.25,2241,0.2962962962962963,0.05630242381988999
KITTI oracle Y8 320->640 q_brake,0.45,0.35,1965,0.23511450381679388,0.03884813863001847
KITTI oracle Y8 320->640 q_brake,0.45,0.45,1745,0.1839541547277937,0.02820089732676165
KITTI oracle Y8 320->640 q_brake,0.45,0.55,1547,0.14544279250161604,0.019153391485062225
KITTI oracle Y8 320->640 q_brake,0.55,0.15,2861,0.32191541419084235,0.06828600469501557
KITTI oracle Y8 320->640 q_brake,0.55,0.25,2524,0.26188589540412044,0.04587455909051315
KITTI oracle Y8 320->640 q_brake,0.55,0.35,2255,0.2057649667405765,0.031133996632110972
KITTI oracle Y8 320->640 q_brake,0.55,0.45,2028,0.15877712031558186,0.02113226094332841
KITTI oracle Y8 320->640 q_brake,0.55,0.55,1825,0.12273972602739726,0.012539436263325689
