archive,url,source,size,size_basis,login_required,range_supported,logs_covered,benchmark_logs,test_logs,needed_images,needed_bytes,needed_images_windows,needed_bytes_windows,test_needed_images_windows,test_needed_bytes_windows,test_needed_images,test_needed_bytes,central_directory_bytes,central_directory_basis,bytes_basis,logs_to_archive_basis
nuplan_mini_sensor.txt,https://d1qinkmu0ju04f.cloudfront.net/public/nuplan-v1.1/sensor_blobs/mini_set/nuplan_mini_sensor.txt,"official download page (logged in), 'Mini Sensors Metadata' link, copied by the user 2026-09-14",2622,HEAD Content-Length,False,True,64,0,0,0,0,0,0,0,0,0,0,0,not a zip,"log-to-file-group index, fetched in full",lists all 64 mini logs by file group
nuplan-v1.1_mini_camera_0.zip,https://motional-nuplan.s3.amazonaws.com/public/nuplan-v1.1/sensor_blobs/mini_set/nuplan-v1.1_mini_camera_0.zip,"official download page (logged in), 'Camera 0' link, copied by the user 2026-09-14",52219710368,HEAD Content-Length,False,True,7,7,3,30290,6392674670,2308,483588388,769,166735985,11060,2284846978,41944810,read,exact from central directory,verified from central directory
Camera 1 (file name not confirmed),unknown (link not provided),official download page as transcribed by the user (name and size only),54202487275,displayed GiB on the download page,unknown,unknown,7,3,0,13070,2758410628,1539,324804434,0,0,0,0,43537450,estimated from Camera 0 by size,estimated at measured CAM_F0 mean 211049 B,metadata file group; group-to-camera naming verified only for 0
Camera 2 (file name not confirmed),unknown (link not provided),official download page as transcribed by the user (name and size only),49961207070,displayed GiB on the download page,unknown,unknown,7,4,2,16870,3560396886,1758,371024168,660,139292350,9180,1937429959,40130696,estimated from Camera 0 by size,estimated at measured CAM_F0 mean 211049 B,metadata file group; group-to-camera naming verified only for 0
Camera 3 (file name not confirmed),unknown (link not provided),official download page as transcribed by the user (name and size only),49939732234,displayed GiB on the download page,unknown,unknown,7,1,1,4600,970825469,220,46430783,220,46430783,4600,970825469,40113446,estimated from Camera 0 by size,estimated at measured CAM_F0 mean 211049 B,metadata file group; group-to-camera naming verified only for 0
Camera 4 (file name not confirmed),unknown (link not provided),official download page as transcribed by the user (name and size only),49155900702,displayed GiB on the download page,unknown,unknown,7,3,0,11870,2505151810,880,185723133,0,0,0,0,39483844,estimated from Camera 0 by size,estimated at measured CAM_F0 mean 211049 B,metadata file group; group-to-camera naming verified only for 0
Camera 5 (file name not confirmed),unknown (link not provided),official download page as transcribed by the user (name and size only),50787988275,displayed GiB on the download page,unknown,unknown,6,4,0,20009,4222879744,1100,232153916,0,0,0,0,40794797,estimated from Camera 0 by size,estimated at measured CAM_F0 mean 211049 B,metadata file group; group-to-camera naming verified only for 0
Camera 6 (file name not confirmed),unknown (link not provided),official download page as transcribed by the user (name and size only),49896782561,displayed GiB on the download page,unknown,unknown,7,4,3,15910,3357789831,1891,399093687,1671,352662904,12160,2566356024,40078948,estimated from Camera 0 by size,estimated at measured CAM_F0 mean 211049 B,metadata file group; group-to-camera naming verified only for 0
Camera 7 (file name not confirmed),unknown (link not provided),official download page as transcribed by the user (name and size only),49338436812,displayed GiB on the download page,unknown,unknown,7,5,0,22170,4678956666,2346,495120989,0,0,0,0,39630464,estimated from Camera 0 by size,estimated at measured CAM_F0 mean 211049 B,metadata file group; group-to-camera naming verified only for 0
Camera 8 (file name not confirmed),unknown (link not provided),official download page as transcribed by the user (name and size only),45161581117,displayed GiB on the download page,unknown,unknown,9,3,0,10150,2142147504,879,185512084,0,0,0,0,36275458,estimated from Camera 0 by size,estimated at measured CAM_F0 mean 211049 B,metadata file group; group-to-camera naming verified only for 0
