sample_token,tip_cheap,tip_full,G_TIP
001899e5cdf548fba1e27741e0d172a5,-0.0131675461307168,-0.0131675461307168,0.0
00972ce25a2142b2867ccf11fb8bffeb,-0.06351963430643082,-0.061421290040016174,0.0020983442664146423
020154f4d8cd4e8582c4a02f10d70d7a,-0.030189083889126778,-0.030189083889126778,0.0
027520592f994e3887e4f8b4ba4fc099,-0.010093236342072487,-0.004292692523449659,0.0058005438186228275
029a6b83ae1a42cbbf775fd77415745f,-4.147295840084553e-10,-4.147295840084553e-10,0.0
02b68afcd7504587a003bffe899e4986,-0.0022983846720308065,-0.00388401304371655,-0.0015856283716857433
02c072c88359462ba2d87a8a673be1ad,-0.12963011860847473,-0.12978093326091766,-0.00015081465244293213
038e74a5fb5f467cb0ff08036b938dae,-0.004585872869938612,-0.004585872869938612,0.0
03b1880912dc4590b00679eb1d363841,-0.011027411557734013,-0.011027411557734013,0.0
03f54952344b4fd29253e26557b6d56f,-1.1132215149700642e-09,-1.1132215149700642e-09,0.0
053ccfde42e04975969c107a59b4c305,-0.018243813887238503,-0.01848522387444973,-0.00024140998721122742
05a38d819af84ccd8a76291422820369,-0.04399055242538452,-0.04399055242538452,0.0
05fee16065df4a869ed5e1ace1ff0fd5,-0.16620086133480072,-0.16620086133480072,0.0
063e9501cfd046d5a4902dad5b17f8f5,-0.009674658998847008,-0.009674658998847008,0.0
0659d7e9140d4c8790ef46003e30f514,-0.0037451894022524357,-0.0037451894022524357,0.0
07030fd431244721b416f1ad898ffeb3,-0.0045129163190722466,-0.004438864067196846,7.405225187540054e-05
076fcc0d55aa452f949f4d92e074d50d,-0.050047095865011215,-0.050047095865011215,0.0
07a6e4ffcd6f4d4caad66fb043435c4f,-0.01971198059618473,-0.01971198059618473,0.0
07ac4f2a277e4d68823954e788e4be8c,-0.09013058990240097,-0.10700657963752747,-0.016875989735126495
07eba9ddc28840d489afd0c222b0f056,-0.023542968556284904,-0.023542968556284904,0.0
08078980e5564ecd80cdab0d0c71f2ac,-0.00390489399433136,-0.006125987507402897,-0.002221093513071537
08642b2f02cf46adab1598b0ef664549,-0.023593105375766754,-0.023593105375766754,0.0
087066c62df340bba2e4a12936375a4e,-1.0186340659856796e-10,-1.0186340659856796e-10,0.0
08d37299402f4598b2ff735a48743cd3,-0.007008851505815983,-0.007008851505815983,0.0
08d9dfe15f544635b3cc72c742cd85ad,-0.0063693285919725895,-0.0063693285919725895,0.0
09b70515d2e9431ab772ee60b3029d0a,-0.008451749570667744,-0.008451749570667744,0.0
09f3a3ce512a442db7dd47f9ed39e64f,-0.00678684376180172,-0.00678684376180172,0.0
0b1755bf21ba4417b5a5c63cf620d36e,-0.0038512172177433968,-0.0038512172177433968,0.0
0b3a5293539a4cd5933ef42edc7200d2,-1.382431946694851e-09,-1.382431946694851e-09,0.0
0b505a6c6c9c4e09ae50716f9581ed29,-0.04122750088572502,-0.07792047411203384,-0.03669297322630882
0bc8de2e16054030862df31f52fd1f00,-0.008506863377988338,-0.00306127080693841,0.005445592571049929
0bc8f639dc95404ebd8195e45f72adf9,1.5279510989785194e-10,1.5279510989785194e-10,0.0
0c45e7984f2f453fa8650c20bf9a3fa6,-0.0256655253469944,-0.027323435992002487,-0.0016579106450080872
0ca68b053a8b4a2c8d3e0393262ee49d,-0.046387817710638046,-0.046387817710638046,0.0
0cd37221c4724bfc8e1c369278c49d03,-4.147295840084553e-10,-4.147295840084553e-10,0.0
0d4ff8b9b8da4d75b84e61a6392743ed,-0.001137809595093131,-0.001137809595093131,0.0
0da044f464b44e5d8c782a13903d6e50,-0.03641006723046303,-0.03641006723046303,0.0
0df15d68b83a49e9aa4a7474a823c61f,-0.002022138563916087,-0.002022138563916087,0.0
0e4aea0d177c480a9ae050a01368ebde,-0.026513904333114624,-0.026513904333114624,0.0
0e8c8fdb2076484dbeae81024c49cc08,-0.024667121469974518,-0.024597888812422752,6.923265755176544e-05
0f34a8e8f3a04b4f9928d12fd57a5f2d,-0.002337201964110136,-0.006826882250607014,-0.004489680286496878
0f39f34febc84a6689f08599105d1421,-0.007914982736110687,-0.007914982736110687,0.0
0f8910c8005d43029efa7de74e59ab44,-0.016833337023854256,-0.016833337023854256,0.0
0f96fbf018914f72874dd2ee2c91e8fb,-0.02421991527080536,-0.02421991527080536,0.0
0fac00de343d4c5d85109bb7b4dd4bae,-0.0062531060539186,-0.011375926434993744,-0.005122820381075144
0fbd36207be943fa874684ffb22bf256,-0.0634581670165062,-0.07218590378761292,-0.00872773677110672
104e1393ff1d4d7d8d56603527a77080,-0.07017036527395248,-0.07017036527395248,0.0
10ec5f51c91d43d98b7bfc1f3c65183f,-0.0012448830530047417,-0.007729394361376762,-0.006484511308372021
11c869e882034b69b67b121c9deabd9e,-0.017354212701320648,-0.017354212701320648,0.0
124b2bf95a634996811d0043c9fb7b89,1.0477378964424133e-09,1.0477378964424133e-09,0.0
1259716cd6dd4e9c8506624cbb91b9f6,-0.03406253829598427,-0.10350221395492554,-0.06943967565894127
125a63c9e5b14ebfb5839143c88e3a44,-0.08458767831325531,-0.08663740754127502,-0.0020497292280197144
12bff9ace37e47bea1dd609ca4b9a672,-0.012053580954670906,-0.012053580954670906,0.0
1315ebfd98fd43f4894a95eea2a41761,-9.022187441587448e-10,-9.022187441587448e-10,0.0
139bce92199440ea8929d1a1bd10dbda,-0.0077998097985982895,-0.0077998097985982895,0.0
13a40491dcbf420c9fd9b9ff3e44595d,-0.03231360763311386,-0.013707811012864113,0.018605796620249748
13b659ff8b004f8b9285cefeb975af49,2.764863893389702e-10,2.764863893389702e-10,0.0
13d8ba3229ab42afa91ca78380266b25,-0.0016080932691693306,-0.0016080932691693306,0.0
13da317bc2a547f89ee12cdf67c6ce4c,-0.009008453227579594,-0.009008453227579594,0.0
148323f4736143f691d6927540f328ba,-0.009160427376627922,-0.0071709915064275265,0.0019894358702003956
14c42b6999fc44b68f0322c882cb8b31,-0.03705544024705887,-0.03705544024705887,0.0
14f665de1fa34d0a9d12838a5b77d687,-0.003525682957842946,-0.003525682957842946,0.0
1573c3aca0f54db0bd9b84450f879b68,-0.01767340861260891,-0.01767340861260891,0.0
15c59626df6b4f96bb7ef7c5c1797159,-0.018735678866505623,-0.018490975722670555,0.00024470314383506775
164353442084444991643f97a148df91,-0.011645093560218811,-0.011273665353655815,0.0003714282065629959
16b9470fc196483ea76a2a02b0144c05,-0.03669460862874985,-0.08574064075946808,-0.04904603213071823
17a9d3f4cf624ab38bee0b73ccb77e2e,-0.010247417725622654,-0.010247417725622654,0.0
17d6152bed1f4d97928dedad04c0d7b8,-0.011316760443150997,-0.011316760443150997,0.0
17dd14b176364a539463dbe99d96918a,-0.016496364027261734,-0.016496364027261734,0.0
17f302aa135e441bae78b53af27fbc0b,-0.0025029913522303104,-0.0025029913522303104,0.0
18c337ec8b5340f5bcc01530bfcea2d5,-0.0015186624368652701,-0.0015186624368652701,0.0
194a2ed1ada14516bddf15a1e7cb407c,-0.06234053522348404,-0.0499216690659523,0.012418866157531738
1abc4343ba1543eaa63223c81ae8531e,-0.10731563717126846,-0.09772380441427231,0.009591832756996155
1ba83cad37be40a98e3d6a04ef36e1aa,-0.014093979261815548,-0.011592866852879524,0.0025011124089360237
1bce8b98bc384b38aa81257803a88eb6,-0.040507037192583084,-0.03847464546561241,0.0020323917269706726
1c75075b05f3428b9475cdb9302833e6,-0.06834451109170914,-0.06834451109170914,0.0
1dda3d57404f4057af294145ba7332f6,-0.0023117985110729933,-0.0023117985110729933,0.0
1de8245a7c92454a81b13883ae1a5eca,-0.030888261273503304,-0.030888261273503304,0.0
1ec3cc62101d4a12afed1218ed07515a,-0.004728162661194801,-0.006168949417769909,-0.0014407867565751076
1f849b9356d54294b0ad4a9045fe244c,-0.0003837237018160522,-0.00679033761844039,-0.0064066139166243374
1fbc55886e8a4919a7de916b2194f850,-0.062112607061862946,-0.036576949059963226,0.02553565800189972
204501d4011845d98914a30fea25dffe,-0.0002992663357872516,-0.0002992663357872516,0.0
2073ebd27d7844d2a0379ec496b0e9fd,-0.0033593885600566864,-0.0013234874932095408,0.0020359010668471456
20c8eae6cfaf4ccc9642a7a1cd9cd9e1,-0.013785041868686676,-0.0018616962479427457,0.01192334562074393
20f83156211f49fe984de945bad0450f,-0.02418060041964054,-0.02418060041964054,0.0
213ee1a50ed245eaab655babec4f15d3,-0.019541624933481216,-0.019541624933481216,0.0
23407e5a4e854b06bda7c43a2c6aab45,-0.01278054341673851,-0.012261001393198967,0.0005195420235395432
23937bb1598e4f7a8954d4e070524f7b,-0.01838596537709236,-0.024388637393712997,-0.006002672016620636
23cd0004606a4127acc8505a8de5c282,-0.002539959968999028,-0.002656897995620966,-0.00011693802662193775
253071304afe4ae993141c9198e117ac,2.0372681319713593e-10,2.0372681319713593e-10,0.0
255fe8730d224dcf851a872231130ca2,-0.039342887699604034,-0.026646550744771957,0.012696336954832077
25a5a54ce55347fe877f2d72b0231a37,-0.023371323943138123,-0.019490579143166542,0.0038807447999715805
25ace73eef48498889357c0f13315932,-0.07202999293804169,-0.053077761083841324,0.018952231854200363
25cc5360f643439ebd7f0e6ca1571f23,-0.0011118263937532902,-0.0011118263937532902,0.0
261f6d2b5d25457690fd40372ed01e2f,-0.0013831403339281678,-0.0013831403339281678,0.0
27291258b1f343c887e72e69617d8ff8,-0.0911896750330925,-0.028176721185445786,0.06301295384764671
27463499352b4c1291346bf9ba3839fb,-0.00898017268627882,-0.006431101821362972,0.0025490708649158478
274efd8b53b44ed59141097b10701786,-0.00619484530761838,-0.002526410622522235,0.0036684346850961447
2845ebeeef274d59862d9f5384368db9,-0.03444218635559082,-0.03243148699402809,0.002010699361562729
28b65b60537d4f70be13fae042ecace9,-0.03281720355153084,-0.03281720355153084,0.0
2931313f6b2248b0829694d3acafbd37,-0.011693070642650127,-0.011738235130906105,-4.516448825597763e-05
29560e3766b241d281b8b85cdcd790e8,-0.024974161759018898,-0.04277980700135231,-0.017805645242333412
29a181d7191048c48e1b4b55bbdfa1e0,-0.005683145485818386,-0.00875064916908741,-0.003067503683269024
2b946a3f99fc479aac0f470b284199a0,-0.0744764655828476,-0.06529692560434341,0.009179539978504181
2c1cc66b06774c42ba1fdfb169a67edd,1.6007106751203537e-09,1.6007106751203537e-09,0.0
2c5a6350ebcf46cba99dc6c37cfd3e23,-0.016984041780233383,-0.016984041780233383,0.0
2c73c6cba15844adac243045434eff88,-0.10851103067398071,-0.10365396738052368,0.004857063293457031
2c974b12b5ad4dd8906396b705a91a1d,-0.06759040802717209,-0.06786016374826431,-0.0002697557210922241
2c9c230704cb4870b5dfae8b435dd0fe,-0.08784169703722,-0.09492641687393188,-0.0070847198367118835
2d19c619a4f44cd0b50e85250a2c7f07,-0.009663423523306847,-0.009663423523306847,0.0
2e62af9882e144f8adc3d60bbd68804b,-0.0008189209620468318,-0.0038274407852441072,-0.0030085198231972754
2f598ed435a94ed1a58f8523592cefb4,-0.00895173940807581,-0.00895173940807581,0.0
302f341c35eb4bd1bcb0ea39a543b1c3,-0.03363257274031639,-0.04788541793823242,-0.014252845197916031
302fa5e1a4394b158800a0bd289e54b3,-0.00642453832551837,-0.00642453832551837,0.0
30941de4be51439f89ed7ea9a0ae0674,-0.0032539379317313433,-0.013929692097008228,-0.010675754165276885
313a983dcd2d47909a0f5c14334bcf11,-0.02355460822582245,-0.023336194455623627,0.00021841377019882202
31f06bd961cc4b3495cd5c01539cf55d,-0.014964967034757137,-0.014964967034757137,0.0
3219230d0e14480c9089c7c49e339a83,-0.009021558798849583,-0.016867393627762794,-0.007845834828913212
329a77b6c5494dda9a8bb0f50e5d240f,-0.022547373548150063,-0.022240905091166496,0.0003064684569835663
32b75adabfb341c787960cb0216f6cb5,-0.01819240115582943,-0.017506379634141922,0.0006860215216875076
3357eff74258482c87f90cf0749ee153,-0.0025604981929063797,-0.0025604981929063797,0.0
339df3b19d8d4127b2a96b6480f672a8,-0.012560751289129257,-0.012560751289129257,0.0
33d8b84c68164bbfbfb6e04e4e2c6931,-0.026434363797307014,-0.026434363797307014,0.0
34205d9fa2f1422a8aba9869139c29af,-0.0559028759598732,-0.0559028759598732,0.0
3435cdd71e3d4e9185ae6b514ae7651c,-0.016623929142951965,-0.013972096145153046,0.0026518329977989197
35c8ba8efcf343d79a8fd837be0317c3,-0.0007247416069731116,-0.0007247416069731116,0.0
35c8f56cc49b42dba3d867ba004657ad,-0.013916456140577793,-0.013916456140577793,0.0
35eb563d061a4703a23306c6e6728e61,-0.013766205869615078,-0.013766205869615078,0.0
36d2a0cab7c14a829342a9129ae73cf2,-0.13545162975788116,-0.13060642778873444,0.0048452019691467285
36f5ac247d5b4ac8acd4fb86a7231d99,-0.007691071834415197,-0.006245443131774664,0.0014456287026405334
3708a82f41124672a849354b0eacbe98,-0.03386036306619644,-0.03386036306619644,0.0
37817c9bac4e4147a1060364a32a1e75,-0.022555451840162277,-0.01562141440808773,0.006934037432074547
378dd1889800438d8851571359dbfc22,-0.02102476917207241,-0.021663114428520203,-0.000638345256447792
37ee0263ec47496fbc7ed2555b6d7003,-0.0028734146617352962,-0.0011593990493565798,0.0017140156123787165
386e57ff5f244019a1b9bf94c82149c2,-0.0025797728449106216,-0.0025797728449106216,0.0
38cf99c5df334164838d887d0a9db0b6,-0.0020283355843275785,-0.0020214850082993507,6.850576028227806e-06
38efae75b92f467ab990b9d143ad9089,-0.014887340366840363,-0.014887340366840363,0.0
3931c57a894c44169285a8cf0e61d829,-0.01152925007045269,-0.005990276578813791,0.005538973491638899
398ab5422d3047dcb56b36a8f7d7ebeb,-0.030057115480303764,-0.07261655479669571,-0.042559439316391945
39dd189d44664d2bba4dccab40ce3fb9,-0.011455838568508625,-0.011455838568508625,0.0
3a6637b4d76e4008b8d6ddd19be2a833,-0.03541120886802673,-0.038078680634498596,-0.002667471766471863
3a77c8c2fa724db784cf3513d1a29cac,-0.027403613552451134,-0.02190387062728405,0.005499742925167084
3a91df4f75bc48b893369bdcb4030984,-0.05713219195604324,-0.05713219195604324,0.0
3aa496efde274e618d01c4460eeee7c9,-0.01871381141245365,-0.0181655902415514,0.0005482211709022522
3b72b448d4834d31a94fdba6247b11fa,-0.011992760002613068,-0.011992760002613068,0.0
3bae34beb13648d6822fd39c94da2749,-0.0007651660707779229,-0.0007651660707779229,0.0
3bafc04e6882499da9f2fb01883adeb8,-0.027385322377085686,-0.027385322377085686,0.0
3bd84dfa58ea46469a3c79466eae4110,-0.02790605090558529,-0.03922261670231819,-0.011316565796732903
3be888f815ab42dcac53815f09b5b244,-0.009974912740290165,-0.017204569652676582,-0.007229656912386417
3c0321e992564ff19f927d0cde5b1669,-0.017730627208948135,-0.0003106640069745481,0.017419963201973587
3c4a042965874822affa98f7449566b6,-0.013575475662946701,-0.013575475662946701,0.0
3c693de822714eeaae9695ae7ddb013c,-0.003868664149194956,-0.003868664149194956,0.0
3ca333e072cb48bbb5e34e6ec9191faa,-0.015985485166311264,-0.012883276678621769,0.003102208487689495
3ce024d9c73e406a910d688504e765e1,0.0,0.0,0.0
3d1eb3da8dfc4059b703484a83330a07,-0.04697281867265701,-0.03953627869486809,0.007436539977788925
3d2a44c419fb482da87bf1c5864c03ce,-0.008311087265610695,-0.008311087265610695,0.0
3e1d40ecbb3142689ba1b8e4d8d955d4,-0.014721732586622238,-0.014721732586622238,0.0
3e2583bef9e849a192c3c4ea21768237,-0.02608204260468483,-0.02608204260468483,0.0
3e2926beda084f788675fb82964d17b7,-0.002738938434049487,-0.002738938434049487,0.0
3f649706222f4d83aa0a8a1b687f29fa,-0.09291549772024155,-0.04987245425581932,0.043043043464422226
3f96a29d46084f43aca1dfdd3840a98b,-0.018818052485585213,-0.018818052485585213,0.0
401897a3cda547d983c51b5eb588597e,-0.0005579641438089311,-0.0005579641438089311,0.0
402f14fef086441eb0379b62ef63a9a6,1.4551915228366852e-10,1.4551915228366852e-10,0.0
40896e93312649f6a858080df01ff723,-0.06264802068471909,-0.06264802068471909,0.0
40ead2f47c8146c581917c05cfda04ea,-0.0009570836555212736,-0.012980001047253609,-0.012022917391732335
416b49a68dbc431d9afee16b5c8e58ae,-0.006293436512351036,-0.012186769396066666,-0.00589333288371563
4244054d0eff430b811b4e6e9b9b8ddb,-0.011902919039130211,-0.011509329080581665,0.00039358995854854584
42b565bc38af4342b79b8697ab0a45b0,-0.014076710678637028,-0.014076710678637028,0.0
42bb00324869498faffe17be9b403f04,-0.038149457424879074,-0.038149457424879074,0.0
42ceca0b2ec64051a8485456b53f389d,-0.1107276901602745,-0.13216373324394226,-0.021436043083667755
433a50cb27ce4f0086bcba8ace34ce18,1.8408172763884068e-09,1.8408172763884068e-09,0.0
43ab85b86bd5454cb613a51cb42274e8,-0.026309430599212646,-0.026309430599212646,0.0
43b561989a684685b0751975e3c22d50,-0.003045016201213002,-0.003045016201213002,0.0
43d1a2820cca4cb08012305d1cc341e8,-3.7834979593753815e-10,-3.7834979593753815e-10,0.0
43d5d31802ee447e9c25966c45e7b698,-0.0020133673679083586,5.384208634495735e-10,0.002013367906329222
4438be4ee81b40a18b8a60492bd5ec19,-0.01996905542910099,-0.01996905542910099,0.0
4460a42bf5764b038a1c605e03a6688f,-0.06517279148101807,-0.056728217750787735,0.008444573730230331
448e4984d23448638fdbea8f21941ad1,-0.006375158671289682,-0.0050380839966237545,0.0013370746746659279
44f607ad840c47ba90a40507de670a3e,-0.0035782847553491592,-0.0035782847553491592,0.0
4503beca23ce47bf9e5d079f6604249b,-0.018843980506062508,-0.018843980506062508,0.0
4651004ed5cc422990eb121b953552c0,-0.003175620920956135,-0.0018390952609479427,0.001336525660008192
46c0110fc70e483ea7f1ea2eb4f238e8,-1.1859810911118984e-09,-1.1859810911118984e-09,0.0
4735f59f08ee4bff93c237f4df39453a,-0.0171850323677063,-0.015950357541441917,0.0012346748262643814
476e42c0306a4629a3952a55ac57f08e,-0.005010473541915417,-0.005861727520823479,-0.000851253978908062
4776e574db1f4261a470d33983716cca,-0.009212101809680462,-0.009212101809680462,0.0
47f3f556bd304afba0b1eb139d42c2ce,-0.0036929547786712646,-0.004025809466838837,-0.000332854688167572
485ea9c73565406a88e42daa237dcb76,-0.038557957857847214,-0.038557957857847214,0.0
48cea2dc7c3249b0b2b685eb32660a8e,-0.024423567578196526,-0.023078398779034615,0.001345168799161911
48dc3129d88c47b2a528da662ff2d8d2,-0.0003464570618234575,-0.0003464570618234575,0.0
493235f2dc58472392fb0d7816eb7d64,-0.002669946290552616,-0.002669946290552616,0.0
49a0f1ea18b44fe8826d4f5492ab3638,0.0,0.0,0.0
49fadbef173a4828a266905a3212760d,-0.016507945954799652,-0.016507945954799652,0.0
4a3d678f3bf94cafae60a6c509327bf9,-0.02938731573522091,-0.02938731573522091,0.0
4afb1a21cfd44947b98f9d2f778657d6,-0.11724373698234558,-0.03160445764660835,0.08563927933573723
4b247d4da9d44628818024275c07be5a,-0.018083736300468445,-0.006450448650866747,0.011633287649601698
4b57dce76aaa48fe82ae6268a90f70a0,-0.05353771895170212,-0.05864403396844864,-0.005106315016746521
4bd2d2bbe28349119c7026fd465af4c4,-0.01316160149872303,-0.013326254673302174,-0.00016465317457914352
4c4556946f884a32a94f5507a45e9eef,-0.014069252647459507,-0.014069252647459507,0.0
4e3c858a371b43d99e4f0ee4b76dc8a1,-0.018339361995458603,-0.019203051924705505,-0.0008636899292469025
4e85f6c822fe4c32bc411c89d0e2026c,-0.05004619434475899,-0.05004619434475899,0.0
4ea2156b82df43cb8e80a3cb344b20a3,-0.0011152082588523626,-0.0011152082588523626,0.0
4eedf7c1cd0d49349d2c2450edd1989d,-0.039843667298555374,-0.039843667298555374,0.0
4f26f58e358741069b137e90cdede275,-0.0035785348154604435,-0.0035785348154604435,0.0
4f6eb8cab70342a7840c8e5f095ba871,-0.004660466220229864,-0.004660466220229864,0.0
4fdb16ccaba44fb2861894e7d2857369,-0.008782126009464264,-0.01212333980947733,-0.0033412138000130653
50072598887e4ca0bd79e56f933a7d24,-0.11758903414011002,-0.11423077434301376,0.0033582597970962524
50082a94da544d22b00110cc1bfa100f,-0.0031317148823291063,-0.0031317148823291063,0.0
50a05815453843d59bc3a77910df455d,-0.004759208299219608,-0.0026981651317328215,0.002061043167486787
50d37bbac9f84f70bc2221d28bf7fee3,1.4842953532934189e-09,1.4842953532934189e-09,0.0
51a40e69d2b7418abed3e6dd6e3b78ce,-0.013127167709171772,-0.013127167709171772,0.0
538100c6eb164041b51302a0bd140187,-0.08179359883069992,-0.08179359883069992,0.0
53a9dd587380402ab51fb929f7eeb18d,-0.0291051734238863,-0.02167821303009987,0.00742696039378643
53adf8a1d9254baebf4e70c437551f52,-0.02988574467599392,-0.02988574467599392,0.0
53b7ed3ff487465f82d3bc490ec3e5f4,-0.003432778175920248,-0.003432778175920248,0.0
55a0c64f17c94cd1b1876db5caf0d58c,-0.07823523133993149,-0.06278819590806961,0.015447035431861877
5611e2565ede4f48bb4c8c5d6bc9fe2f,-0.03318073973059654,-0.03318073973059654,0.0
568a082ce58a4b4e81df3974e7ff34de,-0.09199798107147217,-0.09199798107147217,0.0
5717e8d589fc4836a349875746fa8247,-0.00971972569823265,-0.008998223580420017,0.0007215021178126335
57267f4d074b42568f79cd015d5c1a4c,-0.02421613410115242,-0.03997784107923508,-0.015761706978082657
5747b9d1d0f64f7a9fa2be5106bf3b0f,-0.08452478051185608,-0.08610477298498154,-0.0015799924731254578
574868cbb9a14387b34c782533dc24ec,-0.09784232079982758,-0.1007734164595604,-0.0029310956597328186
57a80885dce842049aa03cd95ccca916,-3.101531183347106e-05,-0.002345444168895483,-0.002314428857062012
57eff8c75c0b415496e47d9084888fc4,-0.02739126980304718,-0.02739126980304718,0.0
57f8bc23b08740bab795cc7cf5e4b25d,-0.02765829488635063,-0.052962031215429306,-0.025303736329078674
5841c653b5584a9da83e9bce04634736,-0.09057031571865082,-0.09530676901340485,-0.004736453294754028
5894789560e1417cbc67d82c99464527,-0.018034299835562706,-0.018034299835562706,0.0
5b1778c14dce4541a5430e3555668ec0,-0.09356258064508438,-0.11106982827186584,-0.017507247626781464
5bb77a2ff3d44094b691ba239cbab83a,-6.548361852765083e-10,-6.548361852765083e-10,0.0
5bfd9c26f8364a578faf16bdb96049ea,-0.13435058295726776,-0.13123714923858643,0.0031134337186813354
5d90283c43c64ae2a2bfba49ee8cda5d,-0.006618219427764416,-0.006618219427764416,0.0
5dda1ef89d98493aa39a470b21fa4ebe,-0.02271217480301857,-0.014275306835770607,0.008436867967247963
5de23d331d424f1eb29d587e53158589,-0.007099524140357971,-0.005927782505750656,0.001171741634607315
5df6081fa8114b12b0a8c7ecb83f6d4d,-0.002863125177100301,-0.002863125177100301,0.0
5e573e0e3d2b41ecbe0061f352ef7f8c,-0.012487081810832024,-0.01260356605052948,-0.00011648423969745636
5ec52a5436e34d23a36295880d892f83,-8.585629984736443e-10,-8.585629984736443e-10,0.0
5f15115414584a23bdc0d0982c46e264,-0.015000619925558567,-0.016040898859500885,-0.001040278933942318
5f1decb5ab4f4691960becd0ddb6d454,-0.0011344910599291325,-0.003529474139213562,-0.0023949830792844296
5f9a36e5a0d14a16b801101567d1ff12,-0.025459013879299164,-0.025459013879299164,0.0
60019549bfe64e2cbaec3d3f8f480d05,-0.008572890423238277,-0.007254372350871563,0.0013185180723667145
60341918a107414c9c44a9bfe169c9e4,-0.02166481874883175,-0.02166481874883175,0.0
6046f7a0b2fe436189a5ffb62d9d042c,-0.020507799461483955,-0.005736064165830612,0.014771735295653343
6060fa4c3b1e443994967da28e86132b,-2.9831426218152046e-10,-2.9831426218152046e-10,0.0
60c08f0abd214a1c853e3ad73ec1927e,-0.008405216969549656,-0.021127523854374886,-0.01272230688482523
625922c76a1744f290b1d1eb004d9385,0.0,0.0,0.0
6273110addf149bd844f0d15f1e95aab,-0.026833921670913696,-0.026833921670913696,0.0
62bb79e748c346cf887b1168dfa827df,-0.008497392758727074,-0.008497392758727074,0.0
62c44445ebc942628daa5b2f4170e114,-0.027675041928887367,-0.027675041928887367,0.0
62eb6bfefeea4322aa74aec9c0a239c7,3.055902197957039e-10,3.055902197957039e-10,0.0
63da0bd557fe4de0bd2b76c77e9f7fa3,-0.04315658658742905,-0.005336906760931015,0.03781967982649803
65a7540025114ef8a6c25c8bd8fe39a5,-0.00025621807435527444,-0.00025621807435527444,0.0
670bae1076e64d4e89252f2a3e1ba6d4,-0.003135556820780039,-0.003135556820780039,0.0
671dea66d87b4cbfa7fd2e2221ce71e9,-0.0026310505345463753,-0.0026310505345463753,0.0
672b12bead7d47d2a5cb8dc566a114a2,-9.604264050722122e-10,-9.604264050722122e-10,0.0
67dc968ea21b4644b7d3fefeb440f9e6,-0.0014162975130602717,-0.0014162975130602717,0.0
6807555039a64e45be594ca35deebdeb,-0.1309773474931717,-0.1327810287475586,-0.0018036812543869019
680c3298b4f746fa921261a21c929fa2,-0.13499289751052856,-0.1466909646987915,-0.01169806718826294
688f86c9082242edaa9f4b19d759e3e0,-0.0005098071414977312,-0.0005098071414977312,0.0
689730a361924e31b626ca9725499213,-5.0737784476950765e-05,-9.854804375208914e-06,4.088298010174185e-05
68ea2a21eac4431085a5196153fa5244,-0.02352396585047245,-0.023013800382614136,0.0005101654678583145
6922639651844c2fab3b0038b206deef,-0.02171911485493183,-0.03442554548382759,-0.01270643062889576
69a89860542c4e2f9ade7ff0fc99d427,-0.08539468795061111,-0.08252215385437012,0.0028725340962409973
69fac31e981e4e06b9cc397b25d8ba56,-0.02646973729133606,-0.02646973729133606,0.0
6a81b3fb8c9c4c3ca64cf708e6c94e40,-0.01770663820207119,-0.01602068729698658,0.00168595090508461
6b9ef02e777d46c3aa2ab5f562b16ff5,-0.03217199444770813,-0.03217199444770813,0.0
6bbd9ea66b1544479ac212c19aa22010,-0.052929773926734924,-0.04036501422524452,0.012564759701490402
6bd37fede9ce4b9a956b8ccea50fc874,-0.015771694481372833,-0.015771694481372833,0.0
6bf37d430d1742b282e71a0ff3304c33,-0.02360338345170021,-0.02360338345170021,0.0
6cc55ef2e7e84c668c209a5be46c0584,-0.014835197478532791,-0.015587598085403442,-0.0007524006068706512
6d41d5fffdda46e18c805e9fc9b4d356,-0.03603409230709076,-0.03603409230709076,0.0
6d78a78c771f4ba4b1edf393f68d265c,-0.0030987178906798363,-0.0030987178906798363,0.0
6e04634c38d24707b0105042eed605ec,-0.025640154257416725,-0.025916488841176033,-0.00027633458375930786
6f88910ce826420fb9739c7da9d2e54e,-0.01805623434484005,-0.020925000309944153,-0.002868765965104103
6f8d7a927c524cb8b3526b9b798a5a53,-0.08197096735239029,-0.07048563659191132,0.011485330760478973
6fc17590228f432eba7699ef0989336f,-0.024687210097908974,-0.02602546475827694,-0.0013382546603679657
70b93dd31d724e7fbab2d20ade9bb4c1,-0.08915843814611435,-0.027783190831542015,0.061375247314572334
723739bbe19f49cfb531585eecea1dc5,-0.040393929928541183,-0.04252798855304718,-0.0021340586245059967
723c9e9528d545dda0355d3cb8fc7d38,-0.00513303279876709,-0.00513303279876709,0.0
730372a7b9724bcc8a58fef54aef6d33,-0.0005426005809567869,-0.0005426005809567869,0.0
73b363c5332a423797a2c0728cc1a75d,-0.00030220497865229845,-0.00030220497865229845,0.0
73e7a058423243e49848fd0b9b259ce9,-0.05262400582432747,-0.05262400582432747,0.0
7400f2eec9564eaba38830ece5868820,-0.010429893620312214,-0.010429893620312214,0.0
740e48ba5a5a45afbc1a56b16f586054,1.0186340659856796e-10,1.0186340659856796e-10,0.0
74188da251e34b25804604c1780de55f,-0.033388733863830566,-0.037015993148088455,-0.003627259284257889
7422ecacc5c2448db49b6708c136a8c0,-0.010725271888077259,-0.010725271888077259,0.0
742ce1b2603c404fa2c6b499c1027ad3,-0.0932365208864212,-0.020174188539385796,0.07306233234703541
749244be19d64becb2d2a9c065a5be0a,-0.025378065183758736,-0.02246212773025036,0.002915937453508377
74f1506fb3f348a28783f117d9e50ff7,-0.0037164294626563787,-0.006826678290963173,-0.003110248828306794
75d9b7ca576b4f6883622198c6349992,-0.018535250797867775,-0.020182644948363304,-0.0016473941504955292
75e82936af3341b98f6aac627e82b3ce,-0.01824823021888733,-0.018491635099053383,-0.00024340488016605377
76143fdc216840bf8e2c7b08b0dea88f,-0.01537361927330494,-0.03024047426879406,-0.01486685499548912
78ba8faa832d4a4197d5bd3128943327,-0.017859645187854767,-0.016352450475096703,0.0015071947127580643
793bebc8b4ec41bb973b791e463213da,-0.013730043545365334,-0.009830344468355179,0.0038996990770101547
7ac789bdd09e42bfaed9a5507762c888,-0.08381009101867676,-0.08381009101867676,0.0
7b86bda4144e46b08b5c8aea57bfa969,-0.010550209321081638,-0.010550209321081638,0.0
7b8f2d0d1c124c4a9b9d9d3b7509b0b7,-0.02928057871758938,-0.02928057871758938,0.0
7bd9965f22864e9dbff830ced43a66da,-0.12430942058563232,-0.1204715222120285,0.003837898373603821
7c3270faff8a4f2aa72273142d71389c,-0.061202313750982285,-0.054565031081438065,0.00663728266954422
7c8ce823cc374a8f9376df6d8f0fed89,-0.025207150727510452,-0.018982356414198875,0.006224794313311577
7d9b577aee054da5aad6f693d64e0171,-0.0034683849662542343,-0.0034683849662542343,0.0
7ddee23fa24f4d36b251c3d3fcd0a230,-0.006082254461944103,-0.006082254461944103,0.0
7ec5350531b74c35a02877ce8314a8d5,-0.020151518285274506,-0.020151518285274506,0.0
7ec94e16250a42f6bc6f8cdd939ba1f4,1.7389538697898388e-09,1.7389538697898388e-09,0.0
7f703ec9c5c64500a687651e026bae6d,-0.010061688721179962,-0.013206732459366322,-0.0031450437381863594
7f73470d1234487996a0f254b1e6c610,-0.008329967968165874,-0.008329967968165874,0.0
7f768fc8681d448db27638d18914d991,-3.637978807091713e-10,-3.637978807091713e-10,0.0
801946a4e42c4408beba883e12f349c0,9.458744898438454e-11,9.458744898438454e-11,0.0
803b00748c204b13a2a4cef2d017c5e4,-0.0010792234679684043,-0.003927473444491625,-0.0028482499765232205
803e05d7ad2d4db5b7f5f0e1039bd322,-0.01517309620976448,-0.01517309620976448,0.0
8043cb6882a84dab8e4f124d31954892,-0.006951858289539814,-0.006607032380998135,0.0003448259085416794
814720ee91d54e408e6fd0dd1b356e9c,-0.01216938067227602,-0.01796914078295231,-0.005799760110676289
81917e9b83284a4a8ce0d7945215abe8,-0.005153176840394735,-0.005153176840394735,0.0
81d0dd84c7e54c61a8a259f7d1e7bb89,-0.023609492927789688,-0.02337452955543995,0.00023496337234973907
81e2df0d68144fc1bca59c11e4f1c3ff,-0.05047324672341347,-0.038441453129053116,0.012031793594360352
821df5bcd0744d7280b23e6284fb8396,-0.004534787032753229,-0.004534787032753229,0.0
825d52c255ca46fc9ae7a7fc43d44816,-0.08940356224775314,-0.04532068222761154,0.0440828800201416
829ca2190efe4aa88f260bffb1d0697a,-0.012068224139511585,-0.012551440857350826,-0.00048321671783924103
82e2c7a48a4640ce8475d8b6930f8a1b,-0.04079238697886467,-0.047846779227256775,-0.007054392248392105
856ccc626a4a4c0aaac1e62335050ac0,-0.08025027066469193,-0.07602542638778687,0.00422484427690506
85aa2dedde914b3b8498aa9e297db375,-0.05059833079576492,-0.03471650555729866,0.015881825238466263
868c93c6935944fab6366fcc5de80dfb,-0.0099696209654212,-0.007615793962031603,0.002353827003389597
86958f43ae42452badc0ca07c865b890,-0.008222824893891811,-0.008222824893891811,0.0
870a31d3032a4a4ca166c2212d245532,-7.203198038041592e-10,-7.203198038041592e-10,0.0
88209e3d4c4f456da1b7165c6ead41ff,-0.022449027746915817,-0.008040755987167358,0.014408271759748459
8a6c52baf6e14950a7d845d6c6b9656d,-0.03131067380309105,-0.03131067380309105,0.0
8bb6c96a85c64cd6be8d5d9002ed12a0,-0.006859509740024805,-0.006263730116188526,0.0005957796238362789
8d0763a5e11745c5ac84469982ea6e11,-0.059220992028713226,-0.059220992028713226,0.0
8d7ed8e903b5408e964a7c4e066bdf2a,1.2514647096395493e-09,1.2514647096395493e-09,0.0
8ddfde23694a4dec815f8aaaf8125d5a,2.2337189875543118e-09,2.2337189875543118e-09,0.0
8e177aee749c47d8853227f6c33914c5,-0.09301094710826874,-0.06337232887744904,0.029638618230819702
9085428a301e468cbb8235791d47f051,-0.0003274661139585078,-8.327036630362272e-05,0.00024419574765488505
914964ef6ce649c5a783014a417d3a69,-0.0341491773724556,-0.04873361438512802,-0.014584437012672424
91a1b5b5ac1b4862b6b5a7e556ca0227,-0.0031989889685064554,-0.0028408346697688103,0.00035815429873764515
926dde8427454373a0f4b61b1b3c6e2f,-0.017906179651618004,-0.05996911972761154,-0.04206294007599354
92887f8ce86e45a2ab8d417c5c39aef2,-0.008903447538614273,-0.00908465776592493,-0.0001812102273106575
92f7cfd3805042238eebd1fbff915f30,-0.007346589118242264,-0.007455803453922272,-0.00010921433568000793
92fd53d745444023a73c0dd24c1edec7,2.000888343900442e-09,2.000888343900442e-09,0.0
9370804fdd1740b7aa20f8ebe98a1121,0.0,-0.16825774312019348,-0.16825774312019348
9397c89e75ff4f49882869f914d7ddd4,-0.005563836079090834,-0.005563836079090834,0.0
943c8fb105a5408c805b9e023d2bdcb5,-0.0018392734928056598,-0.0018392734928056598,0.0
94e8fd7330684407b1aad99692e7e5ff,-0.002349589252844453,-0.0023559369146823883,-6.347661837935448e-06
95602fd0ecff446398008115dfbe1feb,-0.01816829852759838,-0.05945436656475067,-0.04128606803715229
95b0c6a3602544ffb3c3e014b2cdfda6,-0.01840982213616371,-0.013806789182126522,0.0046030329540371895
96d66c41d3dc42b193bf1a091ac103a3,-0.06657366454601288,-0.06419210880994797,0.002381555736064911
96dbf7debf4f42589d08185c32c3d67b,-0.0070661562494933605,-0.013390726409852505,-0.006324570160359144
96ee33f7aa5e48bbab4b36f7ceead005,-0.001203431747853756,-0.001203431747853756,0.0
977ca44b5bfb4762a08c9db618c0595f,-0.005644528195261955,-0.005639831069856882,4.697125405073166e-06
978a078289b64db3a6a318e8547076ba,-0.12545371055603027,-0.11358295381069183,0.01187075674533844
97f1dba070874a2996ca717b112be788,-0.004749274346977472,-0.004749274346977472,0.0
989191ea92524bc39ae8ee546e00282c,-0.02142323926091194,-0.014104630798101425,0.007318608462810516
98c9250426904b328447522d5fa7fe5e,-0.013869908638298512,-0.013869908638298512,0.0
990dc612e3554626b3f13c0811208e5c,-0.005158326588571072,-0.02168733812868595,-0.01652901154011488
99229622df014659a9bd93276b77e719,-0.037613604217767715,-0.037613604217767715,0.0
993b4f1ea18c408b8f02fb87a1eedc0c,-0.017796261236071587,-0.01358237024396658,0.004213890992105007
995f6a2b2c5f4b2b92c999a2edd00032,-0.09148706495761871,-0.10076532512903214,-0.009278260171413422
997e5e6c149d4bbcb3c210335f901c3d,-0.005142831709235907,-0.00382039463147521,0.0013224370777606964
9a7de05eb42a4e5bb26f4a387711b93e,0.0,0.0,0.0
9aaa0c5d15694673871772c685fbfae5,-0.028021160513162613,-0.028021160513162613,0.0
9b53aede69f34d4f835533f641d9d733,-0.10561676323413849,-0.10561676323413849,0.0
9be73d55ff7348c6aee1035ec6e427af,-0.0017775065498426557,-0.010158677585422993,-0.008381171035580337
9c55787baeef4b4f944ff829e6a23860,-0.0109908701851964,-0.0109908701851964,0.0
9ca3ae3c6a8b4776b8543bb94f76ce5f,-0.011408461257815361,-0.012505073100328445,-0.0010966118425130844
9cd7ace836724f68b0fb6ecf42caf46e,-0.0006118800956755877,-0.0006118800956755877,0.0
9e20e9bcdf4d4c9baf52d7cd3baf2fc3,-0.0009828506736084819,-7.057678885757923e-10,0.0009828499678405933
9f03829b02694c17a98fbcb20a9d66cc,1.1859810911118984e-09,-0.002406504238024354,-0.002406505424005445
a08e592f196d4f8680f63a46ad777b88,-0.020581910386681557,-0.05684744939208031,-0.03626553900539875
a1a01ae0cc9f428f8ba4c545e20ee88d,-0.012624586932361126,-0.012624586932361126,0.0
a278b141b8c64962954fb6240c1a1617,-0.02460632659494877,-0.034118883311748505,-0.009512556716799736
a372206e09a446739e6379248264a665,-0.01166841946542263,-0.01166841946542263,0.0
a3d2c3ca40b3455396e7ae776f523ea0,-0.014225446619093418,-0.014225446619093418,0.0
a3ef62f6ceda43f0993ae7908788f623,-0.010431193746626377,-0.007177683524787426,0.003253510221838951
a3fd031b3ec64e0b8173317e88927729,-0.0008369156275875866,-0.0008369156275875866,0.0
a43d2cd8447b41858887bf536628b0b9,-0.03685303032398224,-0.0012530847452580929,0.035599945578724146
a5961ac3bd524a66b31c14de1a95129d,-0.0046619209460914135,-0.004276111256331205,0.00038580968976020813
a62a525907c149bcb9a877131aedbfe9,-1.2223608791828156e-09,-1.2223608791828156e-09,0.0
a630d170512444e6a61344987b26e7f7,-0.02004162222146988,-0.02004162222146988,0.0
a80c1da226c043b9a343f9336516540e,-0.013192515820264816,-0.013026118278503418,0.00016639754176139832
a85e915244be4644ba830af4cf4aaf45,-0.08360271155834198,-0.08360271155834198,0.0
a87df67c031042d1bbd4e7f75f246064,-0.001060508657246828,-0.001060508657246828,0.0
a8b145c416944ea29d18a4fe18ad0a77,-0.006464711856096983,-0.003654814325273037,0.002809897530823946
a956b4d52a9e40ac922d19d292c8b2d9,-0.023168861865997314,-0.023168861865997314,0.0
aa3fe6533db6493a97c60cf5d1de16e8,-0.021782206371426582,-1.2369127944111824e-10,0.021782206247735303
aa7d1414139344a49ba47723de8d8d3b,-0.04616328701376915,-0.03354138135910034,0.012621905654668808
ab16639a93da45dca4bfb3b421843704,-0.01122759748250246,7.785274647176266e-10,0.011227598261029925
ab51516d2c3b4a0991c04f1528c7bc74,-0.00961329136043787,-0.009663383476436138,-5.009211599826813e-05
ab792d241daa4a409033564c3c732e67,-0.04413777217268944,-0.03835071995854378,0.00578705221414566
aba081efe8354fba8ec315962f56b885,-0.01176881231367588,-0.011117199435830116,0.0006516128778457642
abe76951d0a0458d84d59e689d8ecfab,-0.04774843156337738,-0.09912099689245224,-0.05137256532907486
ac086f3a640847fc8579368c4e42ee6f,-0.0017904469277709723,-0.0023296072613447905,-0.0005391603335738182
ad0eebd1fb5a43a3869d0eb92a2bf210,-0.03678857535123825,-0.03678857535123825,0.0
adc8378353104d2ca3333131b32037d3,-0.007880955934524536,-0.007880955934524536,0.0
ae334a760ecd45d8a88a69014d8290ab,-0.1597413271665573,-0.16651315987110138,-0.006771832704544067
ae48b4eb1df54a149d78d15286793610,-1.2223608791828156e-09,-1.2223608791828156e-09,0.0
af15c54e76b04b77a7f6c6aa793e7013,-0.02447030134499073,-0.02219229005277157,0.002278011292219162
af571c22d255499db27ca444d6b9cef9,-0.011953487060964108,-0.02622229978442192,-0.014268812723457813
afc0243a7c1c4be0aec8effe25fd8e05,-0.014742637984454632,-0.014742637984454632,0.0
affcd42d9f3041e7a8e739825fe126c3,-0.0510723777115345,-0.0510723777115345,0.0
b024c29991134caf93eec0576496374b,-0.003855985589325428,-0.007774387951940298,-0.00391840236261487
b0dd4347abd74b6aa1b33e813b4e2d44,-0.0011581298895180225,-0.0034721868578344584,-0.002314056968316436
b2024b635e624a719d16d85b395447d3,-0.0067480746656656265,-0.0067480746656656265,0.0
b215c97ce8c845689e51aa44236bab37,-7.494236342608929e-10,-7.494236342608929e-10,0.0
b28331aae3044004959ebbd7026201b1,-0.05878949165344238,-0.05878949165344238,0.0
b2d77fbfe24e4cdb988949cc2565652b,-0.048664771020412445,-0.048664771020412445,0.0
b2ec277710fd4cefbf8bdbbe870f142c,-0.00022510008420795202,-0.00022510008420795202,0.0
b3537c4657784727934760188904dde8,-0.08053220808506012,-0.08692251145839691,-0.006390303373336792
b3784e8b52d640fdb06df83b69ea17a0,-0.0027128171641379595,-0.0027128171641379595,0.0
b3d12b24168345f48dc98620ad893552,-0.005007367115467787,-0.005007367115467787,0.0
b415966455a34227b2f316fdfa7fa51b,-0.004704790189862251,-0.009955409914255142,-0.005250619724392891
b43fbf39e2264a6cb080081092f7a036,-0.048021432012319565,-0.048021432012319565,0.0
b47912e8abba4a70944e901ea8efecfa,-0.04973883926868439,-0.04973883926868439,0.0
b529d120a9644b77ae4219636563c20d,-0.11601340770721436,-0.11828387528657913,-0.0022704675793647766
b55fae3bbf8e40c7810f46e7ebc202e0,-0.05692744627594948,-0.05692744627594948,0.0
b5b3ab1fcada4eb2a9b9d522ba2c7f44,-2.0372681319713593e-10,-2.0372681319713593e-10,0.0
b731e3bfd7b64247b9d9708e67847933,-0.006335415877401829,-0.00824548676609993,-0.001910070888698101
b79ad95c2bca4049bdfef8b479dddcc3,-0.04291586950421333,-0.010734637267887592,0.03218123223632574
b7f8c5c6a5554286b4a4fae650a7b799,-0.0010287452023476362,-0.006016786675900221,-0.004988041473552585
b8aea4184f244ea1a9c9d1ed01ddcf21,8.149072527885437e-10,8.149072527885437e-10,0.0
b8e04b4ef02a4cbf832bd4d486215035,-0.03625995293259621,-0.005495001561939716,0.03076495137065649
b909e2457fcb4f448e088c5c5e4c6ebf,-0.001419403706677258,-0.001419403706677258,0.0
b963a2497ecb4093b5031a9d029f97fa,2.495653461664915e-09,2.495653461664915e-09,0.0
b9ee9454a4c146dfab5195ec66fd99b4,-0.002853706479072571,8.003553375601768e-10,0.0028537072794279084
ba20a7743bae4d2dabc6be640c66ccc7,2.3137545213103294e-09,2.3137545213103294e-09,0.0
ba5d4c21f9d1441a80355fb2b2bd5908,-0.11006766557693481,-0.11646575480699539,-0.006398089230060577
ba7ce3cfc56b4ca9ad22c58da034fb22,-2.08092387765646e-09,-2.08092387765646e-09,0.0
bbae0774a59a476f9ad1445911570c5f,-0.006308587733656168,-0.003098715329542756,0.003209872404113412
bd2a92cb8ae14c30832994f0681b667d,-0.01352525595575571,-0.005574191454797983,0.007951064500957727
bd6df9c463cd432fbdd6ede57f89107d,-0.04859326779842377,-0.04859326779842377,0.0
bf0bf249247141a4b9bc968d821830bd,-0.04266968369483948,-0.03294256702065468,0.0097271166741848
bf8ce5c20e0945069903f474652ce37a,-0.0018121172906830907,-0.0018121172906830907,0.0
bfd4da581aef4e4aacdc94e11e9a1911,-0.04067371040582657,-0.04067371040582657,0.0
c040a969ea194be38ab9d25d97c9d9fc,-0.020727191120386124,-0.020752014592289925,-2.4823471903800964e-05
c084d4295ac74f82951f9f943c5e4540,-0.006050157826393843,-0.005717306863516569,0.00033285096287727356
c086d9cc8404494f9aa74864fa7a6a46,-0.014440973289310932,-0.014440973289310932,0.0
c090b86c7b9c4e97a3e145a70c98c631,-0.014981994405388832,-0.002312632743269205,0.012669361662119627
c0e4b1016c09468c9b1ce496462eb1ad,-0.06854058802127838,-0.05139702558517456,0.01714356243610382
c162262f72994dbbab45c8fbb9bca442,-0.003160497872158885,-0.003160497872158885,0.0
c1b68aa96280460c85bff795ce202a86,-0.018820825964212418,-0.018820825964212418,0.0
c1f344cadf354fe0b12446935e54247e,-0.0022955904714763165,-0.0022955904714763165,0.0
c2102371cbcf4d8f9eb66069a3d5b350,-0.06438387185335159,-0.0374717079102993,0.026912163943052292
c23d31d8582d48839ebee9a14f348184,0.0,0.0,0.0
c261faeb1eb0442e98d78100827ede0b,-0.0023762027267366648,-0.0007107596611604095,0.0016654430655762553
c2632199264b4c1d8b1227e44070e48d,-0.006403266917914152,-0.006403266917914152,0.0
c2fb158b3f7147d5a2fa2df9e58ab8c8,-0.030220266431570053,-0.01802571304142475,0.012194553390145302
c43f484292584b2d8837d673c30a075e,-0.13496312499046326,-0.12465696036815643,0.010306164622306824
c4bd1994696342e386e28a05135b09ad,-0.012600434012711048,-0.02042948640882969,-0.007829052396118641
c58ee2cbaaf240f4a5bf26b4511f0c17,-0.016477419063448906,-0.016477419063448906,0.0
c631973ced6f42e0950a16d00036fe8a,-0.007390356156975031,-0.003131663892418146,0.004258692264556885
c691715ac1dd41dfb4ef848b6e722fdb,-0.04095776006579399,-0.04095776006579399,0.0
c76efd09fff94c32b9a77b0c634856af,-0.02402983047068119,-0.010807368904352188,0.013222461566329002
c7bc941606594eed8f7fa4b691a45f8e,-0.0269338246434927,-0.0269338246434927,0.0
c7ef305389fd4fa2b19ab0f7447d9206,-0.01694430597126484,-0.01694430597126484,0.0
c901e00f77d84b79a8d7d6fc5b2f83af,1.5279510989785194e-10,1.5279510989785194e-10,0.0
c904117aac1d4b239aa6a3f703fcc295,-0.03358801454305649,-0.01678919419646263,0.016798820346593857
c93a7e7a083848b9bf26b8438c052426,-0.02153543010354042,-0.004317270126193762,0.01721815997734666
c9d7e10a54e44e1fa6bb73350362d108,-0.02413889579474926,-0.023805975914001465,0.0003329198807477951
ca08ecf430ce4eceaea30a6a2a8eef95,-0.08321843296289444,-0.08321843296289444,0.0
cad8d994d6b14ffe963e9dc7768d0a0e,-0.016504768282175064,-0.00863303616642952,0.007871732115745544
cb8fbf228afd41fcb6e81ae7fe18ba61,7.8580342233181e-10,7.8580342233181e-10,0.0
cc0b614fd61441c4aeab282556d6d827,-0.022395722568035126,-0.02803768217563629,-0.005641959607601166
cc6624264d1f44de9aa4bd0ebfef2d17,1.7389538697898388e-09,1.7389538697898388e-09,0.0
cc71e504f560478ba9686b0ba983f1e6,-0.021837597712874413,-0.01614190824329853,0.005695689469575882
ccb13c286a894d1a9b9a200c89df5657,1.7535057850182056e-09,1.7535057850182056e-09,0.0
cd02458f6b5e4da88265f2a07c3fd3b3,-0.0013324731262400746,-0.002461702562868595,-0.0011292294366285205
cd7b7f9917364acc9e25e8d21e4dc297,-0.08495331555604935,-0.08266283571720123,0.002290479838848114
cdb3834353f14888a0ff07af5a9cf749,-0.0008798111812211573,-2.9103830456733704e-09,0.0008798082708381116
d10b140e450541f9b32f8be701f3ba37,1.0477378964424133e-09,1.0477378964424133e-09,0.0
d38dc13e1d5b4293862ac935d0477b5f,-0.0018953108228743076,-0.0018953108228743076,0.0
d3ab0416f5ee4f4c9a4f4d73e57923f9,-0.02008543536067009,-0.02008543536067009,0.0
d42de3cbf3624687902c660d3980c7e0,-0.08623561263084412,-0.08433665335178375,0.0018989592790603638
d4437f7299da465a9115120375104a24,-0.014864377677440643,-0.014864377677440643,0.0
d4e1900fe6c64112afc5d777d858f467,-0.12933538854122162,-0.12933538854122162,0.0
d4f97f43798a4c989b318ea1ec60b5e8,-0.013428516685962677,-0.015307624824345112,-0.0018791081383824348
d538bb728f8f40698d8147a0361a6e92,-0.007662216667085886,-0.007662216667085886,0.0
d56db49e196c448ea29ea2bdb54ca811,-0.014470742084085941,-0.014470742084085941,0.0
d5ad6fac138744c0b7cadc62843cb9be,-2.9103830456733704e-10,-0.0016025494551286101,-0.0016025491640903056
d62b0f9db06440c695781c52ed71909a,-0.016413835808634758,-0.016413835808634758,0.0
d65e5cddfa574daeb9ea9252d66dfa97,-0.0750759020447731,-0.07582338154315948,-0.0007474794983863831
d6abf91b7d764a44bd62b271c9f6dca0,-0.0028324138838797808,-0.0007301520090550184,0.0021022618748247623
d6ef27c153e5401f995466d8f3081536,-0.020414117723703384,-0.02917882800102234,-0.008764710277318954
d6f4d5fde42542a7a4e35fc6624ba66c,-0.005796455778181553,-0.005796455778181553,0.0
d7188ab6f6494e3e900f16efa4c4a7fa,-0.032331593334674835,-0.032331593334674835,0.0
d7def99b5e86415bad6ee2484a7bc8b3,-0.012328753247857094,-0.009101836942136288,0.003226916305720806
d7f3a1ff633c493a87a94ab0b39a14a7,-0.010238450951874256,-0.01271310169249773,-0.002474650740623474
d9d546a04a9a41d8984c39e7c53689b6,-0.023137785494327545,-0.028644058853387833,-0.0055062733590602875
da92f5205b004fb1ba6a75138324284e,-0.0009070980595424771,-0.0009070980595424771,0.0
dabb28a18e6c4a668f15511d7d77dc5b,-0.006397109013050795,-0.007631768938153982,-0.0012346599251031876
db0b62b89f3c4d52ac5564a67a03aa68,-1.331500243395567e-09,-1.331500243395567e-09,0.0
dcaeb3722f1e4df2b9b8b2eca3bc54fc,-0.05826713889837265,-0.03991426154971123,0.018352877348661423
dda4bdc12deb4c70be456b483d1b57bc,-0.010137900710105896,-0.010137900710105896,0.0
de3ae114ba884c4c9c123f827a0b8d9b,-0.021284479647874832,-0.030978865921497345,-0.009694386273622513
de550f4c35284f90844c07a64253639b,-0.01197045762091875,-0.007005556486546993,0.0049649011343717575
de5b7c0be0764013867c5e741856fce2,5.020410753786564e-10,5.020410753786564e-10,0.0
de78abb899bf4429a2e1a4cfe8709cc2,-0.02378365583717823,-0.02378365583717823,0.0
df84fac05e4d491ba69afc00231f65c3,-0.021806636825203896,-0.03239922598004341,-0.010592589154839516
e0a3a55de20f4c09893141067ef17319,-0.00452639302238822,-0.00452639302238822,0.0
e150a41fdffa41a68eec30dfda96bb2f,-0.010008380748331547,-0.010008380748331547,0.0
e15862d8a89d4250947cad3d1eff3dfc,-0.015333116054534912,-0.015333116054534912,0.0
e161fe6b9dfb4740b79775873c1f7ec6,-0.006070534233003855,-0.006070534233003855,0.0
e1b5c775be134db696ce22413d195c72,-0.11971738189458847,-0.11971738189458847,0.0
e1ef13d0bc334c9eb9a2c2660df1dda8,-0.0476895235478878,-0.042368460446596146,0.0053210631012916565
e38d5d604f1341f2af40a1e40c5e99f2,-0.08560656756162643,-0.08560656756162643,0.0
e3957ced101f436190df1a9003cad35c,-0.01950005814433098,-0.01950005814433098,0.0
e46803a34fa744ad9372b5227798e00a,-0.009619725868105888,-0.03453565388917923,-0.02491592802107334
e49a824bb658481ca88daba8650fc68d,-9.38598532229662e-10,-9.38598532229662e-10,0.0
e4ecabf5848d4f2ca011ccbbe5cfbcc8,-0.030307667329907417,-0.03010006807744503,0.00020759925246238708
e52c90b152364accade195a6c538abf2,-0.031218193471431732,-0.02624567039310932,0.004972523078322411
e55b8c84665741fdae87c6e2b6215726,-0.015984389930963516,-0.021225860342383385,-0.0052414704114198685
e63b580425fc45b5a585a45523bac035,-0.03440479934215546,-0.03533037379384041,-0.0009255744516849518
e73a59216865449ab48d31a0880664aa,-0.02643112652003765,-0.024177858605980873,0.002253267914056778
e911f9e43fdc4d449b8ffa68913bb81f,-0.009960832074284554,-0.009960832074284554,0.0
e912d5da843f420c8c4cff156b085376,-0.027412353083491325,-0.027412353083491325,0.0
e991a1ce3020467da93fbc5947bd21e6,-2.9103830456733704e-10,-2.9103830456733704e-10,0.0
ead06ddfed704c82bdb77a1da54ca79e,-0.04582943394780159,-0.04582943394780159,0.0
eb0676ccc9bd45149ae65119cb8d5e7b,-0.008778712712228298,-0.011293623596429825,-0.0025149108842015266
eb5ea93bd45246329e50a6d7a93e3832,-1.6298145055770874e-09,-1.6298145055770874e-09,0.0
ebbc6ace4b3d439193e79261c5401366,-0.14411960542201996,-0.14411960542201996,0.0
ed5cb55854d54b9aa4aad5507b2efaf1,-0.001709131756797433,-0.001709131756797433,0.0
ed8368b711934a1b86f5a4ce354c39b0,-0.012665078043937683,-0.012665078043937683,0.0
edc5f9bd039342cb9403a18d2cee773d,-0.002888369606807828,-0.009639217518270016,-0.006750847911462188
edc9b93f9eb14d26951a0dae6f59e0a5,-3.7834979593753815e-10,-3.7834979593753815e-10,0.0
ee2408a3d247402faf8d56ac1c7b964b,-0.00578951183706522,-0.00578951183706522,0.0
ee4ed5937b704e428d539892d66275f9,-0.02807205729186535,-0.02807205729186535,0.0
ef26b90eba594df2ace0759e843427ac,-0.08191875368356705,-0.053010933101177216,0.02890782058238983
ef9b3594550a4e8a9e6442aa7b5c6be1,-0.11650409549474716,-0.11497627198696136,0.0015278235077857971
f05c77e8fb4e4aa69654c8174c2a9a42,-0.01567046530544758,-0.0020589246414601803,0.013611540663987398
f069f4c2bb91479db96f8702eeaf5f85,-0.01790335401892662,-0.019922342151403427,-0.0020189881324768066
f19a3c65dc7d4affbac8454665ace826,-0.01049119234085083,-0.01181007269769907,-0.00131888035684824
f20177ef6307471083339ad1a6766e2a,-0.010657815262675285,-0.010657815262675285,0.0
f3041fef2be544f28baf5606eb9698af,6.330083124339581e-10,6.330083124339581e-10,0.0
f31932ce754b408db390251167423dcc,-0.009554069489240646,-0.009554069489240646,0.0
f3599aace98a4c0890a8ea374dfd58ff,-0.04425811395049095,-0.04363260045647621,0.00062551349401474
f3a4d70109df4c7ab94f41474dc359cf,-0.00034470317768864334,-0.00034470317768864334,0.0
f3e3f5d995984303a0e32bee909dd2f6,-1.0331859812140465e-09,-1.0331859812140465e-09,0.0
f48a2f3579984916b433c86bd1ed849d,-0.006686042994260788,-0.006686042994260788,0.0
f69afa3eed11447eb559f49c325f02d7,-0.019297001883387566,-0.01469176635146141,0.004605235531926155
f6be08a0884649a1962595e505946c80,-1.4551915228366852e-11,-1.4551915228366852e-11,0.0
f75d70a9a0074c3ea84d4c5a221fcaf4,-0.01597900688648224,-0.01597900688648224,0.0
f82e1e7cf87b4ef1a4d6227b6851441d,-0.10993029177188873,-0.10993029177188873,0.0
f83a988f1f05475ca70bffb832a8574c,-0.02058139257133007,-0.005083033349364996,0.015498359221965075
f8d77275b248436794a049c74b69e9f1,-0.07938570529222488,-0.0815255418419838,-0.002139836549758911
f9b805aa15aa4061bd0de652ad2e67a9,-0.04469434916973114,-0.02124658040702343,0.02344776876270771
fa705f3462f4473b82ad8c86f1bdf90a,-5.820766091346741e-10,-5.820766091346741e-10,0.0
faae4d51453c4a8e9b3fe404724ddfa8,-0.028521716594696045,-0.02359921485185623,0.004922501742839813
fac5a8ceb81b45999571cf96a3562853,-0.003557157702744007,-0.003557157702744007,0.0
fb04d801ac16498388430bf66d8ec48f,-0.00358349597081542,-0.002931484952569008,0.0006520110182464123
fb254b29ff3e4d2a884e605d79d5f33b,-0.005474326200783253,-0.005474326200783253,0.0
fb907b8b05644df28d64d6e25e9a956c,-0.0005474755307659507,-0.0005474755307659507,0.0
fb9345e0cbf14c77bf67d30ed537df10,-0.003935733810067177,-0.003935733810067177,0.0
fcc1ead7c8f44d5a959fe6a08e25532a,-0.0011388034326955676,-0.0011388034326955676,0.0
fd9fd51be8a94204b37937f67853c055,-3.637978807091713e-11,-3.637978807091713e-11,0.0
fdd2da37faa44428ba9ce4a760f53276,-0.0024656718596816063,-0.0015745047712698579,0.0008911670884117484
fe4ad01f0ee044a6abb9f33cc1b6709d,-0.13718372583389282,-0.1368766725063324,0.0003070533275604248
fe87516995a947d285cd5d815f479eaf,-0.005303073208779097,-0.006926886271685362,-0.0016238130629062653
ff412638fb85442d8d8c4841a5adda2d,-0.015155552886426449,-0.015640737488865852,-0.00048518460243940353
ff701e8d5743462ba9f6bc60eff70ab9,-4.001776687800884e-10,-4.001776687800884e-10,0.0
ffb196e9479445ffb0de654fe62200f4,-0.010409703478217125,-0.010409703478217125,0.0
ffb6606ab731406797655acb2024a502,-1.1496013030409813e-09,-1.1496013030409813e-09,0.0
ffbe9a1ca3a54a6a8988edb7bf1ff759,-0.014255981892347336,-0.006974400952458382,0.007281580939888954
