sample_token,pkl_cheap,pkl_full,G_PKL
0037a705a2e04559b1bba6c01beca1cf,1.6550309658050537,1.6550309658050537,0.0
02229f185fe44a0780d24ed8a2b5af49,12.25892448425293,12.744224548339844,-0.48530006408691406
023a58306058440988b0ca496bdf9c2e,43.30852508544922,92.61577606201172,-49.3072509765625
026155aa1c554e2f87914ec9ba80acae,1.5308029651641846,1.5308029651641846,0.0
02651ca22b08484294d473d9c26cd9af,61.994483947753906,61.994483947753906,0.0
028a3f3a237e469cb099f6d9c8e7f2f4,299.9513244628906,303.0562438964844,-3.10491943359375
046d4e3b185a4b15b5784331d7633565,10.259607315063477,0.9759401082992554,9.283667206764221
0526f810f7754fe8b8a4ae62fc76c535,5.682100296020508,2.043074131011963,3.639026165008545
05699704028c40708d98ab16374fd748,9.787678718566895,7.443751335144043,2.3439273834228516
05cf2a68a2cf4ff1838034f8ecae0c82,21.296186447143555,27.773540496826172,-6.477354049682617
05e8bcefb9e442ceb0c8d16b745974e0,3.647458076477051,11.071592330932617,-7.424134254455566
0637df67b6fe4c5087e9139089ba1b49,109.91761779785156,112.98675537109375,-3.0691375732421875
08254b97198045d98009af51d144d147,0.7639228105545044,0.44421517848968506,0.31970763206481934
08303db5860e4e67b5b4ab7c30d41902,22.113513946533203,12.894086837768555,9.219427108764648
0963783c3e71478fbba311287a1a5b42,61.082794189453125,49.111610412597656,11.971183776855469
09e58f5b8acb45a9a9c8c186895efa59,33.98618698120117,60.78227996826172,-26.796092987060547
0a535567072a48a38a7213778550dcaf,0.46111735701560974,19.04381561279297,-18.58269825577736
0a66d3360b3e46228e210dd6a651ded2,299.36212158203125,302.80828857421875,-3.4461669921875
0b47858110f442afa33226467f596df7,1.215205192565918,2.232341766357422,-1.017136573791504
0ba00e2623814934b1b00ec2b461a125,0.35901105403900146,0.3427654504776001,0.016245603561401367
0bcb08a96d264c8ca9f2119c6b0dbeb2,6.249418258666992,5.654935836791992,0.594482421875
0d2ebc600fc449f6b7a95f1f69ee52d1,1.3147889375686646,1.3147889375686646,0.0
0e27960b86db475e9dcf750295deb1b7,26.234237670898438,26.234237670898438,0.0
0e8782aa721545caabc7073d32fb1fb1,34.672935485839844,45.33108901977539,-10.658153533935547
0f5cbb909e9544dd861dc2ff63ac4d13,269.533447265625,269.533447265625,0.0
112aa7a7edfc4df6b8e9775b14f74e12,4.892453670501709,3.5543460845947266,1.3381075859069824
11514e9bc4184a1f8bcdc1fe7aafad2d,20.23130989074707,8.748929977416992,11.482379913330078
1175f341a78a4877bc5257cbc763aef5,58.68282699584961,53.03611755371094,5.646709442138672
1259283ec9f549d4b26c98ee76c654a6,0.3311251997947693,2.253783941268921,-1.9226587414741516
140c678882194ae69e47136c81168b6d,71.47383880615234,71.47383880615234,0.0
149f03b275944abc95aa59709a726bff,303.7140808105469,302.3861389160156,1.32794189453125
14d5adfe50bb4445bc3aa5fe607691a8,1.5232770442962646,1.5232770442962646,0.0
15222be375f74f0d843a4289d18c746a,22.507373809814453,22.507373809814453,0.0
1525755f9f8948f1a2f056039971fd70,1.6160953044891357,2.2211318016052246,-0.6050364971160889
15e8288c2e60438bb4d65702ff0df804,6.405064582824707,9.673871994018555,-3.2688074111938477
16011bbf9d634b099c5ff9a352d26c9e,1.0445492267608643,3.734793186187744,-2.69024395942688
160fa0f8e77b41409a98341093a7cace,39.37882995605469,132.58912658691406,-93.21029663085938
163b70e627854893b88575caf85a56ea,22.31945037841797,14.486662864685059,7.83278751373291
16a2b81fe8554e7cb545a6df0b594977,0.929509162902832,0.7963896989822388,0.13311946392059326
16c4a3eac2a54160a30b559855584cd8,5.870521545410156,6.285488128662109,-0.4149665832519531
1735e827e28040969f9172469b5f71a5,17.323036193847656,17.323036193847656,0.0
1808fbc3531c415fb77531c05b2547ae,0.9253321290016174,0.9771963357925415,-0.05186420679092407
185dd9f6bc6b4cffbb23ac2ed72b3bb6,6.21060848236084,2.856175661087036,3.3544328212738037
18b3ef8c389240f39196a55621eb1930,127.08331298828125,108.04231262207031,19.041000366210938
1906aa07e1914059914e62ee02ccb50f,44.80165481567383,44.501007080078125,0.3006477355957031
19689911bd0e40adb943b0f97ea84a6a,0.9963972568511963,0.9963972568511963,0.0
1981ee55006c4e00823d29de105d1680,2.301800489425659,29.213397979736328,-26.91159749031067
19ffc60b7e9f429cbca0dbd5e2fc2e03,9.769885063171387,10.33352279663086,-0.5636377334594727
1a9894a106fe444c9f35126426563d43,281.4823913574219,271.04595947265625,10.436431884765625
1ac0914c98b8488cb3521efeba354496,120.0760498046875,116.25682067871094,3.8192291259765625
1b5a6659994e466991ba17e9998fc05e,0.47058141231536865,0.26972782611846924,0.20085358619689941
1c5d68d702df41fab44824a6b8e360c9,280.92803955078125,256.19342041015625,24.734619140625
1c79e219a67b4dfcb42b0628d6c76eb0,22.751846313476562,21.186304092407227,1.565542221069336
1c81b06c812b47788462c31f58b6c1d0,151.30059814453125,151.30059814453125,0.0
1c8ec6c1dd614d3fb8b8849dc8756a9a,28.162158966064453,29.26680564880371,-1.1046466827392578
1c99c1f837fa457085f86e4afab500ed,102.98979187011719,100.82801818847656,2.161773681640625
1dd5d04e621f4fe791bff994708af69b,150.26547241210938,150.26547241210938,0.0
1e19d0a5189b46f4b62aa47508f2983e,21.352312088012695,25.667255401611328,-4.314943313598633
1e4b165a3a904717b30f044322edfa14,0.8557676076889038,0.8557676076889038,0.0
1e9f7d6d4f394cbcab3dc1d83ab86536,18.521028518676758,20.513031005859375,-1.9920024871826172
1ecb668fec5d4f27bdcd6832ac687dce,3.926314353942871,1.6479295492172241,2.278384804725647
1f1982e0b2a64ec2b2aba3a41175ab6e,9.985801696777344,9.604141235351562,0.38166046142578125
1f1a315571894e99a53928e74e5efcad,11.176470756530762,8.906610488891602,2.26986026763916
1f40bab191dd4d6c94cb3cbde8a474f0,96.369140625,100.87804412841797,-4.508903503417969
1f94fe5edf784708b55707a1a7754fb9,95.43829345703125,95.43829345703125,0.0
20684b77c01641e7a5ada48308a0b1e1,9.64330005645752,9.64330005645752,0.0
20d3e54ae277464daafd2a078b830170,3.8526697158813477,49.4493293762207,-45.596659660339355
21971c1ec4644d608f8c08bbfd4059f7,0.8653714060783386,0.7553775310516357,0.10999387502670288
21b99febc5c14f7385e787fe81e96670,24.20389175415039,33.42487335205078,-9.22098159790039
21efb26e944244799f3e163dcdd7285f,35.629974365234375,35.629974365234375,0.0
22141d99bca241658083cbbf3c7dcaf2,35.443050384521484,28.696975708007812,6.746074676513672
22189c1013dc4263b23764258e8f0c21,35.345481872558594,33.379913330078125,1.9655685424804688
22ce804db92749a1aee3a08ffbecfbbd,29.441238403320312,23.418813705444336,6.022424697875977
23dc1b528c734082b8b3bfd9757f0eb3,25.613109588623047,19.573570251464844,6.039539337158203
244e2876a6744249814936b24b6b03ea,2.9350619316101074,2.9350619316101074,0.0
248b69faea5d4dc6ae0106c95d48ece8,36.14564514160156,36.14564514160156,0.0
250a57d8617045ad8cb35a00285a1703,38.589622497558594,34.522438049316406,4.0671844482421875
2531f1309b364aa58fef2bb536d6639b,45.131561279296875,45.131561279296875,0.0
2577f859f0fb47a3a21cfc7c95650d26,2.7683846950531006,1.3513431549072266,1.417041540145874
25fbd2d7377449aabfd2173c3a0a418f,2.6498608589172363,2.6498608589172363,0.0
267340cfbeb4415f9f74090750e237ab,1.691643476486206,2.44734787940979,-0.755704402923584
296e524f77ca4fad9d95e3dfe54c1259,77.20868682861328,77.20868682861328,0.0
2a1c825acff04f808c6451e9e28b2d17,11.640398025512695,8.115211486816406,3.525186538696289
2a8c82989fcc4edca9772cd20bf34b07,115.78865051269531,115.80078125,-0.0121307373046875
2ab5ae2167d94c37987a69ef23b3cb6b,122.80245971679688,127.984375,-5.181915283203125
2acfc4b99f084778bc484fa1eef1b79f,2.6546175479888916,0.8088464140892029,1.8457711338996887
2b4441336efa4a649510d33c96ca53aa,10.459768295288086,10.459768295288086,0.0
2cdbffa384a5478babff79039cac4e75,18.24293327331543,14.341304779052734,3.9016284942626953
2ce065a0fa9e4e4da888abc18fa100c8,1.1062556505203247,0.8653255105018616,0.24093014001846313
2d04e796e3de4102a0e367a0516e6e4e,12.783210754394531,2.628262519836426,10.154948234558105
2d0f28162f864ad391ddeefb4aaf5b05,1.3870844841003418,0.3689042329788208,1.018180251121521
2d30b6e4f3094fcca0fe91fb288a6a0f,0.9099650382995605,2.597222328186035,-1.6872572898864746
2d3694bf122e4349a984883bc48f6018,5.886147975921631,5.421896934509277,0.4642510414123535
2d800e7c6d03460e8532daba3641f5d2,90.43501281738281,88.78948974609375,1.6455230712890625
2de4836c1a1e4d1a8c2d73a3af31fd47,30.97795867919922,10.8933687210083,20.084589958190918
2e743b1fb9a34383b88bec3e7792ad2a,3.583475112915039,6.444613933563232,-2.8611388206481934
2eb164aac518499f86fb04de8f9e52f2,36.384674072265625,16.49149513244629,19.893178939819336
2f26712f9c484ced857e42dc425d1d20,12.559539794921875,13.297581672668457,-0.738041877746582
2f5de0aeca704127925cf8490ff5a21d,65.6652603149414,75.5120620727539,-9.8468017578125
2f9f3852a80347e3b3a3ebaa5946bcea,14.058026313781738,13.094191551208496,0.9638347625732422
3064a6b9b3f04e5d8e51eefb4be8506a,18.85067367553711,22.510923385620117,-3.660249710083008
3078e2541d58490cb8bad9de7801b7cc,48.90086364746094,10.629684448242188,38.27117919921875
3097b27c66c448d58aee1c54958466ad,0.46805042028427124,0.46805042028427124,0.0
30ad11916547467183371af9e1faf298,292.9260559082031,294.91046142578125,-1.984405517578125
3164b1a6aa024beea62d3b14fa78d747,3.728088855743408,2.418795108795166,1.3092937469482422
32dbf4593eee4f7384dcf576b2344059,23.568490982055664,22.56329345703125,1.005197525024414
3307d1211dfd442db4a6ae544c2ae197,0.6434122323989868,33.05065155029297,-32.40723931789398
349fc724f9d84aeca8afe4af49d05986,7.302560329437256,7.09043025970459,0.21213006973266602
34dc0f073e864d70b6e2b09c5b3ed032,21.589805603027344,27.36621856689453,-5.7764129638671875
3623e20bb2e647a280cbb6d8a0b50874,3.392228126525879,7.994763374328613,-4.602535247802734
36d4e4bf966e467bbee01dd6e63d5cce,0.8855209350585938,0.8855209350585938,0.0
37b3d16060b442d5b6175cbebefd09a7,69.53289794921875,65.93263244628906,3.6002655029296875
38bde80644fd47f4b08d8de873a8be1b,2.6561994552612305,11.941879272460938,-9.285679817199707
38c0c7b30e1142e4bc0833c2d489c493,13.884812355041504,15.232404708862305,-1.3475923538208008
39a5d8e9868d4dcd9cf8386068c903b3,42.68015670776367,42.68015670776367,0.0
3a2c3d1efcea439cba29f425cdf5fbe0,6.024896144866943,2.1949334144592285,3.829962730407715
3a56f761366a4338a35bccfe7b08befb,24.763877868652344,18.410253524780273,6.35362434387207
3a9918ace7f3435ea3fe8a024cb3f181,13.702081680297852,13.10925579071045,0.5928258895874023
3ba93f957fe54c8c891a2cd5992e65a9,11.852108001708984,8.892799377441406,2.959308624267578
3bb2aa82346340a0903bf05257735f71,13.943273544311523,31.31964874267578,-17.376375198364258
3be45164a35e465cbfbc3c20ef060718,5.683343887329102,7.390569686889648,-1.7072257995605469
3c1ab7d886244645ba1cbfad95326d21,56.82335662841797,57.69023895263672,-0.86688232421875
3c4da98d05c74a74bf49867b6ccbc754,11.642602920532227,13.670923233032227,-2.0283203125
3c7b830b41274d04a8ecf415cc802c43,32.95366668701172,27.32844352722168,5.625223159790039
3d4112671b8c4d8393a0b32d6d75287a,5.389174461364746,1.622852087020874,3.766322374343872
3d905993341a42da8a4a951fb439682b,18.841129302978516,12.35277271270752,6.488356590270996
3e0c8a049c7e4cf2b1aa8a8387b045c7,23.61821937561035,32.34230422973633,-8.724084854125977
3e743a8cf0394f33b45a4c15149d014b,297.3367919921875,299.8187255859375,-2.48193359375
3f16f295d3e44088aa24a88b740f90bd,1.5695432424545288,5.784492015838623,-4.214948773384094
3fd8074cf3444290a8cf4ddd3de0ffc4,60.23564910888672,60.40144729614258,-0.16579818725585938
406d55a941a04eecb7851831d9044178,6.464794158935547,3.4780497550964355,2.9867444038391113
40a982ccf9564c6ea574f1d75f8a7dc0,5.277917385101318,5.277917385101318,0.0
40e413c922184255a94f08d3c10037e0,4.745472431182861,4.745472431182861,0.0
41a751b9f46a4fcd8529557c46cd919e,281.7792053222656,301.36517333984375,-19.585968017578125
421215a3574d445db2bac0574bb34b67,1.0071806907653809,0.8886401653289795,0.11854052543640137
4213954afbbf49db872817069f73ae7e,304.4045104980469,300.4568176269531,3.94769287109375
4254e88744744d1da84ff59eb26d5e82,5.070206165313721,5.789172172546387,-0.718966007232666
4404961302234ce8ad5fddbd17fbcc04,303.68011474609375,301.6346435546875,2.04547119140625
442d1845be554fc49b9ee04c70492b29,6.628543853759766,4.2374444007873535,2.391099452972412
453eb1d22e3147a183224ebd756a9c57,18.660587310791016,19.84001922607422,-1.1794319152832031
45731d093e2e4bb590ca10bbfb198eee,1.906059980392456,3.124534845352173,-1.2184748649597168
47a1ea38aee04afcb5651a090a9c88fe,8.231860160827637,7.934026718139648,0.2978334426879883
47d74378d3e04fa6bb3132928c0f9fa4,2.0004403591156006,1.9195876121520996,0.08085274696350098
47f40eb09dcb40b9888d81fb4b872ac4,4.590226650238037,4.685421943664551,-0.09519529342651367
47fce09b77e44bb1810cedd61628ab1f,30.770401000976562,122.55340576171875,-91.78300476074219
480afd6a2cac456ab71ae46506e30335,1.2008445262908936,1.7672836780548096,-0.566439151763916
487e37c966514fe58858a7003dfe2f18,12.868746757507324,14.834030151367188,-1.9652833938598633
48ea4572f95c47a083efa79997c4a506,33.40724182128906,55.40595245361328,-21.99871063232422
496c5144cca24c2f86607f9d7f26e90e,30.48736000061035,31.277843475341797,-0.7904834747314453
4996d203a43242c2b26d62b68aa2067b,22.28095817565918,22.28095817565918,0.0
49f8376cd6b34f07b20ed6d5b5b42acd,89.63958740234375,99.78584289550781,-10.146255493164062
4a4426ac48d54f9590573ea48b1e76fc,17.105558395385742,3.0739336013793945,14.031624794006348
4a4ea75ecf81469988905e6bd73bf49d,30.107418060302734,20.554500579833984,9.55291748046875
4a7e82f96c7d487686ae95b6384b77a5,78.76445770263672,78.76445770263672,0.0
4b6fcdc1549847c395d07fefcbdc16eb,92.17074584960938,87.51029205322266,4.660453796386719
4b9f0142681249f9896800b278a1fd0d,10.739605903625488,10.739605903625488,0.0
4cd53db3b63b42caba9e8f6a6ea70eae,73.81661987304688,76.45457458496094,-2.6379547119140625
4d1040b4e7804bc395186572f5ee281c,5.032944679260254,5.116342544555664,-0.08339786529541016
4d37ee8f85284d62a1f7465e2b005643,28.224016189575195,26.95277214050293,1.2712440490722656
4dd38dcd4e8549d6a37938285f886117,2.2678139209747314,2.2678139209747314,0.0
4dfab70f0b3f405bbf17f7c534d2dd91,0.2185567021369934,0.2185567021369934,0.0
4dfb0052fe944420acddf5d376755dff,62.39286804199219,78.25617980957031,-15.863311767578125
4f0f533c84c4493599f2eb3a60882b16,6.336544036865234,4.974675178527832,1.3618688583374023
4fbd8ca56cc942cfb092846192fb3bd3,25.062213897705078,22.849796295166016,2.2124176025390625
50584518abf2443da57a124020086b69,8.929430961608887,10.218156814575195,-1.2887258529663086
50c37d323ce248219f6a4f266d41daae,3.061713218688965,12.276167869567871,-9.214454650878906
50d86a5cd45440c89e895a5d20ea5267,16.784290313720703,81.65951538085938,-64.87522506713867
513cdbd6707a4bf9b7699d549ff65e6f,7.931769371032715,7.453989505767822,0.4777798652648926
515ffe0f141445ed8e0de6e674b64060,27.97626495361328,95.7440414428711,-67.76777648925781
51b0f4727e4748a1b48162866ea48f3a,3.6170237064361572,69.44026184082031,-65.82323813438416
529080134759454a8176daca17b87a15,303.87646484375,299.6831359863281,4.193328857421875
52a22c3edca1431789ecfb9bb65a01ff,59.995635986328125,59.995635986328125,0.0
5369488db9e94abcaacb56ed00a0def6,36.537986755371094,36.88690185546875,-0.34891510009765625
53a80b41beee4a1eb751e3dc89af5765,92.53561401367188,79.847412109375,12.688201904296875
53e9e509e9e94f799620e2d554356c4d,31.234739303588867,17.937297821044922,13.297441482543945
54fc3928a8bf4fa483ae707a07c9da60,3.594330310821533,3.594330310821533,0.0
557954f121394533b582e88eac8017ad,36.66139221191406,36.66139221191406,0.0
561cf9acfda645b79bc52ec82537970c,7.464112281799316,11.468294143676758,-4.004181861877441
56f2d967734747c181e8cac27acef265,25.849687576293945,33.23907470703125,-7.389387130737305
5791344561914f83bd244e26e95b4a2a,300.797607421875,292.3974304199219,8.400177001953125
57a79294b87e4b55a7bcf58f7f8c6326,45.08930969238281,24.109867095947266,20.979442596435547
57d5c2256bc947459903ce56c91e9b78,98.08135986328125,105.60716247558594,-7.5258026123046875
59a27b7fc76541ea92d79f7d4c62a2ec,22.87982177734375,23.30518341064453,-0.42536163330078125
59b048ee1ed2466c973e45f9e79ce5d1,0.5181414484977722,0.9953644871711731,-0.4772230386734009
59e6f43c31be472393ee5c8dcc45f9cf,103.2611083984375,95.37185668945312,7.889251708984375
5a85db16e41543e5bcfe5341d3c85787,2.7012882232666016,0.9657887816429138,1.7354994416236877
5b426b1475f746f7904f2bf1db929852,4.132822036743164,4.132822036743164,0.0
5b58b84c5f28465e83690772812e8b3d,24.169105529785156,25.464420318603516,-1.2953147888183594
5b89841bc40a436891223751749416b3,1.707836627960205,8.563766479492188,-6.855929851531982
5c27958677604dc5ad254f69f31aaf85,4.638723373413086,5.374575614929199,-0.7358522415161133
5c6f3a7e402c4985916cd6ed07e66f6f,139.23902893066406,140.49026489257812,-1.2512359619140625
5c95b81d9d404c219b4393da7e020280,0.9637532830238342,0.9637532830238342,0.0
5c9d217c4af14c608c7b5f9469dd488b,276.23773193359375,272.29022216796875,3.947509765625
5d054297a2bf43638a1d37cbb2ea2365,28.453670501708984,2.975621223449707,25.478049278259277
5d0fc4d327d2439db96cd66818e1862f,4.110182762145996,3.9848833084106445,0.12529945373535156
5e4e25f87ec84942ac459a55fe064330,19.14712905883789,24.355859756469727,-5.208730697631836
5e75205506604b6a992c08ce91a92d22,1.8680694103240967,1.000961184501648,0.8671082258224487
5edf36a058ce4849bc6371629bea8a69,12.041769027709961,12.041769027709961,0.0
5f88b9a41f264ebbac7976bf4c796d21,257.07666015625,257.2419128417969,-0.165252685546875
5fe961cfd2b444b0898c3abb7c969e77,1.3929846286773682,1.2898648977279663,0.10311973094940186
5ff472758749447ca27827543e5d50dd,305.64190673828125,305.105224609375,0.53668212890625
604a8ce58d0b4f94a93db370813edf94,81.68911743164062,67.42752838134766,14.261589050292969
60565417b2584f15965a0e22c6f6d317,36.078338623046875,15.402336120605469,20.676002502441406
610ef5fb746c466f810f665b3e9d5b4d,0.6397823095321655,5.327888488769531,-4.688106179237366
6180726fc8744ea2b129ebaad6f79cee,131.07135009765625,128.53970336914062,2.531646728515625
62f92bfdea694388b2f13c5d04cc7148,109.16905975341797,124.84904479980469,-15.679985046386719
62fb6b14e6a2451f96ef753672d3a381,3.920494794845581,3.94728422164917,-0.026789426803588867
636c9024749e46ee8a9987b58e2cf802,6.285440444946289,7.374462127685547,-1.0890216827392578
6518b3cced45431b8f8809c040fa0bd7,6.0804924964904785,6.0804924964904785,0.0
65282c155f014646868b295b7c6d6e52,1.1234849691390991,1.1234849691390991,0.0
6531528030c2484abde7201ff31c05c6,13.941323280334473,9.788385391235352,4.152937889099121
65c8d9839556423b87a4edffb70b434a,142.75982666015625,142.17724609375,0.58258056640625
665e155d1c3c4abdb5129b35b80c3b1b,7.320435047149658,5.137537956237793,2.1828970909118652
6711467d3a2146c0a90f6a69787d8648,4.030008316040039,2.092848777770996,1.937159538269043
674ac51c90f444ffa066c3aa15991728,23.120542526245117,7.390655517578125,15.729887008666992
67b146ff35ba4f84b3e6276a8e8ff65a,0.558607816696167,0.29161861538887024,0.26698920130729675
67cc592aa2b94371a450ca2c7f4397ce,3.630981922149658,8.419790267944336,-4.788808345794678
68c0cfc033f54e919e5f1975765f55d0,0.3667152523994446,1.3702213764190674,-1.0035061240196228
694bf9809dd34036b8e22b164be1f842,8.235628128051758,8.235628128051758,0.0
6a85b1377e5c42dfb6e125b2cb0a4ec8,6.715084552764893,1.4241704940795898,5.290914058685303
6b10154e2b3146ab85b43f3cfe053d6d,0.11120330542325974,0.7762414813041687,-0.665038175880909
6b3c851413064994bb0babae7e74efad,146.04946899414062,146.04946899414062,0.0
6b615c1f0be2421dbb6337ea8d5ee04e,56.90224838256836,45.8365364074707,11.065711975097656
6b72920576b04269ab1b929599e8dc79,42.95713806152344,45.80723571777344,-2.85009765625
6b9af38cbf654171870cb14b4ae89fd6,38.51582336425781,42.97105026245117,-4.455226898193359
6be3fbcf5c224508adb27b4b703b6625,303.9473571777344,286.74542236328125,17.201934814453125
6bf8421a1f32469f99868bbbeea9a200,143.28738403320312,200.16250610351562,-56.8751220703125
6ce8c5bbf572476d84ade686fd21a09d,44.27581787109375,40.34305953979492,3.932758331298828
6dab8a84451a4f01aca9352708196964,5.228531837463379,6.301423072814941,-1.0728912353515625
6e0955c28ecb405b98d91b089761dbbb,33.78314208984375,22.477710723876953,11.305431365966797
6e80e8ce36464a0d8002e1924f3391cb,297.460693359375,294.718505859375,2.7421875
6eb8a3ff0abf4f3a9380a48f2a0b87ef,14.751669883728027,14.343996047973633,0.40767383575439453
6ec48adcac3b407ca77de01d2c600bf4,124.99711608886719,124.99711608886719,0.0
6f56f5d8c2f84038a5086ec52f5027a1,11.012121200561523,9.042081832885742,1.9700393676757812
6f5b556ef64b47f596df0314f6db9f99,9.947717666625977,9.947717666625977,0.0
6f6e36cd57714b92ad8a0e6dfc57f767,6.860151290893555,2.8573105335235596,4.002840757369995
702718159551426784c32a0722aac622,11.416067123413086,10.541596412658691,0.8744707107543945
70fce5a2055144d093d21875e8da0b7e,300.90716552734375,299.6317138671875,1.27545166015625
713882a28f2442098451f77f1362d326,12.465597152709961,3.1762940883636475,9.289303064346313
717c45682e15432f9862e47775b9b80f,3.045987844467163,4.672354698181152,-1.6263668537139893
71b80d6861c44bc69bc468d54625bd73,93.04737854003906,92.17616271972656,0.8712158203125
71be7481176747a7aff4ef5143b18e2a,4.960652828216553,7.450199604034424,-2.489546775817871
72120150a5014fa6837585f0c4429110,284.2521667480469,315.45623779296875,-31.204071044921875
723ad93330684af28bd8f329092efa7b,6.5287184715271,0.469815194606781,6.058903276920319
726c4eb7ce3e490e908dfc5a5ad9dd19,9.594396591186523,10.86419677734375,-1.2698001861572266
72fe05b8fd804c7eb2edba7554f1f796,38.6135139465332,45.02760314941406,-6.414089202880859
733e12b439b846169b3f8214a89ed8c4,4.1072869300842285,1.430214285850525,2.6770726442337036
73620d31303a47f9a86908f6157370f9,25.612104415893555,91.41615295410156,-65.80404853820801
73a3e6b8189f445baf70c080117d3bf6,2.5397214889526367,5.802492141723633,-3.262770652770996
73ce29fbb23b4fdda87da12569830fe0,12.178909301757812,17.960834503173828,-5.781925201416016
75023dda46de40c3953a0a67a31de816,6.5414533615112305,6.7923736572265625,-0.25092029571533203
7586016dd8d4458aba6f7a88b3ab21b4,300.4632568359375,269.6554870605469,30.807769775390625
75ce3975720942779e8f2a56309de167,87.13970947265625,144.64718627929688,-57.507476806640625
7604c6ea363c4a4a8fcf574281a7ac86,2.106717824935913,0.620574951171875,1.486142873764038
7613f642104247d4a792553d4f2cdfee,301.83917236328125,300.6544494628906,1.184722900390625
7616699455044566a7bf555d476f5799,67.04292297363281,67.04292297363281,0.0
7693424bd4b04229b08c578b256a7de4,124.27780151367188,120.26026916503906,4.0175323486328125
76ffdcc4676f4b75b7adf32b0ff47c4a,2.8600821495056152,1.5697299242019653,1.29035222530365
774f588fe35f46338735d6c72c94de28,3.0746817588806152,2.796078681945801,0.27860307693481445
7760d89f50a947d78929ae468844c25e,46.79332733154297,29.456695556640625,17.336631774902344
7778e7e99779472cbb886e43dbc9a1ea,2.6181960105895996,2.625412940979004,-0.007216930389404297
77b3e8a94b22491a97efb1e8f2b742b7,93.3916244506836,108.43820190429688,-15.046577453613281
77dda60825f246ecac50f1411e851fdc,14.801152229309082,14.801152229309082,0.0
77f6617716654cfb8e313f0cd69e04a6,2.7937917709350586,1.644620656967163,1.1491711139678955
7844c7bf21ce4114a8ef64b3a46a579b,3.099209785461426,4.668103218078613,-1.5688934326171875
78828ab1fe6e4b8882729099326a5db6,2.599883556365967,5.1807966232299805,-2.5809130668640137
78b6b787491441fa864d6bd9382d5701,54.54354476928711,54.54354476928711,0.0
78be3bd5f1f146cdb1b7120bbf8a218c,16.801061630249023,11.853338241577148,4.947723388671875
79a822a6858f451ebde3a7595252f22e,306.5438232421875,273.43133544921875,33.11248779296875
7a903ae4cbb0466093fc117258a31efc,4.8815202713012695,7.02752161026001,-2.1460013389587402
7ac61a641ce14bbdab9e8af6aaa6081e,2.399864435195923,1.1112923622131348,1.288572072982788
7aca59dc11fb484da90cbabc1eea0be5,297.4887390136719,300.76959228515625,-3.280853271484375
7c0aa537b98344bea85226ba8148ae98,67.70480346679688,67.70480346679688,0.0
7c7ce7a97984492b9a5c76327bc90610,62.14661407470703,63.98077392578125,-1.8341598510742188
7c8b7e6b9a5c46df898321470c81c8e8,51.450279235839844,65.23226165771484,-13.781982421875
7d1d71e3ce5745f7b49b9c2e5991a45b,6.685438632965088,5.416774749755859,1.2686638832092285
7dfa2547d5ff46aeb0229c166234dabf,4.937339782714844,4.937339782714844,0.0
7f06772548b74f3a912afe867ba70a6d,5.8087663650512695,1.6755597591400146,4.133206605911255
7f11a83e09d4433a8b2049c739c284a7,30.48656463623047,29.57583236694336,0.9107322692871094
7fbf9f1634a64bfea374596abdfec3d9,97.08447265625,86.18959045410156,10.894882202148438
7ff1f84a3c184434a366282773ca9572,32.84584045410156,32.84584045410156,0.0
806011e8a7114eca971fd0f6b95bcd4b,0.5016837120056152,0.5005409717559814,0.001142740249633789
808fabcc3ed441afbd6bdddc929887f3,1.2426897287368774,2.1143462657928467,-0.8716565370559692
80a992a086714b53b833720d775931c1,294.0548095703125,316.46380615234375,-22.40899658203125
828a847cc7174a7d9c8058734ca6dd6e,7.884387969970703,7.884387969970703,0.0
847d19905eb24a379479a944ac3dc6d5,4.4056291580200195,4.709725379943848,-0.3040962219238281
848eed388a5c47d5b3cdbeeb15c2f856,8.526788711547852,57.7301025390625,-49.20331382751465
84b5d2fbf0c24b23893f4d037c306b3a,7.154202938079834,6.77091121673584,0.38329172134399414
852490943ea64291ae0f85dc0d49825a,2.2012147903442383,3.1431827545166016,-0.9419679641723633
8584cdee278d4bf89e6620ab02d15a7b,8.916576385498047,50.84770202636719,-41.93112564086914
85b8779598cb46f89538faa1d7117404,18.462570190429688,64.38578796386719,-45.9232177734375
877f55a6d8324fefb5e0f5e0bac3d7c1,160.94219970703125,175.81626892089844,-14.874069213867188
885aeed2512341ccbf84ca64d4e58ded,24.381977081298828,57.40473937988281,-33.022762298583984
8887f956960c40df8e801576ad31ac93,0.040703702718019485,0.49738019704818726,-0.45667649433016777
888dd9afb9bc43e2bfbc5e92835a2b26,18.443675994873047,17.957157135009766,0.48651885986328125
88a6b5e35eb44deba6b1065d74b0a3c4,142.48614501953125,169.45570373535156,-26.969558715820312
88c4bf6c96624c9baf7ca0f98c790034,20.788108825683594,20.788108825683594,0.0
894616d89edf41b8bbfd542a150e8fbd,0.6920765042304993,0.6920765042304993,0.0
89910914b61e442f967bea60eb5ed44f,4.440529823303223,3.4434566497802734,0.9970731735229492
8a0af59b07f543a0a165180a12472d04,2.4200382232666016,7.812201499938965,-5.392163276672363
8ae5818912bf4a8db24b1690d83034ac,159.07614135742188,134.24282836914062,24.83331298828125
8b06ab55378f4342b38c3b25b115e38e,37.07930374145508,37.07930374145508,0.0
8b17a8d9c23a4a849ec471da90fec39e,6.500391960144043,1.9147558212280273,4.585636138916016
8d1c7b2b85fe4befb66efe9e05e0d939,4.887178421020508,2.9462742805480957,1.940904140472412
8d966583bc7c4627a2437be13761529c,1.3567280769348145,1.2855428457260132,0.07118523120880127
8ddac045b61a412fb54f4d5870e0516f,5.245189189910889,6.96846866607666,-1.7232794761657715
8de7ec06e1ac48c689c4d24d6cc64fd7,1.5924725532531738,1.3979178667068481,0.19455468654632568
8df9376254584396bdfaa521242b4757,0.7679274082183838,0.7679274082183838,0.0
8e46878ced734164aae0e83567aa02a5,9.174615859985352,9.174615859985352,0.0
8ef17257025146b19306abed70229687,5.756595611572266,2.813648223876953,2.9429473876953125
8ef8d4b6b837492dab9785c3e33d936b,36.294219970703125,36.294219970703125,0.0
8ffab42b57d14c6cb0486620d8675a74,6.102967739105225,6.190082550048828,-0.08711481094360352
901cfd30cb2a4fdba55095f9ec0fed34,267.5118408203125,277.5906982421875,-10.078857421875
903d85bfc48b437ea725fe1c32bf3401,25.430147171020508,23.39962387084961,2.0305233001708984
9124545509cb45e1b79168bead041f06,22.385398864746094,16.599464416503906,5.7859344482421875
9157f0c9ea4441a89b91d623f0157fce,58.89434814453125,58.89434814453125,0.0
917a76cd5f564387bcacc22537010630,271.7991027832031,4.229299545288086,267.56980323791504
9253e18a84404e25b1eb4433905ad579,9.568923950195312,9.568923950195312,0.0
9281ea172d9e43528e65fca81e2006d4,63.42138671875,60.59228515625,2.8291015625
92c817e6a1b4445ea8505dca77d023bf,8.131683349609375,10.399576187133789,-2.267892837524414
938d0ee9763d44b6a01b7dbbe2240c85,4.4822998046875,5.057451248168945,-0.5751514434814453
93d437c833f24dd9b14a406d199113ff,2.657318353652954,7.019405364990234,-4.36208701133728
947147c686d04c168ee8604b2f43bd46,31.596094131469727,27.764955520629883,3.8311386108398438
94b913a2bb1e4f18bc10509f644d539e,282.5656433105469,286.55218505859375,-3.986541748046875
94e396a143d64345a09f671443f942bc,297.8539123535156,300.07672119140625,-2.222808837890625
95024749968b4c5db7c4830da4d2d475,42.31855392456055,42.31855392456055,0.0
950d6f7fe8ca41538582327bf45afcc1,31.272720336914062,8.9767427444458,22.29597759246826
9568f067471847f3b10432b4e53a43ba,0.5754128694534302,0.6564755439758301,-0.0810626745223999
9573d00b8d3d4ca5badde36566ed0c84,4.344664096832275,63.19953155517578,-58.854867458343506
9577cf1a1f31414d90358bd7b104b615,145.82827758789062,145.82827758789062,0.0
971fe52375054e499551b963e85e1fcf,3.007606029510498,3.007606029510498,0.0
98592cf269d34c80bdb23c6fa2708db8,43.949031829833984,56.67915725708008,-12.730125427246094
98a8d1c359d54ed19060d3f0f5867468,35.251220703125,5.189120292663574,30.062100410461426
995b3a75250b4fc5a5b785f90b5e739e,3.6290102005004883,0.9022780656814575,2.7267321348190308
99ccc70f143b41bf87ef7be9dc4d850a,88.05088806152344,90.77466583251953,-2.7237777709960938
9a2209d8b19045f4a0d52af5d5c23a78,86.40116882324219,78.59049987792969,7.8106689453125
9a95f1a1e26843fa91963c1131b3c53c,6.775393486022949,8.45833683013916,-1.682943344116211
9bbe4968739d429b9e6a05b60690c67e,39.75518035888672,39.75518035888672,0.0
9be682790a634b91b334b633fa43010a,84.00395965576172,85.15233612060547,-1.14837646484375
9c2cb01fe74e49e1b9d3b8ae3fa72299,6.858028888702393,9.818975448608398,-2.960946559906006
9c3458157e3641dead10c9d1bfa06c5b,3.0650038719177246,4.661627769470215,-1.5966238975524902
9c6aa2cb631841abb2cd4bebea86d03f,8.49169921875,11.928295135498047,-3.436595916748047
9c75ddb5976343c3b7b33e8148d3eeb0,25.238033294677734,36.323184967041016,-11.085151672363281
9cae01630a3c475080fedef5d59297be,278.0334777832031,277.11126708984375,0.922210693359375
9ce5d3ae2cce4a0aaea1626e752f65d9,133.57867431640625,133.32864379882812,0.250030517578125
9d0e1d796b20401a862602bb02d613b4,17.323680877685547,22.64600944519043,-5.322328567504883
9d601e6912d04c77951c173f6012ee6f,6.64243221282959,6.64243221282959,0.0
9e28820bd2ba4eb480e1b9079f17c30c,19.46115493774414,16.71407699584961,2.7470779418945312
9e527ac110c84d6daa076e018aeb7a53,1.2876007556915283,1.2876007556915283,0.0
9e9808fe898648e1b0bbf09b1a30f0d4,288.87799072265625,292.26116943359375,-3.3831787109375
9f3355442ce347be804a9880d086ca8f,26.975444793701172,48.73444747924805,-21.759002685546875
9faf87fc638c492d87ccbdb48388450c,45.377769470214844,29.198230743408203,16.17953872680664
9fbc6ac2c75c479cbc125a7a50bbaf64,276.34454345703125,271.3111572265625,5.03338623046875
a0197f52509f48feb1292b78c9188d1f,2.0807642936706543,1.9144693613052368,0.16629493236541748
a05edf71b4b14052bb477918d0997c88,3.526885509490967,1.2465976476669312,2.2802878618240356
a0c1b7a7cec84f6f8e2955ac370637ad,0.14181457459926605,0.14181457459926605,0.0
a0cf9d95c8af48b9aa1aaedc52d1b41c,58.09431076049805,58.688621520996094,-0.5943107604980469
a0edf6edd121431785948038c54e036e,28.180862426757812,36.2177734375,-8.036911010742188
a27511294c014c34bea679aae0d35735,0.8607752919197083,3.168281078338623,-2.307505786418915
a3037fd8331e47d48357d5250fbd8aa6,1.8400218486785889,10.06050968170166,-8.220487833023071
a442b57b3e044dbcbe729bf3db01af36,7.30206298828125,6.250758647918701,1.0513043403625488
a62e12cf09b94b25a116bf70cf35e861,16.405071258544922,16.405071258544922,0.0
a687809bdfff490198d3b39bfc4bd42b,15.664607048034668,15.973431587219238,-0.3088245391845703
a71b19643dbc488e97323303442d1a21,13.071449279785156,13.071449279785156,0.0
a7795dcadad44c1c85fa27eef18366f6,110.82328796386719,82.8844223022461,27.938865661621094
a79c34821835458ca58d97b687602ab1,91.08317565917969,89.21157836914062,1.8715972900390625
a92511954d004ec9922e75be59fbb109,6.645975112915039,4.404427528381348,2.2415475845336914
a9549839ca344c5d81df2325736374bf,120.17813110351562,122.8393783569336,-2.6612472534179688
a9b8176bf0b546a4bc46afc631979805,28.215322494506836,39.201595306396484,-10.986272811889648
a9e6b3566fcd4effb8847e22a2a4577e,24.985679626464844,24.985679626464844,0.0
a9e8805b699142f78346ca02570450f9,1.8550291061401367,1.974836826324463,-0.11980772018432617
aa126aada7ec4a46b23162e57a7a023f,297.0838623046875,285.3525390625,11.7313232421875
aaac0015dd724fbfa7c52edc33a64dc1,108.2650146484375,111.16796112060547,-2.9029464721679688
aadec83b3fa24b9c87651c3d2ac53035,0.5300266742706299,0.5300266742706299,0.0
abccb4eda68e441d893861429fdd5605,2.045431137084961,1.3522319793701172,0.6931991577148438
ac22e12d11f84b6a98faa260bdaa64ff,3.4878907203674316,1.8990283012390137,1.588862419128418
ac83bf9a407f40ec8182fb5d2ba88444,1.219102382659912,1.4665932655334473,-0.24749088287353516
ad61033aa6e44659966bb4065f50abbc,1.7738075256347656,0.9391880035400391,0.8346195220947266
ae3d3b5cb4424e7ab501a5d6f0a4980a,292.4340515136719,272.0907897949219,20.34326171875
ae4e0c3aa3f24c91aab599e8b54e9264,1.0642966032028198,1.0642966032028198,0.0
aee1e33b4ca74ae4a761fa072f92b577,12.88080883026123,12.064310073852539,0.8164987564086914
b006ca82a2654951ae8f42300f66f3c4,67.79629516601562,49.76921081542969,18.027084350585938
b008a79c9b33493ea958075001f1d72a,0.0911576896905899,0.0911576896905899,0.0
b04b95006e24460bacaaf80e299dff01,152.19992065429688,152.19992065429688,0.0
b0a2fb669af14c0289675261bee29949,145.55984497070312,145.55984497070312,0.0
b0c254b0902d464798cc86878317ec06,3.242540121078491,3.242540121078491,0.0
b10f0cd792b64d16a1a5e8349b20504c,20.378768920898438,19.38543701171875,0.9933319091796875
b11dc3efe66e4cf4b316b6c11b9b0158,2.2938826084136963,5.484720230102539,-3.1908376216888428
b13f8b7a3b5d40f197d11b1f68100015,33.19832229614258,38.43946838378906,-5.241146087646484
b143df90cc734dd780de782bdd261ab1,34.19024658203125,34.19024658203125,0.0
b1eea1e3d59e4afdaa6d29481480d974,119.7550277709961,122.96817016601562,-3.2131423950195312
b214d0d42c404d4f925aa56ee9cac607,0.6265290975570679,3.4666104316711426,-2.8400813341140747
b2a10e8a03c843f69a00bc872fc18170,0.19906628131866455,15.941539764404297,-15.742473483085632
b2fecdf10a404d94a049c91f20eaddf3,28.304473876953125,22.40748405456543,5.896989822387695
b32f383e87e246669013e90202455df7,5.972344398498535,6.090379238128662,-0.11803483963012695
b32fbd9e38c74aaf9ca5e733d359281c,282.9437561035156,306.9190368652344,-23.97528076171875
b3d9bac351554cc98cdafe751f3d437a,5.398677825927734,13.34363079071045,-7.944952964782715
b3f975c461014d0e841c56a20a180f7f,13.225730895996094,13.225730895996094,0.0
b43de5e578944891bf9433166bd974c2,1.8521634340286255,6.113162517547607,-4.260999083518982
b5fd72c8c35c4b7bb656f4e9d5b8fe52,75.08831787109375,61.19444274902344,13.893875122070312
b660b9573c9e46b086245e5c23ccf7fe,9.238260269165039,5.334270477294922,3.903989791870117
b687fc34af774f64a1d3f91aa486b740,39.112369537353516,66.57319641113281,-27.460826873779297
b7d899dbb6264d7bada8daff326556ce,5.67474365234375,5.67474365234375,0.0
b7f4a3b32d654cc2b69c1c260a5f34a0,216.83560180664062,10.136780738830566,206.69882106781006
b8002d4effb540c0b1bb70addf423f32,12.535926818847656,17.44887924194336,-4.912952423095703
b83e2b71e78244dea5693836ca0a8ccc,0.3807692527770996,0.765720009803772,-0.38495075702667236
b85ef7111b8c46069e51bc0d905ad8c8,5.937502384185791,5.644162654876709,0.29333972930908203
b90fba92889749a69ec4235b8edec06f,141.75296020507812,143.40435791015625,-1.651397705078125
b923744651764ed194ddf7526b9b2cf6,2.1705474853515625,2.438967704772949,-0.2684202194213867
b92936f399d5405fb98d6f8a2298a504,58.00873565673828,59.005828857421875,-0.9970932006835938
b966442a32c24683829cb74c30e6e21d,2.102179527282715,3.4270434379577637,-1.3248639106750488
b9db804449d34414ba98868e9034abd3,5.841402530670166,8.545859336853027,-2.7044568061828613
ba6527487d5042b2bd4fb8e503918d29,35.596710205078125,7.43299674987793,28.163713455200195
ba94cb79ebc74614bc2442185cb53c26,1.0929439067840576,1.0929439067840576,0.0
bb4f4d9a36754178a62d5dfbd55998b9,32.05282211303711,32.05282211303711,0.0
bcdcc52ce4614abea760880e5645eefc,7.607950210571289,4.050780296325684,3.5571699142456055
bdc86a9c8b2742039a4d07b1074e2ae4,8.258806228637695,8.417192459106445,-0.15838623046875
bdcb762d6df842358056925b1143e961,269.94793701171875,296.0335693359375,-26.08563232421875
bdf525c2d1d841199bf52a46e91e5d5e,2.7859349250793457,3.1109390258789062,-0.32500410079956055
be3fb86ba1a846719241b051d3ec4385,62.756107330322266,54.726829528808594,8.029277801513672
beee295d6f3645208fb6763f8c415323,4.665505409240723,0.2970925569534302,4.3684128522872925
bf5592d0c9e54957a9a3c627013ae32d,5.736568450927734,4.634398460388184,1.1021699905395508
c086941272e24fefad3e65d65760aed4,3.87990140914917,3.713841438293457,0.1660599708557129
c0a6034c27fe43488476d9a15140e398,36.137916564941406,36.272769927978516,-0.13485336303710938
c0cd427afacb4c2bb974461eec1dbd79,237.37660217285156,3.6108479499816895,233.76575422286987
c0efe2319882495b9d13add1d352bee4,82.36663055419922,57.69673156738281,24.669898986816406
c10dfcf73ed84179b8915990fa6464a5,16.912076950073242,13.285028457641602,3.6270484924316406
c1ab33c3994041ceae32b0fe1b51e611,6.192797660827637,13.564521789550781,-7.3717241287231445
c1c270bc79c94005af29078bd0cda1b5,1.6012052297592163,4.229159355163574,-2.627954125404358
c292d90b90ec4dbd826dfd11aa361df1,43.60307312011719,57.020633697509766,-13.417560577392578
c2e56200cb7d46b6a93fb4ec389f4ba9,1.1915911436080933,1.1915911436080933,0.0
c36eb85918a84a788e236f5c9eef2b05,19.250736236572266,15.739097595214844,3.511638641357422
c3ab884d58ff4822b6debfdbae4ef0a5,8.337778091430664,11.917877197265625,-3.580099105834961
c7686b765fcf4212a0c9f7611a2236f2,27.608322143554688,29.028379440307617,-1.4200572967529297
c818a482aa4b41128c8b3bd773ae6504,36.98930740356445,48.2827033996582,-11.29339599609375
c83fb640e909437d80981a7c4338265d,24.624542236328125,27.441726684570312,-2.8171844482421875
c8b6a861ef0445cd8bef18eb2b7f9e89,0.2659999132156372,0.7559143304824829,-0.4899144172668457
c93b4d390af34c32b681f52d224dc01f,3.1033687591552734,2.9808316230773926,0.12253713607788086
cac56fc7411b4bfca61e56d4244faecc,122.4266357421875,118.23258972167969,4.1940460205078125
cae55f0935cb448d9527042acf104ad0,6.948795795440674,2.517639636993408,4.431156158447266
cb39369c45bf4fd0be41ab5fb995494b,4.142050266265869,1.6884453296661377,2.4536049365997314
cb7c92011a4c48a2a201cd2dc9fb7488,94.02478790283203,96.18470764160156,-2.1599197387695312
cb8f79c86c884d07a82d6cb7fbeaf75c,52.83655548095703,50.48582458496094,2.3507308959960938
cbde405b33b946bd9e1796cb78c12731,4.500327110290527,4.500327110290527,0.0
cc0a7d86675248779f21b34ae891159c,0.2990621328353882,0.8334948420524597,-0.5344327092170715
cc175ce81d9448c9b797dd81e1981460,1.440544843673706,1.4349112510681152,0.00563359260559082
cc50000970584ba5aaf14760b1ced696,79.2497329711914,80.38473510742188,-1.1350021362304688
cd908fdce67249f3a8a14b987f00592e,8.183740615844727,18.67551040649414,-10.491769790649414
cdd29238803446ba84398ca3a4292c19,1.97707200050354,1.97707200050354,0.0
ce77d3d2915543dc8b8b2408d407f7b5,33.840965270996094,23.18024444580078,10.660720825195312
cf86af90b622499b8214df0024a6ea29,266.92510986328125,274.73358154296875,-7.8084716796875
cffb959327ac42ad866a5f8829e18187,281.13739013671875,278.62109375,2.51629638671875
d00b9230860e4f4199bcbf9678438447,0.34352898597717285,0.34352898597717285,0.0
d09b065aa1c74e31b0742ec36052f9c9,291.08538818359375,281.31109619140625,9.7742919921875
d0b2eb773b2a4f9c8a25c655d5deffbd,2.6293716430664062,8.167951583862305,-5.538579940795898
d0dc3c18dfc64c779bc9e4ee6e9e2e3b,0.00023046880960464478,0.00023046880960464478,0.0
d11f2c7391984c91b68ebd8efaef6f30,10.118444442749023,5.409502983093262,4.708941459655762
d20b00f4db5f46d081ce884d84f39d3e,304.3984375,303.213623046875,1.184814453125
d22de14af8cc4007994efda8354c939b,300.7803955078125,295.6255187988281,5.154876708984375
d41e43b5f85b4c8298180efc246d529e,17.704483032226562,17.704483032226562,0.0
d43144192b63485894f7ef174cdbecac,46.604515075683594,67.86080169677734,-21.25628662109375
d5324133e1d241658a7b763831b3af2e,282.5098876953125,282.5098876953125,0.0
d5c86824b36b4dbba467399bf3123d90,41.06669998168945,93.72128295898438,-52.65458297729492
d5d6c0c464bc490cb251a7f1d41c6665,1.8233431577682495,1.8785967826843262,-0.05525362491607666
d617daef46b24ba39fcc80e8f767b082,22.804405212402344,7.680610179901123,15.12379503250122
d6515448fc1e4af98571ae1663b33efe,35.50889587402344,35.50889587402344,0.0
d66a316ffd914123b6324efc5b30c15b,1.191532850265503,1.438516616821289,-0.24698376655578613
d6e16562bd2a4778b4789b3b66431e74,43.78474807739258,40.42674255371094,3.3580055236816406
d73b8f7d5b574b2ea0f11de439db47d9,4.622570991516113,4.622570991516113,0.0
d773c946a192406c83ed0980f776d1a8,78.06963348388672,97.74354553222656,-19.673912048339844
d8230413dcd947d8bb19287931a618d7,304.2843933105469,297.76263427734375,6.521759033203125
d8a6a5c6a7c444a9aba383526e5e1161,0.5604312419891357,0.4430868625640869,0.11734437942504883
d8ff67e7cda741f0ac2d7525dd26d208,2.9396414756774902,10.294095039367676,-7.3544535636901855
d91511762a3649fe9977ef72f1b6982f,12.39034652709961,7.87814998626709,4.5121965408325195
d95b9559fb6f46d89e065b2be43595bb,6.49444055557251,6.675398349761963,-0.18095779418945312
d96de08343d248809556faa746c70968,27.903533935546875,5.693270683288574,22.2102632522583
d9b482ce80634d5a819aac651c1e31d3,1.6924827098846436,1.1369976997375488,0.5554850101470947
da3ef456918149c5a22ff069dd97b7d7,36.96026611328125,41.21332550048828,-4.253059387207031
da74550a10a8408299d7e6b1735963ae,268.7467041015625,272.84063720703125,-4.09393310546875
dac52a02f54c4677b0a6b4a28e2c56a1,68.21188354492188,56.42485809326172,11.787025451660156
dc878ebb5b1e43eb9442d9361854613e,153.82223510742188,152.7075958251953,1.1146392822265625
dce33c96ffdb4802a69f6d7d530a4f09,56.73585891723633,59.56993103027344,-2.8340721130371094
dd0789b8c39340289a053eea9e3b16d7,0.27069252729415894,0.2536969780921936,0.016995549201965332
de52afcc66d9450da5f07b10977e0493,271.11199951171875,263.44158935546875,7.67041015625
ded088a5ef664ca687fd0e8c1e4bda1d,2.3384850025177,5.8674821853637695,-3.5289971828460693
ded4f73ce5494ba89d258c0217bc50ca,4.187480926513672,4.07558012008667,0.11190080642700195
deeef8bef80344a49ac174c4787ed9a4,37.86490249633789,107.69657897949219,-69.8316764831543
df87d08ce3644995bc7ad5721a725899,22.997085571289062,22.997085571289062,0.0
e08e07dcca544d99b739e512f6b704ed,17.439796447753906,64.83143615722656,-47.391639709472656
e13ec49d20974a01942b83317fcbfa46,20.811532974243164,22.186115264892578,-1.374582290649414
e14dc295bf8f4cca8bbea7fa0068b6ef,3.6580913066864014,4.577296733856201,-0.9192054271697998
e14e81f029e6490ab1bdba51b6dd7054,10.570162773132324,7.8684563636779785,2.7017064094543457
e19007f8d28a4590b249b6025bd8f4d1,21.91874122619629,8.241378784179688,13.677362442016602
e26feac8d43d4eed9a11e739b0d4264b,11.939437866210938,4.856817722320557,7.082620143890381
e2c7c91b4ea2462090d866539ff6b9e5,15.365823745727539,12.814943313598633,2.5508804321289062
e30706e0581348c2b5b76deed01672ec,303.99041748046875,301.6239013671875,2.36651611328125
e35b8b29c8b742ecbff086c39c87875a,3.7762279510498047,1.0232794284820557,2.752948522567749
e380df67fa3d49c7add4657b69605cdc,15.486794471740723,15.486794471740723,0.0
e4437a15cc6a4c82b8cb1e21c439baa5,2.690979480743408,8.069522857666016,-5.378543376922607
e4908d7239ad42cbafe3281cbb86b1b0,3.3400425910949707,3.856707811355591,-0.5166652202606201
e4b197f5dff84cfd882d0d0dd29403eb,7.360196113586426,7.360196113586426,0.0
e4df3ac5874d49b7a3553035cd735902,64.23566436767578,102.31724548339844,-38.081581115722656
e568b88df00a4c19960ff2b83ca5630d,8.426881790161133,4.90159273147583,3.5252890586853027
e5bb15af564245e99b4def0019b2b045,4.478316307067871,0.9217157363891602,3.556600570678711
e5ef83bd8b8e4ba986e7d8a43591994f,76.8309555053711,77.04476165771484,-0.21380615234375
e617edf72860495abd928aaf57dfa5fa,81.56315612792969,85.96570587158203,-4.402549743652344
e6bf9e3dc50149ba8cdce44e52f82fb9,129.9699249267578,104.11112976074219,25.858795166015625
e6c7e16f831d4807befccae91f7df830,3.004478931427002,1.977604866027832,1.02687406539917
e7438081ad0545299e8c703a8dd33ffa,9.536811828613281,9.536811828613281,0.0
e8038e0f57c445f0a91111dd2c9052a3,75.97834777832031,32.52775955200195,43.45058822631836
e84aea79175942398074b3f7f93f7fea,15.513891220092773,15.513891220092773,0.0
e93e98b63d3b40209056d129dc53ceee,1.846741795539856,1.7928364276885986,0.053905367851257324
eaad6827a3c44cdab111ea7d912c9947,81.02438354492188,72.54749298095703,8.476890563964844
eac9992171c446dabf9d738c23a96cde,3.180610418319702,2.783515453338623,0.3970949649810791
eaf2f8cfe79e4558900f140452f299a1,60.67093276977539,56.412845611572266,4.258087158203125
eb4b6de953e247bcafe77dffd79bc8ed,149.76470947265625,149.76470947265625,0.0
ec82914025214e10b88b887d91adf6e7,49.49179458618164,49.49179458618164,0.0
ecaea9ca526a43a984e46bff7ea85204,8.129701614379883,5.649597644805908,2.4801039695739746
ecc288c7de6746348af26a0b368a945d,39.20794677734375,32.88649368286133,6.321453094482422
f00e0c9a763b4b11b88becf115af6387,29.00035858154297,26.92079734802246,2.079561233520508
f216d7a4ff5345dbbbb8b27dce4f0953,9.283710479736328,2.759343385696411,6.524367094039917
f286cdaef36648cba3b6a24d2178dc8a,25.346893310546875,19.440082550048828,5.906810760498047
f41862469f33424eb660258e9392c4f4,53.73539733886719,13.968711853027344,39.766685485839844
f5193e87e04547808e974d88fed8159e,4.5051093101501465,30.33401870727539,-25.828909397125244
f56a544064a548a39a81f18cc8f633c5,11.746726989746094,10.933422088623047,0.8133049011230469
f59eb1486a3141e3b5cc615dcfa83e52,4.739335060119629,4.122644901275635,0.6166901588439941
f5a38abe0b404babb18bca1f0adf60b6,25.937063217163086,31.94461441040039,-6.007551193237305
f6a82d4677144b92bcce7d8a013889a8,0.510654866695404,4.672541618347168,-4.161886751651764
f6dc7d8ea5bd4b84938579f60488bee5,10.340583801269531,10.927178382873535,-0.5865945816040039
f73dfd9690d74d3a9af2667bf3dd9481,145.36399841308594,145.36399841308594,0.0
f7a001c474d844618d4c6fb15dc16b8c,9.84600830078125,9.84600830078125,0.0
f91ec82037fb47ccbac160cb5de453bf,54.92988204956055,51.15200424194336,3.7778778076171875
f9438d42bb944364b5a75d6c5d0bc758,8.536084175109863,10.10340690612793,-1.5673227310180664
f9475d1f1f96401c81ce511a93578a96,86.7222900390625,65.2278060913086,21.494483947753906
f965ad5d2ee94318b2dd1ac927a37856,290.25689697265625,306.05572509765625,-15.798828125
f9e3162f45db4bf5bc7f9360a831d2e4,4.609822750091553,4.609822750091553,0.0
fa88c561566341479ad9bfcd557b096b,9.171356201171875,2.811359405517578,6.359996795654297
facb1d12888a40438207e3505d107cc4,8.602618217468262,7.715433120727539,0.8871850967407227
fb879538cc574e5094ccc39fa2953ef5,4.319278717041016,9.86016845703125,-5.540889739990234
fb90e4c770134c2ebbfb7312f08e059e,9.90593147277832,9.90593147277832,0.0
fbbad6309f1543f78634e49c50dfb779,296.34246826171875,294.4600830078125,1.88238525390625
fbc2727b0f35414f88d956bc63345af0,275.9405822753906,311.79522705078125,-35.854644775390625
fcd37961086342abaf431243971cbc9b,13.372838020324707,13.372838020324707,0.0
fd12f683aa444ceea85633f5f72b7d3d,1.0887384414672852,33.93044662475586,-32.841708183288574
fd27366f4f1c4df3ae73e27f8d469db1,3.9771435260772705,1.2126439809799194,2.764499545097351
fd534bf0c87d4d4cb891f0fc6f41a6a9,122.74542236328125,113.1243896484375,9.62103271484375
fd612e8660e74196af7da7e6487e5d53,85.59757995605469,85.22626495361328,0.37131500244140625
fd7fed4b72f645ad886c561410662e33,147.62222290039062,147.33828735351562,0.283935546875
fd8420396768425eabec9bdddf7e64b6,19.134931564331055,20.53336524963379,-1.3984336853027344
fd9610de75464b4f9a7a32837634a2c9,17.3031063079834,9.69352912902832,7.609577178955078
fd96de719c3a4ca3869bf96166095368,21.153596878051758,21.153596878051758,0.0
fe944294f6a44b87a4da95136f86bb79,12.002340316772461,23.952884674072266,-11.950544357299805
ff98be19bcf9436cad14f28ff63cb501,51.79307174682617,45.091285705566406,6.701786041259766
ffb68ec5043b45f499086fd8c24dc2b6,2.32145619392395,3.9636216163635254,-1.6421654224395752
