cell,arch,identical,max_abs_score_diff,eta20_official,eta20_refit
nuScenes|oracle|brake|J,gate_ridge,True,0.0,0.20217108660263017,0.20217108660263017
nuScenes|oracle|brake|J,gate_gbm,True,0.0,-0.06013962803689725,-0.06013962803689725
nuScenes|oracle|brake|J,R1_mlp_reg,True,0.0,0.18580179832831845,0.18580179832831845
nuScenes|oracle|brake|J,R1_mlp_clf,True,0.0,0.13072451855751852,0.13072451855751852
nuScenes|oracle|brake|J,R1_gbm_reg,True,0.0,0.31722929948753875,0.31722929948753875
nuScenes|oracle|brake|J,R1_gbm_clf,True,0.0,0.35483437329742334,0.35483437329742334
nuScenes|oracle|plan_ade|JC_ade,gate_ridge,True,0.0,-0.08372217133918496,-0.08372217133918496
nuScenes|oracle|plan_ade|JC_ade,gate_gbm,True,0.0,-0.13478833453055686,-0.13478833453055686
nuScenes|oracle|plan_ade|JC_ade,R1_mlp_reg,True,0.0,-0.06034190950035627,-0.06034190950035627
nuScenes|oracle|plan_ade|JC_ade,R1_mlp_clf,True,0.0,0.04638566028854274,0.04638566028854274
nuScenes|oracle|plan_ade|JC_ade,R1_gbm_reg,True,0.0,-0.10987772467015096,-0.10987772467015096
nuScenes|oracle|plan_ade|JC_ade,R1_gbm_clf,True,0.0,-0.06382007457371967,-0.06382007457371967
nuScenes|oracle|plan_fde|JC_fde,gate_ridge,True,0.0,-0.013077775202718649,-0.013077775202718649
nuScenes|oracle|plan_fde|JC_fde,gate_gbm,True,0.0,-0.21301692640251485,-0.21301692640251485
nuScenes|oracle|plan_fde|JC_fde,R1_mlp_reg,True,0.0,0.10705249163704837,0.10705249163704837
nuScenes|oracle|plan_fde|JC_fde,R1_mlp_clf,True,0.0,0.18186591110092737,0.18186591110092737
nuScenes|oracle|plan_fde|JC_fde,R1_gbm_reg,True,0.0,-0.04939200307473224,-0.04939200307473224
nuScenes|oracle|plan_fde|JC_fde,R1_gbm_clf,True,0.0,0.20232613820483877,0.20232613820483877
nuScenes|mono|brake|J,gate_ridge,True,0.0,0.2513530972218521,0.2513530972218521
nuScenes|mono|brake|J,gate_gbm,True,0.0,0.2744455725425959,0.2744455725425959
nuScenes|mono|brake|J,R1_mlp_reg,True,0.0,0.0805396730425995,0.0805396730425995
nuScenes|mono|brake|J,R1_mlp_clf,True,0.0,0.25747500455152644,0.25747500455152644
nuScenes|mono|brake|J,R1_gbm_reg,True,0.0,0.2705794578062933,0.2705794578062933
nuScenes|mono|brake|J,R1_gbm_clf,True,0.0,0.25256421635077797,0.25256421635077797
nuScenes|mono|plan_ade|JC_ade,gate_ridge,True,0.0,0.021792383987890244,0.021792383987890244
nuScenes|mono|plan_ade|JC_ade,gate_gbm,True,0.0,0.08862901548960772,0.08862901548960772
nuScenes|mono|plan_ade|JC_ade,R1_mlp_reg,True,0.0,0.13636997476716792,0.13636997476716792
nuScenes|mono|plan_ade|JC_ade,R1_mlp_clf,True,0.0,0.13504024890663607,0.13504024890663607
nuScenes|mono|plan_ade|JC_ade,R1_gbm_reg,True,0.0,0.1370489784501209,0.1370489784501209
nuScenes|mono|plan_ade|JC_ade,R1_gbm_clf,True,0.0,0.12064650888375544,0.12064650888375544
nuScenes|mono|plan_fde|JC_fde,gate_ridge,True,0.0,-0.06447427028240947,-0.06447427028240947
nuScenes|mono|plan_fde|JC_fde,gate_gbm,True,0.0,-0.03966268572963357,-0.03966268572963357
nuScenes|mono|plan_fde|JC_fde,R1_mlp_reg,True,0.0,0.16550149368443937,0.16550149368443937
nuScenes|mono|plan_fde|JC_fde,R1_mlp_clf,True,0.0,0.11421619310145305,0.11421619310145305
nuScenes|mono|plan_fde|JC_fde,R1_gbm_reg,True,0.0,0.034216223502314944,0.034216223502314944
nuScenes|mono|plan_fde|JC_fde,R1_gbm_clf,True,0.0,0.017543014222165716,0.017543014222165716
KITTI|oracle|brake|J,gate_ridge,True,0.0,0.23358204690953963,0.23358204690953963
KITTI|oracle|brake|J,gate_gbm,True,0.0,0.2013597056903986,0.2013597056903986
KITTI|oracle|brake|J,R1_mlp_reg,True,0.0,0.2385842173630035,0.2385842173630035
KITTI|oracle|brake|J,R1_mlp_clf,True,0.0,0.2944599313668216,0.2944599313668216
KITTI|oracle|brake|J,R1_gbm_reg,True,0.0,0.2730397235270348,0.2730397235270348
KITTI|oracle|brake|J,R1_gbm_clf,True,0.0,0.3486827082780155,0.3486827082780155
KITTI|oracle|traj|JB,gate_ridge,True,0.0,0.45595489004931256,0.45595489004931256
KITTI|oracle|traj|JB,gate_gbm,True,0.0,0.5750197548262174,0.5750197548262174
KITTI|oracle|traj|JB,R1_mlp_reg,True,0.0,0.4089410950023817,0.4089410950023817
KITTI|oracle|traj|JB,R1_mlp_clf,True,0.0,0.46436139690971423,0.46436139690971423
KITTI|oracle|traj|JB,R1_gbm_reg,True,0.0,0.48527628659454836,0.48527628659454836
KITTI|oracle|traj|JB,R1_gbm_clf,True,0.0,0.485957209844271,0.485957209844271
KITTI|mono|brake|J,gate_ridge,True,0.0,0.14930733082883615,0.14930733082883615
KITTI|mono|brake|J,gate_gbm,True,0.0,0.11341785944589929,0.11341785944589929
KITTI|mono|brake|J,R1_mlp_reg,True,0.0,0.17441354498483397,0.17441354498483397
KITTI|mono|brake|J,R1_mlp_clf,True,0.0,0.16844804900571136,0.16844804900571136
KITTI|mono|brake|J,R1_gbm_reg,True,0.0,0.203208438970616,0.203208438970616
KITTI|mono|brake|J,R1_gbm_clf,True,0.0,0.2200246211351387,0.2200246211351387
KITTI|mono|traj|JB,gate_ridge,True,0.0,0.12530580770444688,0.12530580770444688
KITTI|mono|traj|JB,gate_gbm,True,0.0,0.25894652526682105,0.25894652526682105
KITTI|mono|traj|JB,R1_mlp_reg,True,0.0,0.21338535030208974,0.21338535030208974
KITTI|mono|traj|JB,R1_mlp_clf,True,0.0,0.3367546667377614,0.3367546667377614
KITTI|mono|traj|JB,R1_gbm_reg,False,1.1102230246251565e-16,0.2826693245661487,0.2826693245661487
KITTI|mono|traj|JB,R1_gbm_clf,True,0.0,0.1148179589379224,0.1148179589379224
nuPlan|n/a|pdm_closed|safety,gate_ridge,True,0.0,0.9921085889806255,0.9921085889806255
nuPlan|n/a|pdm_closed|safety,gate_gbm,True,0.0,0.9921085889806255,0.9921085889806255
nuPlan|n/a|pdm_closed|safety,R1_mlp_reg,True,0.0,0.1434503857702971,0.1434503857702971
nuPlan|n/a|pdm_closed|safety,R1_mlp_clf,True,0.0,-0.06672041948463618,-0.06672041948463618
nuPlan|n/a|pdm_closed|safety,R1_gbm_reg,True,0.0,0.07183403692296864,0.07183403692296864
nuPlan|n/a|pdm_closed|safety,R1_gbm_clf,True,0.0,0.06897925171245935,0.06897925171245935
nuPlan|n/a|pdm_closed|scalar_J,gate_ridge,True,0.0,0.9881693559402288,0.9881693559402288
nuPlan|n/a|pdm_closed|scalar_J,gate_gbm,True,0.0,0.9893573565223529,0.9893573565223529
nuPlan|n/a|pdm_closed|scalar_J,R1_mlp_reg,True,0.0,0.14051048827290885,0.14051048827290885
nuPlan|n/a|pdm_closed|scalar_J,R1_mlp_clf,True,0.0,0.2775625847881968,0.2775625847881968
nuPlan|n/a|pdm_closed|scalar_J,R1_gbm_reg,True,0.0,0.06457820953947828,0.06457820953947828
nuPlan|n/a|pdm_closed|scalar_J,R1_gbm_clf,True,0.0,0.07226030595436043,0.07226030595436043
nuPlan|n/a|idm|safety,gate_ridge,True,0.0,,
nuPlan|n/a|idm|safety,gate_gbm,True,0.0,,
nuPlan|n/a|idm|safety,R1_mlp_reg,True,0.0,,
nuPlan|n/a|idm|safety,R1_mlp_clf,True,0.0,,
nuPlan|n/a|idm|safety,R1_gbm_reg,True,0.0,,
nuPlan|n/a|idm|safety,R1_gbm_clf,True,0.0,,
nuPlan|n/a|idm|scalar_J,gate_ridge,True,0.0,0.056206833299475525,0.056206833299475525
nuPlan|n/a|idm|scalar_J,gate_gbm,True,0.0,0.0,0.0
nuPlan|n/a|idm|scalar_J,R1_mlp_reg,True,0.0,0.030775317321001854,0.030775317321001854
nuPlan|n/a|idm|scalar_J,R1_mlp_clf,True,0.0,0.937578840322055,0.937578840322055
nuPlan|n/a|idm|scalar_J,R1_gbm_reg,True,0.0,0.0,0.0
nuPlan|n/a|idm|scalar_J,R1_gbm_clf,True,0.0,0.05920998476215632,0.05920998476215632
